country,crop_type,disease_name,avg_disease_probability,avg_yield_loss_percent,avg_economic_loss_usd_per_hectare,avg_food_security_impact_score,records
Mexico,Barley,Barley Mosaic Virus,0.7126303030303031,50.344848484848484,20443.785454545457,70.11060606060606,33
Mexico,Carrot,Carrot Mosaic Virus,0.7101641025641026,51.28487179487179,17706.835128205126,70.84025641025642,39
Mexico,Guava,Guava Mosaic Virus,0.7030552631578948,50.05657894736842,20162.177894736844,68.41,38
Mexico,Rice,Rice Tungro Virus,0.7028241379310345,49.6551724137931,20850.48551724138,70.1444827586207,29
Mexico,Cotton,Cotton Leaf Curl Virus,0.6997020408163266,50.281020408163265,22985.88918367347,70.00204081632653,49
Kenya,Banana,Panama Disease,0.6989469387755102,48.84122448979591,20381.62020408163,67.21408163265306,49
Papua New Guinea,Banana,Panama Disease,0.6966423076923077,47.464999999999996,19990.520576923074,64.38865384615384,52
Mexico,Cauliflower,Cauliflower Mosaic Virus,0.6948342857142856,49.578857142857146,18926.431428571428,68.78571428571429,35
Papua New Guinea,Potato,Late Blight,0.6947439024390244,49.020487804878044,19006.06243902439,65.44829268292683,41
Mexico,Cocoa,Cocoa Mosaic Virus,0.6945378378378378,49.45351351351351,19212.155135135134,69.03405405405405,37
Vietnam,Banana,Panama Disease,0.6939310344827586,47.80896551724138,18759.414655172415,64.08672413793104,58
Indonesia,Banana,Panama Disease,0.6914262295081968,47.967213114754095,19898.548524590162,64.7195081967213,61
Mexico,Pea,Pea Mosaic Virus,0.6909189189189189,48.86,18156.205405405406,68.90486486486486,37
Iran,Cotton,Cotton Leaf Curl Virus,0.6902999999999999,48.21140350877193,17659.48894736842,68.28087719298246,57
Morocco,Tomato,Tomato Yellow Leaf Curl Virus,0.6882764705882353,47.44764705882353,19782.10382352941,67.96970588235295,34
Mexico,Okra,Okra Mosaic Virus,0.6880894736842106,49.83894736842105,19876.46815789474,69.36578947368422,38
Mexico,Tomato,Bacterial Wilt,0.6852162162162163,48.95243243243243,17935.044864864867,68.57405405405405,37
Ghana,Banana,Panama Disease,0.6851618181818182,48.458181818181814,21261.185999999998,65.80036363636364,55
Thailand,Tomato,Tomato Yellow Leaf Curl Virus,0.6821176470588235,47.185,19217.372647058826,66.09794117647058,34
Bangladesh,Banana,Panama Disease,0.6816928571428571,45.731607142857136,15742.045892857142,62.309821428571425,56
South Africa,Tomato,Tomato Yellow Leaf Curl Virus,0.6807323529411765,48.63794117647059,20917.588529411765,68.36441176470588,34
Mexico,Garlic,Garlic Mosaic Virus,0.6806078947368421,49.090526315789475,18831.899210526317,68.17105263157895,38
Ethiopia,Tomato,Tomato Yellow Leaf Curl Virus,0.6799621621621622,46.324864864864864,16918.566216216215,64.19513513513515,37
Indonesia,Rice,Rice Blast,0.6798793103448276,48.91172413793104,18218.548620689657,65.0303448275862,29
Egypt,Garlic,Garlic Mosaic Virus,0.6798433333333332,50.19566666666666,19851.746666666666,69.82066666666667,30
Mexico,Banana,Panama Disease,0.6785599999999999,48.239,18491.7148,67.8292,50
Colombia,Banana,Panama Disease,0.6779235294117647,47.93333333333333,19008.284705882354,65.76588235294118,51
India,Rice,Rice Blast,0.6776029411764706,46.131470588235295,18386.21676470588,64.38,34
Ethiopia,Banana,Panama Disease,0.6774241935483871,47.607419354838704,19921.90193548387,64.79403225806452,62
Pakistan,Cauliflower,Cauliflower Mosaic Virus,0.6773114285714286,49.026857142857146,17792.018571428573,69.30685714285714,35
Australia,Carrot,Carrot Mosaic Virus,0.6772837209302326,48.24116279069767,17486.42558139535,68.51232558139534,43
Mexico,Canola,Canola Mosaic Virus,0.6770153846153847,47.121538461538464,18989.581025641026,66.66538461538461,39
Brazil,Cotton,Cotton Leaf Curl Virus,0.6769471698113207,47.77679245283019,18778.478113207548,65.72283018867924,53
Thailand,Banana,Panama Disease,0.676871875,48.22265625,21720.611875,66.06375,64
Mexico,Tomato,Tomato Yellow Leaf Curl Virus,0.6767522727272728,48.205,19556.381363636363,66.73681818181818,44
Nigeria,Cotton,Cotton Leaf Curl Virus,0.676626,47.577799999999996,19911.2072,64.99340000000001,50
Egypt,Barley,Barley Mosaic Virus,0.6757193548387096,47.969032258064516,22487.454838709677,67.44967741935484,31
South Africa,Cotton,Cotton Leaf Curl Virus,0.6745233333333334,47.775666666666666,17524.609333333334,67.82283333333334,60
Brazil,Rice,Rice Blast,0.6743842105263158,47.47289473684211,19174.07,64.90105263157893,38
Brazil,Carrot,Carrot Mosaic Virus,0.6743542857142857,47.90657142857143,21858.824857142856,66.04971428571429,35
Indonesia,Potato,Late Blight,0.6741450980392156,47.08862745098039,21170.169215686274,63.15588235294117,51
Mexico,Sorghum,Sorghum Mosaic Virus,0.673367441860465,47.825581395348834,19086.751395348838,66.85883720930232,43
Brazil,Potato,Late Blight,0.6729843137254903,47.60647058823529,19620.96137254902,65.05333333333333,51
Colombia,Tomato,Tomato Yellow Leaf Curl Virus,0.6728951219512195,45.73853658536585,17443.691219512195,63.94853658536585,41
Mexico,Millet,Millet Mosaic Virus,0.6716457142857143,49.53628571428571,16436.86457142857,68.48257142857142,35
Colombia,Okra,Okra Mosaic Virus,0.67127,49.05925,19228.29025,66.40675,40
Mexico,Mung Bean,Mung Bean Mosaic Virus,0.670997619047619,46.9602380952381,19769.768333333333,66.79857142857142,42
Nigeria,Tomato,Tomato Yellow Leaf Curl Virus,0.6707121212121212,47.119393939393944,19702.847878787878,65.19515151515152,33
Pakistan,Millet,Millet Mosaic Virus,0.6703806451612904,48.42967741935484,19001.946129032258,67.90483870967742,31
Egypt,Cotton,Cotton Leaf Curl Virus,0.6702673469387755,47.381020408163266,19119.073469387753,66.89408163265306,49
Colombia,Rice,Rice Blast,0.6700820512820512,45.14769230769231,19610.133846153847,63.48564102564103,39
Ghana,Potato,Late Blight,0.6700425925925926,47.15611111111111,18077.623888888887,65.2262962962963,54
Brazil,Banana,Panama Disease,0.6697311111111112,46.47866666666667,18958.316,64.08133333333333,45
Bangladesh,Potato,Late Blight,0.6696830188679246,47.06415094339623,21885.345471698114,62.71433962264151,53
Kenya,Sorghum,Sorghum Mosaic Virus,0.6692636363636364,46.513939393939395,17979.894545454546,64.2390909090909,33
Bangladesh,Tomato,Bacterial Wilt,0.6685342857142856,45.962857142857146,19099.097142857143,62.322,35
Nigeria,Banana,Panama Disease,0.668168,46.0366,19332.8796,63.648,50
India,Cotton,Cotton Leaf Curl Virus,0.6678905660377359,47.484716981132074,18266.576226415094,65.3554716981132,53
Australia,Tomato,Tomato Yellow Leaf Curl Virus,0.6674777777777778,48.692,19719.242000000002,67.64866666666667,45
Nigeria,Potato,Late Blight,0.6672173076923078,47.355576923076924,16420.80692307692,64.96057692307691,52
Brazil,Tomato,Tomato Yellow Leaf Curl Virus,0.6671722222222223,46.12972222222223,21195.911944444444,63.239444444444445,36
Pakistan,Barley,Barley Mosaic Virus,0.6666216216216216,48.28108108108108,21128.109189189192,67.66,37
Nigeria,Chickpea,Ascochyta Blight,0.665825,46.92166666666667,18818.452314814815,64.38101851851852,108
Vietnam,Potato,Late Blight,0.6657304347826087,47.02565217391304,17443.335652173915,63.74065217391305,46
India,Pea,Pea Mosaic Virus,0.6656333333333334,48.49666666666667,16635.27545454545,65.63060606060606,33
Iran,Cauliflower,Cauliflower Mosaic Virus,0.6654714285714286,46.28885714285714,16303.122000000001,65.77428571428571,35
Kenya,Tomato,Tomato Yellow Leaf Curl Virus,0.6653780487804878,46.2190243902439,17158.00243902439,64.42170731707317,41
Mexico,Potato,Late Blight,0.6652491525423728,48.111355932203395,18910.390847457627,67.10338983050848,59
Iran,Tomato,Tomato Yellow Leaf Curl Virus,0.6648325581395349,47.51395348837209,20961.85395348837,66.83348837209303,43
Mexico,Pomegranate,Pomegranate Mosaic Virus,0.6647938775510204,47.710408163265306,18693.512857142858,66.90877551020408,49
Pakistan,Carrot,Carrot Mosaic Virus,0.6644448275862068,47.69862068965517,20818.21793103448,67.07655172413793,29
South Africa,Rice,Rice Tungro Virus,0.6639565217391304,46.38173913043478,17970.80804347826,65.48086956521739,46
Thailand,Canola,Canola Mosaic Virus,0.663675,46.32611111111111,18511.4575,63.583333333333336,36
Indonesia,Tomato,Bacterial Wilt,0.6634170731707317,46.29463414634146,19144.982195121953,62.91878048780488,41
Bangladesh,Sugarcane,Red Rot,0.6632744680851064,47.04276595744681,19910.7085106383,63.17063829787234,47
Egypt,Millet,Millet Mosaic Virus,0.6627136363636363,47.92136363636364,16843.449318181818,67.47409090909092,44
Egypt,Pomegranate,Pomegranate Mosaic Virus,0.6623048780487805,47.296341463414635,21222.41512195122,66.46243902439025,41
Colombia,Pomegranate,Pomegranate Mosaic Virus,0.6617939393939395,46.40969696969697,18323.697575757575,63.76424242424242,33
Nigeria,Rice,Rice Tungro Virus,0.661603125,47.185625,19192.266875,64.4771875,32
Morocco,Barley,Barley Mosaic Virus,0.6615027777777778,46.654444444444444,18438.722222222223,66.24416666666667,36
Pakistan,Garlic,Garlic Mosaic Virus,0.6613176470588236,47.08,20977.496470588234,66.53088235294118,34
Papua New Guinea,Cotton,Cotton Leaf Curl Virus,0.6602107142857143,45.21071428571429,19711.84392857143,61.63482142857142,56
Morocco,Guava,Guava Mosaic Virus,0.6600074074074074,47.45111111111111,20134.576296296298,67.3788888888889,27
Papua New Guinea,Tomato,Bacterial Wilt,0.6599885714285714,46.37657142857143,16337.683714285713,63.651428571428575,35
Ethiopia,Potato,Late Blight,0.6598531914893617,45.26510638297872,19509.071063829786,63.427446808510645,47
Thailand,Potato,Late Blight,0.6597418181818182,46.03909090909091,18758.474181818183,64.02054545454546,55
Kenya,Mung Bean,Mung Bean Mosaic Virus,0.6591767441860465,45.774883720930234,13898.733720930233,63.656976744186046,43
Bangladesh,Tomato,Tomato Yellow Leaf Curl Virus,0.6591057142857143,45.51771428571429,19210.491428571426,61.64428571428572,35
Morocco,Millet,Millet Mosaic Virus,0.6589717948717949,47.83794871794872,19434.997179487178,67.15512820512821,39
Pakistan,Cotton,Cotton Leaf Curl Virus,0.65891,46.68416666666667,22978.363,65.79533333333333,60
Kenya,Millet,Millet Mosaic Virus,0.6587818181818181,46.90090909090909,16839.627878787876,63.770606060606056,33
Colombia,Coffee,Coffee Leaf Rust,0.6582453703703705,45.69314814814815,18253.45537037037,62.82898148148148,108
South Africa,Cocoa,Cocoa Mosaic Virus,0.6581027027027027,46.987027027027025,18550.455405405406,66.0308108108108,37
Papua New Guinea,Banana,Black Sigatoka,0.6579107142857143,45.440178571428575,19762.621785714287,62.112142857142864,56
Morocco,Pomegranate,Pomegranate Mosaic Virus,0.6579,46.17,18427.081842105265,66.18368421052632,38
Nigeria,Pea,Pea Mosaic Virus,0.6578472222222222,46.96611111111111,18135.90111111111,64.71944444444445,36
Pakistan,Tomato,Tomato Yellow Leaf Curl Virus,0.6576139534883721,46.75023255813954,19606.650930232558,66.02279069767442,43
Papua New Guinea,Cocoa,Cocoa Mosaic Virus,0.6576111111111111,44.794444444444444,17940.845555555556,60.853333333333325,36
Kenya,Barley,Barley Mosaic Virus,0.6575931818181818,44.757045454545455,19578.574318181818,61.74886363636363,44
India,Cotton,Cotton Wilt,0.6574981818181818,46.13945454545455,19025.140545454546,64.03018181818182,55
Pakistan,Mung Bean,Mung Bean Mosaic Virus,0.65729375,47.441874999999996,20810.89875,66.7203125,32
India,Banana,Panama Disease,0.6572156862745098,46.72607843137255,15028.34568627451,64.11529411764707,51
Iran,Okra,Okra Mosaic Virus,0.6572111111111112,47.30222222222223,18476.64861111111,66.88777777777779,36
Ethiopia,Millet,Millet Mosaic Virus,0.6570264705882353,46.822941176470586,19053.871176470588,64.82323529411764,34
Thailand,Cocoa,Cocoa Mosaic Virus,0.6568785714285713,45.511785714285715,21431.3075,63.19892857142857,28
Colombia,Cotton,Cotton Leaf Curl Virus,0.6567115384615385,46.322884615384616,19338.925576923077,63.50711538461538,52
Ethiopia,Cauliflower,Cauliflower Mosaic Virus,0.6566844444444444,45.41133333333333,20609.784222222224,63.13355555555556,45
Colombia,Sorghum,Sorghum Mosaic Virus,0.6566714285714286,45.82607142857143,19736.202142857142,64.12892857142857,28
Australia,Pomegranate,Pomegranate Mosaic Virus,0.656602380952381,46.199523809523804,20434.20904761905,65.91761904761904,42
Ethiopia,Pea,Pea Mosaic Virus,0.6565162790697674,46.92325581395349,18711.227674418606,64.98046511627906,43
Thailand,Okra,Okra Mosaic Virus,0.6563612903225807,46.25419354838709,19749.802258064516,63.90870967741936,31
India,Mung Bean,Mung Bean Mosaic Virus,0.6562758620689655,46.5803448275862,17194.786551724137,63.97724137931034,29
South Africa,Cauliflower,Cauliflower Mosaic Virus,0.6559411764705882,46.646470588235296,18134.485588235293,65.62470588235294,34
Ghana,Canola,Canola Mosaic Virus,0.6558105263157895,45.59789473684211,18814.483947368422,63.897894736842105,38
Thailand,Soybean,Soybean Rust,0.6557638888888889,46.387129629629634,17529.500092592592,63.70768518518519,108
South Africa,Okra,Okra Mosaic Virus,0.6556871794871795,46.664358974358976,20838.918717948716,65.83717948717948,39
Kenya,Carrot,Carrot Mosaic Virus,0.6556514285714286,46.20428571428572,18512.411142857145,63.73057142857143,35
Nigeria,Tomato,Bacterial Wilt,0.6554,45.60787878787879,17681.535757575755,63.170909090909085,33
Ethiopia,Coffee,Coffee Leaf Rust,0.6553527777777778,45.32509259259259,18287.570648148147,62.9212037037037,108
Ghana,Rice,Rice Blast,0.6552518518518519,46.76592592592593,18570.507407407407,64.63259259259259,27
Australia,Rice,Rice Tungro Virus,0.6550186046511628,46.62604651162791,19082.09,66.05720930232559,43
Egypt,Rice,Rice Tungro Virus,0.6549578947368421,45.79552631578947,18695.180526315788,65.44973684210527,38
Australia,Barley,Barley Mosaic Virus,0.6547512195121951,46.93951219512195,20855.153170731708,66.94170731707317,41
Kenya,Rice,Rice Tungro Virus,0.6546484848484848,47.986060606060605,21547.508181818182,65.70545454545456,33
Ethiopia,Banana,Black Sigatoka,0.6546369565217391,47.01652173913044,19399.398260869566,64.36130434782608,46
South Africa,Garlic,Garlic Mosaic Virus,0.6546131578947368,47.205,20714.09947368421,66.22605263157895,38
Ethiopia,Wheat,Wheat Rust,0.6545961538461539,45.89980769230769,17840.88673076923,63.84384615384616,52
Australia,Canola,Canola Mosaic Virus,0.6545285714285715,47.92657142857143,24026.59657142857,67.76714285714286,35
Iran,Garlic,Garlic Mosaic Virus,0.6542805555555556,46.55888888888889,20777.45472222222,65.61416666666668,36
Ethiopia,Tomato,Tomato Early Blight,0.6540807692307692,45.986538461538466,21341.953846153847,63.71076923076923,26
Iran,Rice,Rice Tungro Virus,0.6539825,46.834500000000006,18621.391,65.659,40
Ethiopia,Guava,Guava Mosaic Virus,0.6538642857142857,46.35892857142857,19606.602142857144,63.019285714285715,28
Indonesia,Soybean,Soybean Rust,0.6536685185185185,44.626018518518514,17662.67787037037,61.42944444444444,108
Vietnam,Cotton,Cotton Leaf Curl Virus,0.6536320754716981,45.80754716981132,18841.330188679247,62.81943396226415,53
Kenya,Cotton,Cotton Leaf Curl Virus,0.6530679245283019,45.78,22150.629056603775,63.69641509433962,53
Pakistan,Okra,Okra Mosaic Virus,0.6527923076923077,46.14557692307692,18722.073653846153,65.82288461538461,52
Morocco,Pea,Pea Mosaic Virus,0.6527641025641026,46.602051282051285,16452.5241025641,65.44025641025641,39
Morocco,Mung Bean,Mung Bean Mosaic Virus,0.6527419354838709,46.99967741935484,19994.54129032258,66.69645161290323,31
South Africa,Pea,Pea Mosaic Virus,0.6527333333333334,44.70487179487179,20242.197179487182,64.10102564102564,39
Ukraine,Potato,Late Blight,0.6527181818181819,45.18568181818182,20191.172272727275,62.39818181818182,44
Morocco,Cocoa,Cocoa Mosaic Virus,0.6527119047619048,48.26428571428571,18496.205714285716,67.80404761904762,42
Kenya,Banana,Black Sigatoka,0.6526084745762712,46.57,19723.39186440678,63.63135593220339,59
Vietnam,Rice,Rice Tungro Virus,0.6525114285714286,44.46628571428571,18931.48742857143,61.487142857142864,35
Pakistan,Guava,Guava Mosaic Virus,0.6523722222222221,46.785,21336.181666666667,66.22472222222223,36
Brazil,Banana,Black Sigatoka,0.6521095238095238,44.801587301587304,17549.13714285714,62.94079365079365,63
Ghana,Cotton,Cotton Leaf Curl Virus,0.6519396226415094,45.181132075471695,20408.620000000003,62.61283018867925,53
Bangladesh,Rice,Bacterial Leaf Blight,0.6518647058823529,45.269705882352945,22639.39588235294,61.07588235294117,34
Morocco,Cotton,Cotton Leaf Curl Virus,0.6518288461538462,47.548269230769236,19166.13653846154,67.15365384615384,52
Bangladesh,Soybean,Soybean Rust,0.6514324074074074,45.55046296296296,20999.825833333332,61.261759259259264,108
Ghana,Tomato,Bacterial Wilt,0.6510885714285715,46.05542857142857,20537.009714285712,64.25085714285713,35
Australia,Okra,Okra Mosaic Virus,0.6510566666666667,48.132,20028.139000000003,67.16866666666667,30
Papua New Guinea,Mung Bean,Mung Bean Mosaic Virus,0.6508111111111111,44.10861111111112,15599.673333333332,60.192499999999995,36
Thailand,Pea,Pea Mosaic Virus,0.650698,44.556599999999996,19441.1834,62.4178,50
Egypt,Pea,Pea Mosaic Virus,0.6505702702702703,46.65837837837838,18376.913783783784,65.75432432432432,37
Kenya,Potato,Late Blight,0.6505571428571428,45.260535714285716,20941.827142857142,62.597321428571426,56
Colombia,Barley,Barley Mosaic Virus,0.6505542857142858,46.11914285714286,15169.306285714285,63.504,35
Kenya,Sugarcane,Red Rot,0.6505208333333333,45.48708333333334,18128.811875,62.793749999999996,48
South Africa,Barley,Barley Mosaic Virus,0.6504648648648649,47.12945945945946,16696.368648648648,66.92675675675676,37
Vietnam,Coffee,Coffee Leaf Rust,0.650461111111111,44.292129629629635,18760.413703703704,60.874722222222225,108
India,Garlic,Garlic Mosaic Virus,0.6503764705882353,46.04294117647059,20491.21411764706,64.3664705882353,34
Kenya,Canola,Canola Mosaic Virus,0.650296875,45.2440625,19164.20375,62.61875,32
India,Carrot,Carrot Mosaic Virus,0.6501073170731707,45.67609756097561,16346.846585365853,62.998292682926824,41
Mexico,Cabbage,Black Rot,0.6500861111111111,47.10527777777778,21358.781296296296,65.93268518518518,108
Brazil,Coffee,Coffee Leaf Rust,0.6500481481481482,45.813148148148144,18049.715648148147,63.08916666666667,108
India,Chickpea,Ascochyta Blight,0.6500342592592593,46.404259259259256,20804.582314814816,63.518425925925925,108
Vietnam,Rice,Rice Blast,0.6499793103448276,44.5648275862069,16954.785862068966,61.48310344827586,29
France,Banana,Panama Disease,0.6497056603773584,44.07528301886792,20953.243207547166,61.802452830188685,53
India,Soybean,Soybean Rust,0.6496564814814815,45.786574074074075,18097.783055555556,63.37953703703703,108
Thailand,Rice,Rice Blast,0.6496447368421052,45.865526315789474,20140.668421052633,63.352631578947374,38
Nigeria,Banana,Black Sigatoka,0.6494965517241379,46.21862068965517,21445.46793103448,63.55810344827586,58
Iran,Carrot,Carrot Mosaic Virus,0.6494242424242425,46.64787878787879,22268.977272727272,65.41303030303031,33
Vietnam,Pea,Pea Mosaic Virus,0.6493322580645161,44.91709677419355,16918.82129032258,61.53741935483871,31
Kenya,Garlic,Garlic Mosaic Virus,0.6491777777777777,44.531666666666666,16890.070555555558,62.603611111111114,36
Bangladesh,Citrus,Citrus Canker,0.6491777777777777,45.04296296296297,17066.639907407407,61.44074074074074,108
Brazil,Okra,Okra Mosaic Virus,0.6491566666666666,46.07266666666667,17825.78066666667,62.99933333333333,30
Vietnam,Soybean,Soybean Rust,0.6489944444444444,45.44166666666666,20121.75722222222,61.88444444444444,108
Egypt,Mung Bean,Mung Bean Mosaic Virus,0.64896,46.47371428571429,17677.07114285714,65.67057142857142,35
Indonesia,Millet,Millet Mosaic Virus,0.6489146341463414,46.170731707317074,20445.996829268293,62.5729268292683,41
Thailand,Cauliflower,Cauliflower Mosaic Virus,0.6488324324324324,47.057567567567574,21375.424594594595,64.45081081081081,37
Ghana,Barley,Barley Mosaic Virus,0.6487125,45.62975,18996.31075,62.874,40
Ethiopia,Sorghum,Sorghum Mosaic Virus,0.6485941176470588,44.593529411764706,19998.583235294118,62.12705882352942,34
Vietnam,Guava,Guava Mosaic Virus,0.6484257142857143,45.03342857142857,16768.54257142857,61.236285714285714,35
Colombia,Cauliflower,Cauliflower Mosaic Virus,0.648358064516129,44.11870967741935,18853.524516129033,61.41612903225807,31
Vietnam,Carrot,Carrot Mosaic Virus,0.6483448275862069,45.63551724137931,17138.078620689656,62.423793103448276,29
Thailand,Grapes,Downy Mildew,0.6480157407407406,45.13037037037037,18818.86611111111,62.62916666666666,108
India,Okra,Okra Mosaic Virus,0.6479315789473684,45.68157894736842,19014.685789473686,63.514736842105265,38
Pakistan,Rice,Rice Tungro Virus,0.6479069767441861,46.387674418604654,20156.087906976743,66.42232558139534,43
Ghana,Chickpea,Ascochyta Blight,0.6475,45.51314814814815,17017.99509259259,62.809444444444445,108
Kenya,Guava,Guava Mosaic Virus,0.6474448275862069,46.36965517241379,21541.973793103447,63.87,29
Colombia,Mung Bean,Mung Bean Mosaic Virus,0.6474378378378379,44.50945945945946,17356.477027027027,61.688378378378374,37
Australia,Mung Bean,Mung Bean Mosaic Virus,0.6474225806451613,47.03935483870968,16045.67129032258,65.53354838709677,31
Australia,Cocoa,Cocoa Mosaic Virus,0.6472148148148148,45.56111111111112,20711.844814814816,64.61925925925927,27
Bangladesh,Rice,Rice Blast,0.6472027777777778,44.37111111111111,18091.9325,61.20194444444444,36
Ghana,Mung Bean,Mung Bean Mosaic Virus,0.6471589743589744,46.14384615384615,17854.952051282053,64.04128205128205,39
Thailand,Barley,Barley Mosaic Virus,0.6471233333333333,45.85,18028.505666666668,62.968333333333334,30
Indonesia,Chickpea,Ascochyta Blight,0.6470259259259259,46.37046296296297,17896.104074074075,62.719537037037036,108
Mexico,Citrus,Citrus Canker,0.6469990740740741,46.01814814814815,19814.62175925926,64.7388888888889,108
Morocco,Rice,Rice Tungro Virus,0.6469799999999999,46.467333333333336,17941.630333333334,65.62833333333333,30
Indonesia,Cotton,Cotton Leaf Curl Virus,0.6468914285714286,44.709857142857146,19361.863142857143,60.870714285714286,70
Indonesia,Mango,Anthracnose,0.6466231481481481,44.815370370370374,17946.185185185186,60.746203703703706,108
Ghana,Garlic,Garlic Mosaic Virus,0.6465392857142856,45.220000000000006,20569.35357142857,61.96,28
Australia,Sorghum,Sorghum Mosaic Virus,0.646530303030303,45.93515151515152,20007.958181818183,64.87212121212121,33
Morocco,Canola,Canola Mosaic Virus,0.6465108108108109,46.43810810810811,20327.305135135135,65.23864864864865,37
India,Cauliflower,Cauliflower Mosaic Virus,0.6464634146341464,45.53756097560976,20701.426585365854,63.23804878048781,41
Egypt,Cocoa,Cocoa Mosaic Virus,0.6464268292682926,47.63121951219512,18268.994390243904,66.53243902439024,41
Spain,Tomato,Bacterial Wilt,0.6461891891891891,44.2345945945946,18346.111081081082,61.3345945945946,37
Brazil,Rice,Rice Tungro Virus,0.6461463414634147,44.60878048780488,18681.439512195124,62.11000000000001,41
Papua New Guinea,Coffee,Coffee Leaf Rust,0.646125,45.24777777777778,20759.128703703704,60.885555555555555,108
Brazil,Wheat,Wheat Rust,0.646012962962963,45.98703703703704,17096.17537037037,63.54111111111111,54
Brazil,Guava,Guava Mosaic Virus,0.6459999999999999,44.73710526315789,16783.441315789474,62.30263157894737,38
Brazil,Cotton,Cotton Wilt,0.6457872727272728,45.8130909090909,17824.67381818182,62.68163636363636,55
Ethiopia,Cocoa,Cocoa Mosaic Virus,0.6457032258064516,44.62580645161291,20736.08129032258,61.66548387096775,31
Colombia,Millet,Millet Mosaic Virus,0.64568,44.946333333333335,19456.65066666667,61.83533333333333,30
Australia,Cotton,Cotton Leaf Curl Virus,0.6456694915254236,46.126949152542366,17977.9093220339,65.32847457627119,59
Ethiopia,Okra,Okra Mosaic Virus,0.6456685714285715,44.64,19288.06342857143,61.83457142857143,35
Bangladesh,Coffee,Coffee Leaf Rust,0.6455648148148149,44.653055555555554,18773.46712962963,60.80768518518519,108
Bangladesh,Pea,Pea Mosaic Virus,0.645474358974359,46.90205128205128,18550.722307692307,62.923846153846156,39
Ethiopia,Barley,Barley Mosaic Virus,0.645474,44.303599999999996,17763.5382,62.2346,50
India,Sorghum,Sorghum Mosaic Virus,0.6453354838709678,44.70258064516129,20465.481935483873,61.266129032258064,31
Vietnam,Tomato,Bacterial Wilt,0.6453,44.72235294117647,16484.775294117648,60.866764705882346,34
Bangladesh,Mango,Anthracnose,0.645299074074074,45.27175925925926,19875.338240740737,61.010555555555555,108
Ethiopia,Cotton,Cotton Wilt,0.6452790322580645,44.296290322580646,17837.001129032258,61.79,62
Iran,Mung Bean,Mung Bean Mosaic Virus,0.6452766666666666,45.788333333333334,21125.498666666666,65.092,30
India,Rice,Rice Tungro Virus,0.64503,45.27825,18392.057500000003,63.07375,40
Ethiopia,Rice,Rice Blast,0.645,44.612,17579.26025,61.5025,40
Indonesia,Wheat,Wheat Rust,0.6446137931034482,44.15362068965517,18140.369137931033,60.01465517241379,58
Nigeria,Tomato,Tomato Early Blight,0.644602380952381,45.29261904761905,18439.304761904765,62.96476190476191,42
Brazil,Grapes,Downy Mildew,0.6444675925925927,45.44527777777778,19831.821111111112,62.65314814814815,108
Nigeria,Garlic,Garlic Mosaic Virus,0.6443974358974359,44.07692307692308,21343.01358974359,61.56692307692308,39
Egypt,Carrot,Carrot Mosaic Virus,0.6442972222222223,45.47388888888889,19240.781944444447,64.67944444444444,36
Morocco,Carrot,Carrot Mosaic Virus,0.6442378378378378,45.88513513513514,20926.397297297295,64.52135135135136,37
Thailand,Rice,Rice Tungro Virus,0.644109090909091,44.630303030303025,17524.773636363636,62.58545454545455,33
Ethiopia,Mung Bean,Mung Bean Mosaic Virus,0.6440441860465116,45.27162790697675,18764.417441860463,63.12325581395349,43
Colombia,Canola,Canola Mosaic Virus,0.6440357142857144,44.48428571428571,16523.304523809526,62.13428571428571,42
Ethiopia,Chickpea,Ascochyta Blight,0.6440259259259259,46.39962962962963,19313.01287037037,63.800925925925924,108
Ghana,Soybean,Soybean Rust,0.6439712962962963,45.91851851851852,18611.732870370368,63.58851851851852,108
Bangladesh,Rice,Rice Tungro Virus,0.6438315789473684,45.19421052631579,19420.234210526316,61.877105263157894,38
Vietnam,Wheat,Wheat Rust,0.6438222222222222,45.355000000000004,17453.053888888888,61.55203703703704,54
India,Cocoa,Cocoa Mosaic Virus,0.6437909090909091,44.77909090909091,16416.424545454545,63.49484848484848,33
Ghana,Rice,Rice Tungro Virus,0.643675,44.548541666666665,18804.095624999998,61.835625,48
South Africa,Sorghum,Sorghum Mosaic Virus,0.64364,46.63825,16256.5575,65.40825,40
Colombia,Chickpea,Ascochyta Blight,0.6435055555555556,45.32027777777778,20166.182314814814,62.71981481481481,108
Colombia,Pea,Pea Mosaic Virus,0.6434189189189189,45.08891891891892,21868.82108108108,63.2027027027027,37
Ghana,Cauliflower,Cauliflower Mosaic Virus,0.6433529411764706,45.15558823529412,17068.037352941177,61.82588235294117,34
India,Mango,Anthracnose,0.6433444444444445,45.08425925925926,18805.549074074075,62.53731481481481,108
Iran,Cocoa,Cocoa Mosaic Virus,0.643325,46.914375,17220.9253125,65.67625,32
Kenya,Rice,Rice Blast,0.6431416666666666,45.22666666666667,18957.315,63.02000000000001,36
Brazil,Cauliflower,Cauliflower Mosaic Virus,0.6427266666666667,45.87566666666667,19824.322666666667,63.53866666666667,30
Papua New Guinea,Wheat,Wheat Rust,0.6427018181818182,45.07018181818182,18231.473636363637,61.454181818181816,55
India,Potato,Late Blight,0.6426392857142857,45.591071428571425,18451.083035714288,63.48446428571429,56
Egypt,Tomato,Tomato Yellow Leaf Curl Virus,0.6425,45.424090909090914,18675.29340909091,64.42545454545456,44
Ghana,Mango,Anthracnose,0.6424898148148149,45.065000000000005,19064.666944444445,62.43907407407408,108
Nigeria,Cotton,Cotton Wilt,0.6424068965517241,43.686551724137935,20135.06655172414,61.49637931034483,58
China,Banana,Panama Disease,0.642233962264151,44.96188679245283,18767.273396226414,61.65830188679245,53
Thailand,Wheat,Wheat Rust,0.6422093023255814,45.087906976744186,16362.217441860465,62.53999999999999,43
Ghana,Sugarcane,Red Rot,0.6420888888888889,45.40685185185185,17447.541666666668,63.267222222222216,54
India,Tomato,Bacterial Wilt,0.6420757575757576,45.157575757575756,17963.51303030303,62.026969696969694,33
Nigeria,Carrot,Carrot Mosaic Virus,0.64205,44.7646875,17137.870625,61.6190625,32
Ethiopia,Mango,Anthracnose,0.642012037037037,44.60472222222223,17140.492685185185,61.87759259259259,108
Kenya,Soybean,Soybean Rust,0.6419925925925926,44.88564814814814,17239.34537037037,62.52222222222222,108
Colombia,Potato,Late Blight,0.6419344827586206,44.879482758620696,19757.80224137931,62.55344827586207,58
Thailand,Carrot,Carrot Mosaic Virus,0.6419058823529412,45.38117647058824,17856.325294117647,63.28205882352942,34
Thailand,Cotton,Cotton Leaf Curl Virus,0.6418999999999999,44.36603448275862,17608.964655172414,61.283793103448275,58
Vietnam,Mung Bean,Mung Bean Mosaic Virus,0.6418794117647059,44.30794117647059,19366.799705882353,60.60441176470589,34
South Africa,Carrot,Carrot Mosaic Virus,0.641565625,44.660625,18885.226875,63.959375,32
Nigeria,Sorghum,Sorghum Mosaic Virus,0.6414636363636363,44.294318181818184,17153.551136363636,61.89227272727272,44
Ghana,Cocoa,Cocoa Mosaic Virus,0.641418918918919,45.01513513513513,16549.83810810811,62.25918918918919,37
Indonesia,Tomato,Tomato Yellow Leaf Curl Virus,0.6413636363636364,44.79030303030303,16680.374545454546,60.43545454545454,33
Nigeria,Millet,Millet Mosaic Virus,0.6413621621621621,45.579459459459464,17913.243243243243,62.79135135135136,37
Indonesia,Rice,Bacterial Leaf Blight,0.6412864864864865,43.66567567567568,16450.13405405405,58.637297297297295,37
Ghana,Tomato,Tomato Yellow Leaf Curl Virus,0.6411757575757575,45.32151515151516,19430.332424242424,62.9839393939394,33
Brazil,Maize,Northern Corn Leaf Blight,0.6410944444444445,44.68833333333333,18150.545925925926,62.15648148148148,54
Bangladesh,Wheat,Wheat Rust,0.6409941176470588,44.08803921568627,20625.78450980392,60.561764705882354,51
Egypt,Sorghum,Sorghum Mosaic Virus,0.6409066666666667,45.18222222222222,17825.17088888889,64.29244444444444,45
Australia,Cauliflower,Cauliflower Mosaic Virus,0.6407425,47.01275,19261.29675,66.499,40
Ethiopia,Tomato,Bacterial Wilt,0.6406999999999999,45.15111111111111,16321.785777777777,61.834666666666664,45
Iran,Barley,Barley Mosaic Virus,0.6406368421052632,46.81657894736842,22782.19657894737,66.12657894736842,38
Indonesia,Citrus,Citrus Canker,0.6405009259259259,44.06092592592592,18974.1375,59.92472222222222,108
Thailand,Sugarcane,Red Rot,0.640274,44.7676,16748.444199999998,62.163199999999996,50
Papua New Guinea,Soybean,Soybean Rust,0.6402212962962963,44.15398148148148,17793.62638888889,59.86712962962962,108
Thailand,Cucumber,Downy Mildew,0.6400527777777777,44.829629629629636,19491.681666666667,62.411203703703706,108
Morocco,Garlic,Garlic Mosaic Virus,0.6399236842105264,46.044736842105266,18376.186315789473,64.80763157894737,38
Brazil,Barley,Barley Mosaic Virus,0.6398952380952381,45.16190476190476,20006.086904761905,62.87452380952381,42
Vietnam,Tomato,Tomato Yellow Leaf Curl Virus,0.6398658536585367,44.09463414634146,21321.13975609756,60.02414634146341,41
Vietnam,Chickpea,Ascochyta Blight,0.6396398148148149,44.846296296296295,20496.919537037036,60.64157407407407,108
Ukraine,Banana,Panama Disease,0.6396033333333333,44.78516666666667,19249.765166666664,62.29533333333334,60
Italy,Rice,Rice Blast,0.6393580645161291,45.86838709677419,19741.862903225807,63.269354838709674,31
Bangladesh,Chickpea,Ascochyta Blight,0.6392768518518518,44.42018518518518,17653.57796296296,60.415,108
Colombia,Carrot,Carrot Root Rot,0.6391425,44.312,17140.59175,61.36725,40
Brazil,Mango,Anthracnose,0.6390250000000001,44.95342592592593,18193.393333333333,62.36009259259259,108
Australia,Garlic,Garlic Mosaic Virus,0.6388738095238095,46.44261904761905,17814.91595238095,66.29190476190476,42
Nigeria,Soybean,Soybean Rust,0.638836111111111,44.93509259259259,20213.839814814815,62.07092592592593,108
Papua New Guinea,Pomegranate,Pomegranate Mosaic Virus,0.6387848484848484,44.026363636363634,18859.23212121212,60.27909090909091,33
Italy,Banana,Panama Disease,0.6385263157894737,44.8359649122807,20400.54561403509,62.21877192982456,57
Indonesia,Banana,Black Sigatoka,0.6385255319148936,44.44553191489362,18937.313404255317,60.62489361702127,47
Thailand,Cocoa,Cocoa Root Rot,0.6384826086956522,45.09934782608696,15298.14108695652,62.8345652173913,46
Nigeria,Coffee,Coffee Leaf Rust,0.638475925925926,44.76046296296296,19225.23796296296,62.41555555555556,108
Vietnam,Tomato,Tomato Early Blight,0.6383787878787879,45.28787878787879,19923.104545454546,60.90363636363636,33
Thailand,Cabbage,Black Rot,0.6382814814814814,44.834074074074074,18027.520555555555,61.97138888888889,108
Ethiopia,Rice,Rice Tungro Virus,0.6382135135135135,45.13216216216217,16504.186216216218,62.19513513513514,37
Vietnam,Okra,Okra Mosaic Virus,0.6380950000000001,45.334500000000006,17326.920000000002,61.07725000000001,40
Iran,Canola,Canola Mosaic Virus,0.638,47.33896551724138,19442.129655172415,66.74586206896552,29
Indonesia,Cucumber,Downy Mildew,0.6379962962962963,44.187592592592594,18095.779814814814,60.42629629629629,108
Iran,Millet,Millet Mosaic Virus,0.6378607142857142,46.083571428571425,14735.2325,65.05357142857143,28
Vietnam,Pomegranate,Pomegranate Mosaic Virus,0.6375485714285715,45.14742857142858,21390.24257142857,60.966857142857144,35
Colombia,Soybean,Soybean Rust,0.6375240740740741,45.23138888888889,19795.927962962964,62.7799074074074,108
China,Sorghum,Sorghum Mosaic Virus,0.6374333333333334,45.41366666666667,17280.546,62.68033333333333,30
Thailand,Cotton,Cotton Wilt,0.6372720000000001,44.0712,21925.1464,61.348800000000004,50
India,Banana,Black Sigatoka,0.6372122807017544,45.68736842105263,19644.627719298245,63.15157894736842,57
Ethiopia,Grapes,Downy Mildew,0.6372,44.8237962962963,18829.623703703703,61.73138888888889,108
India,Canola,Canola Mosaic Virus,0.637184375,45.6896875,16025.6759375,63.3746875,32
Papua New Guinea,Guava,Guava Mosaic Virus,0.6371552631578947,44.72578947368421,18104.363421052632,60.73342105263158,38
Colombia,Banana,Black Sigatoka,0.6369912280701755,45.62754385964912,22857.551228070173,63.0919298245614,57
Vietnam,Sorghum,Sorghum Mosaic Virus,0.6369583333333333,45.63944444444444,19888.16833333333,61.541111111111114,36
Thailand,Potato,Early Blight,0.6369528301886792,45.362641509433956,20028.118867924528,62.6911320754717,53
Bangladesh,Cotton,Cotton Leaf Curl Virus,0.6367859649122807,43.09157894736842,20223.76561403509,59.52228070175438,57
Morocco,Okra,Okra Mosaic Virus,0.6366864864864865,45.99945945945946,20152.271081081082,65.3072972972973,37
Bangladesh,Sorghum,Sorghum Mosaic Virus,0.6366738095238096,44.17357142857143,19670.03976190476,59.935,42
Argentina,Guava,Guava Mosaic Virus,0.6366705882352941,44.786764705882355,21121.362058823528,61.93529411764706,34
Brazil,Soybean,Soybean Rust,0.6365990740740741,45.085,20683.204074074074,62.07037037037038,108
South Africa,Banana,Panama Disease,0.6365542372881355,45.55542372881356,21029.015762711864,64.57203389830508,59
Ghana,Millet,Millet Mosaic Virus,0.6365487804878049,44.856585365853654,22616.97268292683,62.34878048780488,41
Thailand,Tomato,Tomato Early Blight,0.6365416666666667,45.20611111111111,19779.47611111111,62.727777777777774,36
Papua New Guinea,Cabbage,Black Rot,0.636487962962963,43.95268518518519,18754.36296296296,60.18,108
India,Coffee,Coffee Leaf Rust,0.6364157407407407,44.04842592592593,18773.366944444442,61.56453703703704,108
Ghana,Cotton,Cotton Wilt,0.6362709090909091,44.12436363636364,16016.309818181819,61.247090909090915,55
Papua New Guinea,Garlic,Garlic Mosaic Virus,0.6362441176470588,44.00794117647059,17163.145588235293,59.94558823529412,34
New Zealand,Tomato,Tomato Yellow Leaf Curl Virus,0.6362263157894738,45.080789473684206,18363.32789473684,62.33342105263158,38
Colombia,Cotton,Cotton Wilt,0.6362107142857143,45.026428571428575,17111.12125,62.40446428571429,56
Thailand,Citrus,Citrus Canker,0.6361314814814816,44.72814814814815,19018.110185185185,62.06231481481482,108
Ukraine,Millet,Millet Mosaic Virus,0.6360435897435897,43.725641025641025,17249.78769230769,60.669230769230765,39
Bangladesh,Cotton,Cotton Wilt,0.6358823529411765,45.65607843137255,18698.90568627451,61.062745098039215,51
Papua New Guinea,Potato,Early Blight,0.6358298507462686,44.05298507462687,18293.204925373135,60.53462686567165,67
Egypt,Guava,Guava Mosaic Virus,0.6358157894736842,45.107894736842105,16198.82947368421,63.57473684210527,38
South Africa,Millet,Millet Mosaic Virus,0.6357609756097561,45.396829268292684,21004.58487804878,63.76146341463414,41
Ethiopia,Citrus,Citrus Canker,0.6356101851851852,44.065925925925924,21694.34574074074,61.184814814814814,108
India,Barley,Barley Mosaic Virus,0.6355057142857142,44.359428571428566,19932.747714285717,60.731428571428566,35
Colombia,Citrus,Citrus Canker,0.635412037037037,44.85166666666666,18418.601203703704,62.317962962962966,108
Brazil,Garlic,Garlic Mosaic Virus,0.6353951219512195,43.94121951219512,18356.07219512195,60.728292682926835,41
Indonesia,Rice,Rice Tungro Virus,0.6353619047619047,43.171190476190475,21026.698333333334,59.328571428571436,42
France,Potato,Late Blight,0.6353120689655173,43.92793103448276,16709.696379310346,61.46913793103448,58
Ghana,Grapes,Downy Mildew,0.6352194444444444,44.408055555555556,17791.390277777777,62.04018518518519,108
Ethiopia,Canola,Canola Mosaic Virus,0.6351348837209302,44.96953488372093,17001.918604651164,62.24837209302325,43
South Africa,Pomegranate,Pomegranate Mosaic Virus,0.6350170731707316,44.964390243902436,17055.493902439026,64.55073170731707,41
Indonesia,Cabbage,Black Rot,0.6348712962962964,44.52462962962963,18687.482962962964,60.65351851851852,108
Indonesia,Coffee,Coffee Leaf Rust,0.6348037037037038,44.40240740740741,19684.939722222225,60.0325,108
Ethiopia,Sugarcane,Smut,0.6347574074074074,43.695,18181.210925925927,61.406666666666666,54
Kenya,Mango,Anthracnose,0.6346907407407407,44.769999999999996,17936.048796296298,61.946296296296296,108
Colombia,Carrot,Carrot Mosaic Virus,0.634639393939394,46.02363636363636,16208.83090909091,62.959393939393934,33
Indonesia,Sorghum,Sorghum Mosaic Virus,0.6346066666666667,44.22633333333333,17854.42166666667,60.02633333333333,30
Bangladesh,Cabbage,Black Rot,0.6345796296296297,44.21824074074074,18841.038425925926,60.852222222222224,108
Kenya,Tomato,Bacterial Wilt,0.6345277777777778,44.675555555555555,20038.16833333333,61.472500000000004,36
Thailand,Chili,Anthracnose,0.634450925925926,44.18527777777778,18267.50064814815,61.66527777777778,108
Kenya,Chickpea,Ascochyta Blight,0.6344175925925926,45.279629629629625,19956.45805555556,62.19064814814815,108
Mexico,Rice,Rice Blast,0.6343763157894737,46.92184210526316,21779.43605263158,65.95526315789475,38
Turkey,Garlic,Garlic Mosaic Virus,0.6343694444444444,44.7275,19096.915833333333,61.63361111111111,36
Ukraine,Tomato,Bacterial Wilt,0.6343189189189189,44.524054054054055,20276.432702702703,61.76783783783783,37
Ghana,Carrot,Carrot Mosaic Virus,0.6342829268292683,43.978292682926835,18823.956585365853,61.808292682926826,41
Colombia,Rice,Rice Tungro Virus,0.634209375,44.239375,23179.874375,62.149375,32
Indonesia,Barley,Barley Mosaic Virus,0.6341666666666667,44.157575757575756,20345.119090909087,60.34,33
Colombia,Garlic,Garlic Mosaic Virus,0.6341625,43.260000000000005,19567.548749999998,60.99325,40
Kenya,Chili,Anthracnose,0.6339722222222222,45.19157407407407,18704.37759259259,62.18361111111111,108
India,Chili,Anthracnose,0.6338148148148148,44.78037037037037,18644.964444444442,62.37722222222222,108
South Africa,Mung Bean,Mung Bean Mosaic Virus,0.63379375,44.3078125,20898.514375,62.955625,32
Kenya,Grapes,Downy Mildew,0.6337111111111111,44.881018518518516,18842.849074074074,62.1375,108
Vietnam,Citrus,Citrus Canker,0.6336462962962963,43.56703703703703,19667.659074074076,59.87324074074075,108
Papua New Guinea,Cotton,Cotton Wilt,0.633626923076923,43.97076923076923,17662.18673076923,60.62692307692308,52
Kenya,Cauliflower,Cauliflower Mosaic Virus,0.633525,45.27075,18983.67775,63.284749999999995,40
Pakistan,Cocoa,Cocoa Mosaic Virus,0.6334472222222223,45.04611111111112,17221.52388888889,63.60972222222223,36
Bangladesh,Pomegranate,Pomegranate Root Rot,0.6334055555555556,43.36361111111111,14771.370555555555,59.521388888888886,36
Egypt,Okra,Okra Mosaic Virus,0.6334,46.19555555555556,20009.623888888887,65.02444444444444,36
Italy,Rice,Rice Tungro Virus,0.6333794117647059,45.83176470588235,21161.296764705883,61.86911764705883,34
Papua New Guinea,Chickpea,Ascochyta Blight,0.6332861111111112,44.37972222222223,18449.718425925927,60.48324074074074,108
Ghana,Coffee,Coffee Leaf Rust,0.6332083333333333,44.32388888888889,16779.281666666666,61.94453703703704,108
Nigeria,Cucumber,Downy Mildew,0.6331537037037037,44.74074074074074,20145.784444444445,61.95935185185185,108
Brazil,Millet,Millet Mosaic Virus,0.633125,44.3109375,20702.392499999998,62.355625,32
Ethiopia,Soybean,Soybean Rust,0.6330666666666667,43.975,19430.08861111111,61.50537037037037,108
Brazil,Chili,Anthracnose,0.6330574074074073,45.181296296296296,18400.616944444442,62.44342592592593,108
Nigeria,Canola,Canola Mosaic Virus,0.6330257142857143,45.21057142857143,18561.629714285715,62.44085714285714,35
Indonesia,Tomato,Tomato Early Blight,0.6329558823529411,43.983823529411765,20490.275294117648,60.501176470588234,34
Nigeria,Wheat,Wheat Rust,0.6329276595744681,45.91340425531914,19087.483191489362,62.900000000000006,47
Ethiopia,Carrot,Carrot Mosaic Virus,0.632871052631579,43.37973684210527,16986.79052631579,60.41052631578947,38
Papua New Guinea,Millet,Millet Mosaic Virus,0.6328,43.816,17937.751666666667,59.722,30
Thailand,Mango,Anthracnose,0.6327722222222222,44.64944444444445,19341.153981481482,61.96157407407408,108
Nigeria,Citrus,Citrus Canker,0.6327083333333333,43.916666666666664,19015.39287037037,61.229629629629635,108
Brazil,Tomato,Tomato Early Blight,0.6325176470588235,44.32823529411765,20092.972058823532,61.93176470588235,34
Brazil,Sorghum,Sorghum Mosaic Virus,0.63248125,44.086875,19320.7715625,61.6728125,32
India,Sugarcane,Red Rot,0.6324052631578947,45.62280701754386,19356.55456140351,63.02912280701754,57
Iran,Potato,Late Blight,0.6323716666666667,45.4195,16990.7285,64.25116666666666,60
Nigeria,Pomegranate,Pomegranate Mosaic Virus,0.632190625,43.8675,18732.3846875,61.783125,32
Papua New Guinea,Chili,Anthracnose,0.6321675925925926,44.19861111111111,17466.03611111111,60.17324074074074,108
Italy,Tomato,Tomato Yellow Leaf Curl Virus,0.6321533333333333,44.27433333333333,20096.345333333335,61.445,30
Bangladesh,Wheat,Powdery Mildew,0.632138596491228,44.31982456140351,20487.252631578947,60.15771929824561,57
Bangladesh,Sorghum,Sorghum Root Rot,0.6320931034482759,43.56413793103448,15894.009655172415,59.782758620689656,29
Nigeria,Barley,Barley Mosaic Virus,0.6320117647058823,44.387058823529415,19634.03705882353,61.70794117647059,34
Ethiopia,Potato,Early Blight,0.6319442622950819,43.87934426229508,16287.445901639343,61.51754098360656,61
Brazil,Tomato,Bacterial Wilt,0.6318921052631579,44.895,19178.963684210525,62.22736842105263,38
Vietnam,Cauliflower,Cauliflower Mosaic Virus,0.631765909090909,43.76704545454545,21057.12181818182,59.93477272727273,44
Kenya,Wheat,Powdery Mildew,0.6317377358490567,44.53603773584906,19142.55056603774,62.61679245283019,53
Kenya,Coffee,Coffee Leaf Rust,0.6316250000000001,43.81842592592593,18392.87138888889,60.94509259259259,108
South Africa,Canola,Canola Mosaic Virus,0.6315766666666666,45.056333333333335,14946.473333333333,63.76866666666667,30
Bangladesh,Chili,Anthracnose,0.6314814814814815,44.73694444444445,20150.445740740743,60.801111111111105,108
Ethiopia,Cotton,Cotton Leaf Curl Virus,0.6314413043478261,44.2604347826087,17602.873695652175,61.57478260869566,46
Iran,Pea,Pea Mosaic Virus,0.6314022727272728,45.29,19842.916363636363,64.46545454545455,44
Nigeria,Mango,Anthracnose,0.6313675925925927,44.45037037037037,18185.990462962964,61.81074074074075,108
India,Tomato,Tomato Yellow Leaf Curl Virus,0.6312973684210527,44.92236842105263,18425.084210526315,61.83947368421053,38
Papua New Guinea,Carrot,Carrot Root Rot,0.6312800000000001,43.37,17651.117000000002,58.85875,40
Australia,Guava,Guava Mosaic Virus,0.6312452380952381,45.59357142857143,20911.39738095238,63.862380952380946,42
Colombia,Cabbage,Black Rot,0.6312212962962962,44.372499999999995,19525.610925925925,61.6575925925926,108
Italy,Sorghum,Sorghum Mosaic Virus,0.6311641025641026,45.08948717948718,20177.438461538462,62.268974358974354,39
USA,Banana,Panama Disease,0.6310071428571428,44.30017857142857,18464.42357142857,61.479642857142856,56
Vietnam,Grapes,Downy Mildew,0.6309879629629629,43.741388888888885,18601.95537037037,59.68509259259259,108
Brazil,Mung Bean,Mung Bean Mosaic Virus,0.6308416666666666,45.255833333333335,18161.73138888889,63.41972222222223,36
Colombia,Tomato,Tomato Early Blight,0.6307705882352942,44.86323529411764,21972.864705882355,62.13235294117647,34
Kenya,Cocoa,Cocoa Mosaic Virus,0.6307,45.35342105263158,17443.334736842105,61.95684210526316,38
Thailand,Sugarcane,Smut,0.630698275862069,44.015344827586205,19729.75827586207,61.19948275862069,58
Ghana,Guava,Guava Mosaic Virus,0.6306028571428571,42.56742857142857,18208.608285714286,59.744571428571426,35
Thailand,Millet,Millet Mosaic Virus,0.6303522727272728,44.66977272727273,19826.75931818182,61.72772727272727,44
Nigeria,Maize,Maize Smut,0.6303352941176471,44.57019607843137,18596.512941176472,61.281960784313725,51
Nigeria,Potato,Early Blight,0.6303267857142857,43.91392857142857,16822.223928571428,61.128392857142856,56
Colombia,Grapes,Downy Mildew,0.6302851851851853,44.046851851851855,17155.21148148148,61.44444444444444,108
Brazil,Carrot,Carrot Root Rot,0.6300749999999999,44.2115625,16227.755000000001,61.4409375,32
Vietnam,Cabbage,Black Rot,0.6300675925925927,43.14888888888889,19865.66851851852,59.333518518518524,108
France,Cotton,Cotton Leaf Curl Virus,0.63005,44.80982758620689,19753.892068965517,62.040517241379305,58
Brazil,Cabbage,Black Rot,0.6300064814814815,45.107962962962965,19192.539722222224,62.408796296296295,108
France,Garlic,Garlic Mosaic Virus,0.6298137931034482,45.03551724137931,22722.620344827585,62.41827586206896,29
Morocco,Cauliflower,Cauliflower Mosaic Virus,0.6297151515151516,45.46393939393939,18861.991818181818,64.26636363636364,33
Kenya,Sugarcane,Smut,0.6296233333333333,44.18783333333333,19722.973833333333,61.45616666666667,60
Egypt,Canola,Canola Mosaic Virus,0.629575,45.199444444444445,19470.964722222223,63.822500000000005,36
Egypt,Cauliflower,Cauliflower Mosaic Virus,0.629471052631579,46.369473684210526,17728.338947368422,65.96131578947369,38
Nigeria,Sugarcane,Smut,0.6294,44.77153846153846,19539.547115384616,61.994038461538466,52
Ethiopia,Chili,Anthracnose,0.629162962962963,44.37175925925926,19018.929074074076,61.41935185185185,108
South Africa,Guava,Guava Mosaic Virus,0.6291545454545454,45.82212121212122,18160.067575757574,64.84666666666666,33
Nigeria,Grapes,Downy Mildew,0.6289157407407407,45.175925925925924,18722.73962962963,61.69851851851851,108
India,Wheat,Wheat Rust,0.6288779999999999,44.785599999999995,19310.2968,62.1554,50
India,Maize,Northern Corn Leaf Blight,0.6287983333333333,44.9095,19024.799,62.67783333333333,60
Morocco,Sorghum,Sorghum Mosaic Virus,0.6287972222222222,43.70944444444444,18543.400555555556,62.940000000000005,36
Papua New Guinea,Okra,Okra Mosaic Virus,0.6287421052631579,44.90605263157895,18925.229210526315,60.17131578947369,38
Kenya,Cotton,Cotton Wilt,0.6285563636363636,44.218909090909094,17305.23218181818,61.967454545454544,55
Colombia,Guava,Guava Mosaic Virus,0.6284333333333333,45.4669696969697,20462.00727272727,62.763939393939395,33
Ghana,Barley,Barley Root Rot,0.628264,43.4956,19769.012,60.14,25
Brazil,Citrus,Citrus Canker,0.6282398148148148,44.809444444444445,17561.480277777777,62.322037037037035,108
Bangladesh,Carrot,Carrot Mosaic Virus,0.6282209302325582,44.78697674418604,19300.574186046513,60.45023255813954,43
Colombia,Rice,Bacterial Leaf Blight,0.6281648648648649,45.589729729729726,16157.894054054053,63.01081081081081,37
Colombia,Cocoa,Cocoa Mosaic Virus,0.6281625000000001,44.918125,20807.026041666668,62.378125000000004,48
Mexico,Mung Bean,Mung Bean Root Rot,0.6279757575757575,44.02363636363636,22099.89212121212,63.845151515151514,33
Brazil,Chickpea,Ascochyta Blight,0.6279148148148148,44.61407407407407,17880.479814814815,61.374351851851856,108
Vietnam,Sugarcane,Smut,0.6278818181818181,44.31709090909091,18122.194909090907,59.525999999999996,55
Ghana,Banana,Black Sigatoka,0.6276037735849056,44.055660377358485,18915.36075471698,61.34754716981132,53
Australia,Pea,Pea Mosaic Virus,0.6275967741935484,44.55451612903226,22231.509354838712,64.03548387096774,31
Ethiopia,Garlic,Garlic Mosaic Virus,0.6275739130434783,44.21478260869565,15678.256956521738,61.686521739130434,23
New Zealand,Banana,Panama Disease,0.6275129032258064,43.82435483870968,19258.525,60.80774193548387,62
Vietnam,Cotton,Cotton Wilt,0.6274945454545454,43.55618181818182,19323.297818181814,59.93218181818182,55
Bangladesh,Banana,Black Sigatoka,0.6274903846153846,43.1125,18642.93192307692,59.52961538461538,52
Indonesia,Pea,Pea Mosaic Virus,0.6274888888888889,44.91111111111111,22385.24472222222,60.713055555555556,36
Germany,Banana,Panama Disease,0.6274236363636363,44.742,17035.100181818183,61.63363636363636,55
Thailand,Mung Bean,Mung Bean Mosaic Virus,0.6273394736842105,44.0728947368421,17350.930526315788,61.400263157894734,38
Bangladesh,Guava,Guava Mosaic Virus,0.6273239130434782,44.98326086956522,17929.06695652174,60.43108695652174,46
Colombia,Wheat,Wheat Rust,0.6272881355932203,44.755254237288135,18075.170508474577,62.204237288135594,59
Ghana,Citrus,Citrus Canker,0.6272787037037036,44.85361111111111,18611.687314814815,62.38194444444444,108
Ghana,Wheat,Wheat Rust,0.6272741935483871,43.715483870967745,20083.429193548385,60.88161290322581,62
Pakistan,Canola,Canola Mosaic Virus,0.627244,46.3784,19058.944,65.13600000000001,25
Germany,Sorghum,Sorghum Mosaic Virus,0.6271727272727273,44.06318181818182,17918.483863636364,61.84636363636364,44
Vietnam,Rice,Bacterial Leaf Blight,0.6270818181818182,44.08318181818182,18812.773863636365,59.89431818181818,44
Papua New Guinea,Grapes,Downy Mildew,0.6269666666666667,43.66888888888889,18112.073055555553,59.38685185185185,108
Egypt,Banana,Panama Disease,0.6269055555555555,45.232777777777784,18036.09314814815,64.55203703703704,54
Iran,Guava,Guava Mosaic Virus,0.6269,44.072432432432436,18698.82324324324,64.06378378378379,37
Thailand,Tomato,Bacterial Wilt,0.6268,44.87973684210527,18415.935789473686,62.14921052631579,38
Papua New Guinea,Maize,Northern Corn Leaf Blight,0.6267511627906976,44.096744186046514,16142.168139534884,59.80441860465117,43
Indonesia,Pomegranate,Pomegranate Root Rot,0.6266694444444444,45.40361111111111,16070.713333333335,60.79722222222222,36
Vietnam,Maize,Northern Corn Leaf Blight,0.6265578947368421,44.47350877192982,19814.33596491228,60.69561403508772,57
Bangladesh,Garlic,Garlic Mosaic Virus,0.6265571428571429,42.06071428571429,15596.829642857143,58.48357142857143,28
Thailand,Maize,Northern Corn Leaf Blight,0.6265037037037038,44.23425925925926,21722.790925925925,61.82851851851852,54
Indonesia,Cotton,Cotton Wilt,0.6264184210526316,44.13842105263158,19089.664210526316,59.345263157894735,38
Mexico,Banana,Black Sigatoka,0.626351724137931,44.952241379310344,18758.08655172414,63.72741379310345,58
Thailand,Chickpea,Ascochyta Blight,0.626313888888889,44.283425925925926,18892.76972222222,61.321481481481484,108
USA,Tomato,Tomato Yellow Leaf Curl Virus,0.6262314285714286,44.21971428571429,20859.371142857144,60.861428571428576,35
Kenya,Guava,Guava Root Rot,0.6262023255813953,44.71674418604651,17950.53093023256,62.010232558139535,43
USA,Millet,Millet Mosaic Virus,0.6261975609756097,44.63024390243902,18744.41536585366,61.7890243902439,41
Spain,Sorghum,Sorghum Mosaic Virus,0.626090625,43.6740625,17898.2321875,61.237500000000004,32
Thailand,Banana,Black Sigatoka,0.6260431818181819,44.108636363636364,21034.312045454546,62.10113636363636,44
Kenya,Tomato,Tomato Early Blight,0.6259967741935484,43.83870967741935,21688.071612903226,61.04096774193548,31
Bangladesh,Pomegranate,Pomegranate Mosaic Virus,0.6258472222222222,43.19777777777777,19038.93388888889,58.338055555555556,36
Papua New Guinea,Sorghum,Sorghum Mosaic Virus,0.6258393939393939,42.78515151515152,16825.13090909091,59.38757575757575,33
Brazil,Canola,Canola Mosaic Virus,0.6258117647058823,43.28176470588235,15377.469117647059,60.398823529411764,34
Indonesia,Mung Bean,Mung Bean Mosaic Virus,0.6257657142857144,44.66914285714286,20014.841142857145,60.64,35
Papua New Guinea,Cucumber,Downy Mildew,0.6257351851851852,44.278055555555554,19264.49564814815,60.02203703703704,108
Ethiopia,Carrot,Carrot Leaf Spot,0.6257351351351351,44.06945945945946,23441.393513513514,61.89891891891892,37
Indonesia,Guava,Guava Mosaic Virus,0.6257142857142857,44.31892857142857,19219.687857142857,60.40071428571429,28
Brazil,Pea,Pea Mosaic Virus,0.6256375,44.49875,17045.318124999998,62.03625,32
Vietnam,Sugarcane,Red Rot,0.6256094339622641,42.81981132075472,19202.786415094342,58.47490566037736,53
Indonesia,Cauliflower,Cauliflower Mosaic Virus,0.625545,42.632999999999996,19049.6845,58.9225,40
Ghana,Mung Bean,Mung Bean Root Rot,0.6255354838709678,42.83741935483871,19594.454838709677,60.425161290322585,31
Ghana,Pomegranate,Pomegranate Mosaic Virus,0.6255128205128205,43.9474358974359,18557.420000000002,60.27974358974359,39
Vietnam,Cocoa,Cocoa Root Rot,0.6255057142857143,43.67971428571428,14238.231714285714,59.150571428571425,35
Spain,Potato,Late Blight,0.6254839285714285,44.11392857142857,18365.849107142858,60.76571428571429,56
Nigeria,Rice,Rice Blast,0.62543125,45.4825,16640.3884375,62.675312500000004,32
Mexico,Coffee,Coffee Leaf Rust,0.6254268518518518,45.669629629629625,20159.18277777778,64.75648148148149,108
New Zealand,Potato,Late Blight,0.6253716981132076,44.49283018867924,17543.176226415093,61.96188679245283,53
Italy,Potato,Late Blight,0.6253416666666667,43.28416666666667,18876.20333333333,60.443333333333335,60
India,Grapes,Downy Mildew,0.6252861111111111,44.85851851851852,18433.671574074073,62.268240740740744,108
Thailand,Garlic,Garlic Mosaic Virus,0.6252513513513513,42.98189189189189,20481.202702702703,60.62243243243244,37
Colombia,Chili,Anthracnose,0.625137962962963,44.155,16311.849166666667,61.75,108
Colombia,Tomato,Bacterial Wilt,0.6251333333333333,43.86181818181819,18452.052727272727,61.49848484848485,33
Vietnam,Chili,Anthracnose,0.6251120370370371,43.65259259259259,18899.357222222225,59.50694444444444,108
Papua New Guinea,Citrus,Citrus Canker,0.6251046296296296,42.88898148148149,17925.879444444443,58.911574074074075,108
Kenya,Cabbage,Black Rot,0.6250935185185185,44.02657407407407,18402.382222222222,61.50796296296296,108
Kenya,Apple,Apple Scab,0.625075925925926,43.355000000000004,18560.415,60.18898148148148,108
Spain,Canola,Canola Mosaic Virus,0.6250758620689655,45.44931034482759,16666.985517241377,62.56517241379311,29
Mexico,Chili,Anthracnose,0.6250629629629629,44.90083333333333,16859.69851851852,64.01527777777777,108
Ukraine,Tomato,Tomato Yellow Leaf Curl Virus,0.6248146341463414,43.95756097560976,19702.16975609756,60.69292682926829,41
Vietnam,Potato,Early Blight,0.6248064516129033,43.12322580645161,16198.38129032258,59.57322580645161,62
Mexico,Cotton,Cotton Wilt,0.6245898305084746,46.623898305084744,21433.17779661017,64.74220338983051,59
Italy,Cotton,Cotton Leaf Curl Virus,0.6245428571428571,45.000204081632646,18236.220204081634,62.0,49
Argentina,Cotton,Cotton Leaf Curl Virus,0.6245072727272728,43.59436363636364,17615.089090909092,60.94581818181818,55
Papua New Guinea,Wheat,Powdery Mildew,0.6244264150943396,44.46528301886792,20048.03811320755,60.65867924528302,53
Bangladesh,Canola,Canola Mosaic Virus,0.6243878787878788,42.74939393939394,16790.903333333335,58.986363636363635,33
Papua New Guinea,Rice,Rice Tungro Virus,0.6242914285714286,42.892,18939.949142857142,58.66228571428571,35
Papua New Guinea,Mango,Anthracnose,0.6242666666666666,44.14111111111111,18479.853518518517,60.18907407407408,108
Colombia,Sugarcane,Smut,0.6242444444444445,43.69851851851851,17596.97111111111,61.11777777777778,54
Spain,Okra,Okra Mosaic Virus,0.6242275,43.39025,14620.9215,61.10825,40
Pakistan,Sorghum,Sorghum Mosaic Virus,0.6242114285714285,45.01342857142857,20643.160285714286,63.498285714285714,35
Colombia,Sunflower,Downy Mildew,0.6240416666666667,43.61944444444444,17646.396018518517,60.81046296296296,108
Thailand,Coffee,Coffee Leaf Rust,0.6238722222222223,43.21453703703704,18034.094166666666,60.93601851851852,108
Ukraine,Okra,Okra Mosaic Virus,0.6237567567567568,44.87027027027027,19157.75189189189,61.07648648648649,37
India,Citrus,Citrus Canker,0.6237,43.65185185185185,17560.80898148148,61.14527777777777,108
Nigeria,Groundnut,Tikka Leaf Spot,0.6236944444444444,43.81027777777778,21082.0425,60.93527777777778,108
Papua New Guinea,Sugarcane,Red Rot,0.6236162790697675,42.35302325581395,17183.74837209302,58.10790697674418,43
Colombia,Potato,Early Blight,0.623596,43.1614,16942.4906,60.4916,50
Ghana,Tomato,Tomato Early Blight,0.6235350000000001,44.1435,17785.35475,60.902750000000005,40
Indonesia,Cocoa,Cocoa Root Rot,0.62345,44.34411764705882,19597.353529411765,60.122058823529414,34
Papua New Guinea,Garlic,Garlic Root Rot,0.623427027027027,45.542162162162164,17702.641891891893,61.3727027027027,37
Pakistan,Rice,Rice Blast,0.6233675675675675,45.119729729729734,21533.06243243243,63.87486486486486,37
Ghana,Cauliflower,Cauliflower Root Rot,0.62334,43.518571428571434,18301.004285714287,61.39514285714286,35
Germany,Pea,Pea Mosaic Virus,0.6232771428571429,45.40714285714286,17835.29257142857,62.50228571428571,35
Thailand,Rice,Bacterial Leaf Blight,0.6231945945945946,44.69432432432433,17055.97,62.01054054054054,37
China,Cotton,Cotton Leaf Curl Virus,0.6231857142857143,44.11553571428571,19770.88892857143,61.43107142857143,56
Kenya,Maize,Northern Corn Leaf Blight,0.6231722222222222,43.73259259259259,18780.252037037037,61.07314814814814,54
Kenya,Sunflower,Downy Mildew,0.6231629629629629,44.135185185185186,18760.08537037037,61.40435185185185,108
Ukraine,Cotton,Cotton Leaf Curl Virus,0.6229150943396226,43.03867924528302,18283.869433962263,59.66943396226415,53
Ghana,Cucumber,Downy Mildew,0.6228324074074074,44.05712962962963,18145.03277777778,61.32694444444444,108
Colombia,Mango,Anthracnose,0.6228083333333333,44.19148148148148,17661.682037037037,61.70842592592593,108
Indonesia,Canola,Canola Mosaic Virus,0.6228030303030304,42.61030303030304,18693.940000000002,58.408181818181816,33
South Africa,Potato,Late Blight,0.6227189655172414,45.02155172413793,17990.29793103448,64.03137931034483,58
Colombia,Sugarcane,Red Rot,0.6227055555555556,43.74462962962963,19452.429629629627,61.51481481481482,54
Indonesia,Sugarcane,Red Rot,0.6226510204081633,43.3773469387755,19858.40693877551,59.59244897959184,49
Mexico,Tomato,Tomato Early Blight,0.6225740740740741,44.89,18727.636296296296,63.39592592592593,27
Ghana,Pea,Pea Mosaic Virus,0.6224166666666666,42.84583333333333,18604.24,61.182500000000005,36
Ethiopia,Cocoa,Cocoa Root Rot,0.6223944444444444,44.503055555555555,16929.768333333333,61.57944444444445,36
Thailand,Guava,Guava Mosaic Virus,0.6222944444444445,44.596111111111114,18255.11333333333,61.794444444444444,36
Turkey,Rice,Rice Blast,0.6222647058823529,43.10823529411765,17482.010294117645,60.33882352941176,34
India,Millet,Millet Mosaic Virus,0.6221806451612903,42.99612903225807,16257.806774193548,60.440322580645166,31
Turkey,Potato,Late Blight,0.622171186440678,43.90966101694915,20583.669491525423,60.71254237288136,59
Germany,Tomato,Tomato Yellow Leaf Curl Virus,0.6220694444444445,43.343333333333334,19014.036944444444,60.964999999999996,36
Colombia,Wheat,Powdery Mildew,0.6220408163265306,44.601020408163265,19493.54163265306,61.691224489795914,49
Thailand,Apple,Apple Scab,0.621987962962963,43.39731481481481,20290.163055555553,60.903888888888886,108
Nigeria,Cocoa,Cocoa Mosaic Virus,0.6219357142857144,42.667500000000004,17239.115714285716,60.762857142857136,28
Pakistan,Pea,Pea Mosaic Virus,0.6218027027027027,44.68081081081081,22441.912972972972,63.681891891891894,37
Indonesia,Cocoa,Cocoa Mosaic Virus,0.621785,45.015249999999995,20341.61175,59.75675,40
Ghana,Cabbage,Black Rot,0.6217462962962963,43.3787037037037,18261.82324074074,60.67009259259259,108
France,Rice,Rice Blast,0.6217035714285714,42.200714285714284,17083.654642857142,58.64964285714286,28
New Zealand,Cocoa,Cocoa Mosaic Virus,0.621691304347826,43.17173913043479,19588.18304347826,60.63782608695652,46
Brazil,Apple,Apple Scab,0.6216638888888889,43.80472222222222,18351.25101851852,60.55462962962962,108
India,Eggplant,Phomopsis Blight,0.6216342592592592,43.29962962962963,18172.252685185187,60.470555555555556,108
Ghana,Maize,Northern Corn Leaf Blight,0.6215965517241379,44.86396551724138,18413.934655172412,62.22965517241379,58
Spain,Chickpea,Ascochyta Blight,0.6215898148148148,43.090185185185184,17256.24324074074,59.785185185185185,108
Papua New Guinea,Rice,Rice Blast,0.6215628571428571,43.751999999999995,17483.50542857143,59.132571428571424,35
Indonesia,Garlic,Garlic Leaf Spot,0.6214055555555555,43.213055555555556,18873.23833333333,59.645833333333336,36
Turkey,Sugarcane,Red Rot,0.6213603773584906,43.87754716981132,18284.93547169811,60.2811320754717,53
Ghana,Chili,Anthracnose,0.621275925925926,43.412592592592596,18316.448055555553,60.991759259259254,108
Vietnam,Eggplant,Phomopsis Blight,0.6212574074074074,43.32138888888889,19367.680833333332,59.14851851851852,108
India,Sunflower,Downy Mildew,0.6212185185185185,44.147777777777776,17476.491574074076,61.46231481481482,108
Vietnam,Canola,Canola Mosaic Virus,0.6211354838709677,43.493870967741934,18504.235806451616,58.89387096774194,31
India,Potato,Early Blight,0.6209384615384616,44.33653846153846,18104.833076923078,61.669423076923074,52
Iran,Sorghum,Sorghum Mosaic Virus,0.6208894736842105,44.05447368421053,18612.648684210526,63.223684210526315,38
Argentina,Tomato,Bacterial Wilt,0.6208837209302326,44.33511627906977,18105.29651162791,61.156976744186046,43
Ethiopia,Sugarcane,Red Rot,0.6208759259259259,44.150925925925925,18966.467037037037,61.650555555555556,54
Kenya,Okra,Okra Mosaic Virus,0.6208136363636364,44.658863636363634,15098.154999999999,62.05977272727273,44
India,Cucumber,Downy Mildew,0.6207907407407407,44.40657407407407,17509.254537037035,62.18907407407408,108
Spain,Garlic,Garlic Mosaic Virus,0.620735294117647,45.08735294117647,23048.103529411765,62.70676470588236,34
Papua New Guinea,Carrot,Carrot Mosaic Virus,0.6207233333333334,41.54833333333333,20247.35166666667,57.24466666666667,30
India,Apple,Apple Scab,0.6207185185185184,43.76203703703704,17929.287407407406,61.115092592592596,108
Bangladesh,Grapes,Downy Mildew,0.6206935185185185,43.51611111111111,18411.397222222222,59.19527777777778,108
Germany,Cocoa,Cocoa Mosaic Virus,0.6206833333333334,43.233333333333334,17146.85111111111,60.73916666666667,36
Argentina,Banana,Black Sigatoka,0.6206557692307691,43.39134615384615,21087.39576923077,60.92038461538462,52
Ukraine,Garlic,Garlic Mosaic Virus,0.6205953488372093,42.537674418604645,18977.86,59.32488372093023,43
Kenya,Rice,Bacterial Leaf Blight,0.6205153846153846,44.39102564102564,16977.77512820513,61.965384615384615,39
Brazil,Canola,Canola Root Rot,0.6205,43.474634146341465,17903.94731707317,60.93975609756097,41
Spain,Banana,Panama Disease,0.6204753846153847,42.153999999999996,16678.206923076923,59.43830769230769,65
Ukraine,Guava,Guava Mosaic Virus,0.6204688888888888,43.827333333333335,19423.57888888889,61.153777777777776,45
Colombia,Pomegranate,Pomegranate Root Rot,0.6204181818181819,44.77727272727273,18434.37909090909,61.53272727272727,33
Pakistan,Potato,Late Blight,0.6203911111111111,44.96244444444444,20374.50511111111,63.82933333333334,45
Mexico,Pea,Pea Root Rot,0.6201242424242424,45.03909090909091,19137.047272727275,64.00242424242424,33
Papua New Guinea,Cauliflower,Cauliflower Mosaic Virus,0.6200611111111111,43.94916666666667,19393.801111111112,60.25972222222222,36
Bangladesh,Cocoa,Cocoa Mosaic Virus,0.6199611111111111,43.530277777777776,17688.5075,59.70055555555555,36
Spain,Cotton,Cotton Leaf Curl Virus,0.6198499999999999,44.791428571428575,18340.619464285715,61.684821428571425,56
Nigeria,Chili,Anthracnose,0.6198185185185184,44.14453703703703,17784.595555555556,61.36787037037037,108
Nigeria,Maize,Northern Corn Leaf Blight,0.6196070175438596,44.09105263157895,18722.94631578947,61.65508771929825,57
Bangladesh,Cauliflower,Cauliflower Mosaic Virus,0.6195828571428572,42.23257142857143,18399.24514285714,58.007714285714286,35
Vietnam,Pomegranate,Pomegranate Root Rot,0.6195741935483872,44.78806451612903,21310.85451612903,59.87516129032259,31
China,Canola,Canola Mosaic Virus,0.619565625,43.325625,15961.0203125,60.275625,32
Egypt,Potato,Late Blight,0.6195579999999999,43.99,19937.800600000002,62.4338,50
Bangladesh,Maize,Maize Smut,0.6193688524590164,42.331311475409834,18165.405409836065,58.42901639344262,61
Pakistan,Banana,Panama Disease,0.6192406779661017,44.14,20633.833898305085,63.40305084745763,59
Papua New Guinea,Pea,Pea Mosaic Virus,0.6192058823529412,43.18617647058824,17797.272058823528,58.83588235294118,34
Vietnam,Canola,Canola Root Rot,0.6191774999999999,44.858,19716.95175,60.4135,40
Indonesia,Carrot,Carrot Mosaic Virus,0.6191394736842105,42.25578947368421,15794.861052631579,57.597894736842115,38
Argentina,Pomegranate,Pomegranate Mosaic Virus,0.6191212121212122,44.57909090909091,17422.70212121212,60.369090909090914,33
Thailand,Okra,Okra Root Rot,0.6190857142857142,42.97714285714286,15773.377999999999,59.83971428571428,35
Spain,Cauliflower,Cauliflower Mosaic Virus,0.619054347826087,43.22891304347826,19138.299782608698,60.755217391304356,46
Nigeria,Rice,Bacterial Leaf Blight,0.619009090909091,44.39363636363636,21154.311363636363,61.61181818181819,44
Nigeria,Guava,Guava Mosaic Virus,0.6188366666666667,42.61533333333333,19110.731666666667,59.544,30
Bangladesh,Cucumber,Downy Mildew,0.6187944444444445,43.527685185185184,19744.663425925926,59.216944444444444,108
Ethiopia,Maize,Northern Corn Leaf Blight,0.618656862745098,43.740980392156864,15105.987450980392,61.094313725490196,51
Indonesia,Sugarcane,Smut,0.6185779661016949,43.05118644067797,19615.803389830508,59.49067796610169,59
Brazil,Cocoa,Cocoa Mosaic Virus,0.6184617647058823,43.700294117647054,16996.642352941177,60.71441176470588,34
Indonesia,Onion,Downy Mildew,0.6183796296296296,42.91509259259259,17968.152685185185,58.87027777777777,108
Mexico,Soybean,Soybean Rust,0.6182694444444444,44.1925925925926,19270.16537037037,62.89759259259259,108
Spain,Rice,Rice Blast,0.61823125,44.40979166666667,17940.405625,61.674791666666664,48
Ukraine,Rice,Rice Blast,0.6180511627906977,42.8493023255814,15244.870930232557,60.048372093023254,43
Colombia,Cocoa,Cocoa Leaf Spot,0.6179,41.5258064516129,19505.061612903228,58.67612903225807,31
Vietnam,Mango,Anthracnose,0.6178101851851852,43.210277777777776,17913.11787037037,58.65203703703704,108
Brazil,Groundnut,Tikka Leaf Spot,0.6178046296296296,43.70231481481482,18778.114907407406,60.89351851851852,108
Kenya,Guava,Guava Leaf Spot,0.617686111111111,43.400000000000006,17189.34138888889,60.8425,36
Bangladesh,Sugarcane,Smut,0.617644262295082,43.178688524590164,14977.380327868852,58.965081967213116,61
Colombia,Cucumber,Downy Mildew,0.6175953703703704,43.49574074074074,17364.69953703704,60.88444444444445,108
Indonesia,Garlic,Garlic Root Rot,0.6174842105263159,42.706315789473685,19856.288157894738,58.37842105263158,38
Indonesia,Eggplant,Phomopsis Blight,0.6173861111111111,43.18694444444444,17787.632592592592,59.09796296296296,108
France,Carrot,Carrot Mosaic Virus,0.6173257142857143,42.794285714285714,16237.390857142855,60.91228571428571,35
Papua New Guinea,Tomato,Tomato Early Blight,0.6173022727272728,43.67840909090909,21697.50681818182,59.89590909090909,44
Germany,Rice,Rice Tungro Virus,0.6172923076923077,43.124102564102564,20220.663076923076,60.03153846153846,39
Indonesia,Canola,Canola Root Rot,0.61729,43.06666666666667,16912.284666666666,59.478,30
Turkey,Banana,Panama Disease,0.6172866666666667,43.41977777777778,20593.452222222222,60.02977777777778,45
Thailand,Millet,Millet Leaf Spot,0.6171931034482758,43.212758620689655,18154.273448275864,60.39586206896552,29
Papua New Guinea,Pomegranate,Pomegranate Root Rot,0.6171875,42.668125,19661.3003125,58.3709375,32
Colombia,Pomegranate,Pomegranate Leaf Spot,0.6170190476190476,42.545,17898.443571428572,60.05,42
Bangladesh,Groundnut,Tikka Leaf Spot,0.6170092592592593,42.98546296296296,18301.499166666665,58.893055555555556,108
France,Tomato,Tomato Yellow Leaf Curl Virus,0.6169944444444444,43.159166666666664,18916.97111111111,60.016666666666666,36
Brazil,Rice,Bacterial Leaf Blight,0.6169034482758621,43.46896551724138,18568.203448275865,60.44793103448276,29
Mexico,Rice,Bacterial Leaf Blight,0.6168634146341463,44.62024390243903,18178.423902439026,62.883658536585365,41
New Zealand,Rice,Rice Blast,0.6168560975609756,42.662926829268294,17630.523902439025,59.2039024390244,41
Kenya,Wheat,Wheat Rust,0.6168327272727273,43.470727272727274,18285.202181818182,60.97654545454545,55
Germany,Cotton,Cotton Leaf Curl Virus,0.6168316666666667,43.11816666666667,18523.687833333333,60.45433333333334,60
Germany,Sugarcane,Red Rot,0.6168,43.35980769230769,19425.611346153848,60.96269230769231,52
Papua New Guinea,Canola,Canola Mosaic Virus,0.61674,43.94266666666667,16655.502666666667,59.72066666666667,30
Indonesia,Pomegranate,Pomegranate Mosaic Virus,0.6167135135135136,43.597297297297295,17304.12864864865,59.380810810810814,37
Brazil,Sugarcane,Red Rot,0.6166769230769231,42.95403846153847,16911.816346153846,60.58019230769231,52
Brazil,Guava,Guava Root Rot,0.6166676470588235,43.993529411764705,18185.15911764706,61.435,34
Nigeria,Barley,Barley Root Rot,0.61614375,44.4021875,18773.2128125,61.769687499999996,32
USA,Okra,Okra Mosaic Virus,0.6160970588235294,44.309411764705885,18366.751470588235,61.661764705882355,34
Ethiopia,Cabbage,Black Rot,0.616062037037037,43.52166666666667,18321.19,60.50138888888888,108
India,Cabbage,Black Rot,0.6159064814814814,43.10703703703704,16807.640277777777,60.348888888888894,108
India,Tomato,Tomato Early Blight,0.6158783783783784,44.52945945945946,20693.041081081083,61.59054054054054,37
Thailand,Sorghum,Sorghum Mosaic Virus,0.6158666666666667,43.18151515151515,20632.195454545454,60.20727272727272,33
Ethiopia,Sunflower,Downy Mildew,0.6157722222222222,43.508240740740746,17616.90675925926,60.34314814814815,108
Ethiopia,Onion,Downy Mildew,0.6157601851851852,43.63796296296296,18122.10361111111,61.25981481481482,108
Colombia,Groundnut,Tikka Leaf Spot,0.615737962962963,43.252685185185186,20070.322777777776,60.542685185185185,108
France,Okra,Okra Mosaic Virus,0.6156884615384615,42.222692307692306,17522.501538461536,59.59153846153846,26
Thailand,Maize,Maize Smut,0.6156722222222222,43.23092592592592,16048.597037037036,60.88259259259259,54
Vietnam,Cucumber,Downy Mildew,0.6156694444444445,42.824629629629634,18062.453148148146,58.63342592592593,108
Ethiopia,Pomegranate,Pomegranate Mosaic Virus,0.6155793103448276,43.5803448275862,16844.890689655174,60.079655172413794,29
Kenya,Carrot,Carrot Root Rot,0.6154459459459459,43.43324324324324,18903.063513513513,60.167297297297296,37
Kenya,Citrus,Citrus Canker,0.6154064814814815,43.255462962962966,19022.84101851852,60.46666666666666,108
Brazil,Okra,Okra Leaf Spot,0.6153685714285715,42.12828571428572,19054.363714285715,59.994285714285716,35
Germany,Banana,Black Sigatoka,0.6153283018867924,44.14245283018868,18954.47358490566,61.48018867924528,53
Bangladesh,Mung Bean,Mung Bean Mosaic Virus,0.6152878048780488,42.546341463414635,18460.27073170732,57.78,41
Ethiopia,Groundnut,Tikka Leaf Spot,0.6152749999999999,43.77305555555555,18138.15638888889,60.84685185185185,108
Kenya,Okra,Okra Root Rot,0.6151464285714285,44.544285714285714,17453.951785714286,62.157500000000006,28
Ukraine,Rice,Rice Tungro Virus,0.6150058823529412,42.255,17099.90529411765,59.56029411764706,34
Bangladesh,Millet,Millet Root Rot,0.6149242424242425,43.68363636363636,18937.709696969698,59.32727272727273,33
Bangladesh,Onion,Downy Mildew,0.6149222222222223,43.33361111111111,16607.003333333334,59.238055555555555,108
Iran,Tomato,Bacterial Wilt,0.6148821428571428,43.97678571428571,19421.961785714284,62.425000000000004,28
China,Pea,Pea Mosaic Virus,0.6148060606060606,44.40393939393939,19564.604545454546,61.594545454545454,33
Ukraine,Canola,Canola Mosaic Virus,0.6148048780487805,43.08268292682927,17503.881463414633,60.60585365853659,41
Nigeria,Sugarcane,Red Rot,0.6147839285714286,43.93017857142858,19851.55892857143,60.67982142857143,56
Colombia,Millet,Millet Root Rot,0.6147405405405405,43.35351351351351,18832.494594594595,60.965675675675676,37
Nigeria,Tea,Tea Blister Blight,0.6146981481481482,43.23796296296296,17759.42101851852,59.94842592592593,108
Thailand,Cauliflower,Cauliflower Root Rot,0.6145878787878788,43.46424242424242,15470.418787878789,61.1109090909091,33
Vietnam,Banana,Black Sigatoka,0.614564,43.4638,18504.7546,59.299800000000005,50
Argentina,Banana,Panama Disease,0.6145267857142857,42.20214285714286,18360.324464285713,58.20178571428572,56
Brazil,Mung Bean,Mung Bean Root Rot,0.6145194444444444,42.81444444444444,19515.483333333334,60.24777777777778,36
Vietnam,Barley,Barley Mosaic Virus,0.6144205128205128,44.2348717948718,17785.51153846154,60.26410256410257,39
Pakistan,Pomegranate,Pomegranate Mosaic Virus,0.6143794117647059,43.40852941176471,18064.441764705884,61.80911764705882,34
Argentina,Barley,Barley Mosaic Virus,0.6143268292682927,42.75780487804878,20203.168536585366,60.093658536585366,41
France,Sugarcane,Red Rot,0.6142684210526316,42.78719298245614,18437.441754385964,59.64298245614035,57
Argentina,Tomato,Tomato Yellow Leaf Curl Virus,0.6142636363636365,43.21030303030303,18925.355454545454,60.50272727272728,33
Argentina,Chickpea,Ascochyta Blight,0.6141481481481482,43.47259259259259,17255.704074074074,60.46629629629629,108
Thailand,Carrot,Carrot Leaf Spot,0.6141285714285714,43.55571428571428,21694.242857142857,60.0947619047619,42
Ethiopia,Cucumber,Downy Mildew,0.6141037037037037,43.65675925925926,17143.274814814813,60.82212962962963,108
Thailand,Groundnut,Tikka Leaf Spot,0.6140407407407408,43.56564814814815,17858.70287037037,60.68138888888889,108
Indonesia,Okra,Okra Root Rot,0.6140322580645161,42.27483870967742,20383.620967741936,58.38870967741936,31
Indonesia,Chili,Anthracnose,0.6139351851851851,42.857129629629625,18043.896666666667,58.68842592592593,108
France,Millet,Millet Mosaic Virus,0.6139179487179487,43.7723076923077,18776.95487179487,61.311025641025644,39
Papua New Guinea,Eggplant,Phomopsis Blight,0.6138416666666666,42.881759259259255,19093.908796296295,58.785740740740735,108
Indonesia,Wheat,Powdery Mildew,0.613812,42.9958,18997.8556,58.346199999999996,50
Nigeria,Cabbage,Black Rot,0.6137944444444444,43.41407407407408,18983.574722222223,60.910185185185185,108
Argentina,Cocoa,Cocoa Mosaic Virus,0.6137911764705882,43.88823529411765,17421.64176470588,61.11382352941176,34
Bangladesh,Tomato,Tomato Early Blight,0.6137315789473684,43.66368421052632,17425.47,59.72184210526316,38
Nigeria,Eggplant,Phomopsis Blight,0.6135675925925925,43.79101851851852,19203.17777777778,60.9225,108
France,Pomegranate,Pomegranate Mosaic Virus,0.6135527777777778,42.70861111111111,20494.070555555558,59.26027777777777,36
Nigeria,Carrot,Carrot Root Rot,0.6134844444444444,43.692,19807.337333333333,60.55511111111111,45
USA,Cocoa,Cocoa Mosaic Virus,0.6134710526315789,43.04394736842105,18307.205,59.505,38
Thailand,Eggplant,Phomopsis Blight,0.6134703703703704,43.48546296296296,19463.013518518517,60.85601851851852,108
Bangladesh,Apple,Apple Scab,0.6134638888888888,42.716388888888886,18739.19462962963,58.69101851851852,108
Spain,Coffee,Coffee Leaf Rust,0.6134111111111111,43.65416666666666,18595.933333333334,60.11768518518519,108
Germany,Pomegranate,Pomegranate Mosaic Virus,0.6131738095238095,44.423095238095236,18262.814523809524,61.36857142857143,42
Ethiopia,Eggplant,Phomopsis Blight,0.6131675925925926,43.1375,17392.926296296297,60.10388888888889,108
Spain,Tomato,Tomato Yellow Leaf Curl Virus,0.6130619047619048,41.27309523809524,17971.764285714286,58.33380952380952,42
Vietnam,Carrot,Carrot Root Rot,0.61304,43.830666666666666,18646.027777777777,60.29244444444444,45
Vietnam,Maize,Maize Smut,0.6129921568627451,42.93,18783.704901960784,58.69745098039216,51
Italy,Cocoa,Cocoa Mosaic Virus,0.61298,43.00775,20442.4015,61.18925,40
Colombia,Sorghum,Sorghum Root Rot,0.61295625,43.36625,21859.6253125,60.6725,32
Bangladesh,Maize,Northern Corn Leaf Blight,0.6128851063829787,42.253404255319154,21626.803617021276,58.79212765957447,47
Germany,Coffee,Coffee Leaf Rust,0.6126287037037037,43.208333333333336,18696.478055555555,60.24444444444444,108
Ukraine,Cauliflower,Cauliflower Mosaic Virus,0.6126037037037037,42.6337037037037,19467.349259259263,60.044074074074075,27
Vietnam,Garlic,Garlic Mosaic Virus,0.6125690476190476,42.33809523809524,17836.334285714285,57.950714285714284,42
Vietnam,Pea,Pea Root Rot,0.6125466666666667,41.99133333333333,17015.263777777778,57.38644444444444,45
New Zealand,Carrot,Carrot Mosaic Virus,0.6125272727272727,44.09606060606061,20073.64878787879,61.65515151515151,33
Brazil,Carrot,Carrot Leaf Spot,0.6124975609756098,43.72317073170732,20498.250731707318,60.55487804878049,41
Argentina,Okra,Okra Mosaic Virus,0.6124666666666667,43.98555555555556,20472.881388888887,61.57111111111111,36
India,Mung Bean,Mung Bean Leaf Spot,0.612435,44.670249999999996,17093.55725,61.657,40
India,Guava,Guava Mosaic Virus,0.6123222222222222,44.19277777777778,17587.243333333332,61.373333333333335,36
USA,Cotton,Cotton Leaf Curl Virus,0.6123156862745098,43.67901960784314,16908.603725490197,59.94705882352942,51
Australia,Millet,Millet Mosaic Virus,0.612305,43.77625,17568.9635,62.552499999999995,40
Ghana,Garlic,Garlic Root Rot,0.6122948717948719,42.695897435897436,18629.327435897438,60.67589743589744,39
Colombia,Canola,Canola Leaf Spot,0.612271875,43.121875,17325.9475,60.31375,32
Indonesia,Grapes,Downy Mildew,0.6122592592592592,42.748981481481486,16787.437314814815,58.41555555555556,108
Ethiopia,Sorghum,Sorghum Root Rot,0.612225641025641,40.666666666666664,16695.395128205128,58.05358974358975,39
Ethiopia,Rice,Bacterial Leaf Blight,0.6122129032258065,43.041612903225804,19793.689677419356,60.45129032258065,31
USA,Canola,Canola Mosaic Virus,0.612185294117647,42.055588235294124,17183.576176470586,59.5514705882353,34
Mexico,Chickpea,Ascochyta Blight,0.6121731481481482,44.98259259259259,18506.22425925926,63.39962962962963,108
Turkey,Cotton,Cotton Leaf Curl Virus,0.6121479999999999,43.2694,17865.6238,59.9622,50
Indonesia,Potato,Early Blight,0.6119912280701754,42.56649122807018,19351.18701754386,58.79017543859649,57
India,Carrot,Carrot Root Rot,0.6119684210526316,43.255,20571.45157894737,60.80315789473684,38
Italy,Cauliflower,Cauliflower Mosaic Virus,0.6119600000000001,43.85171428571429,21201.591142857145,60.888,35
Italy,Cotton,Cotton Wilt,0.6119559322033898,42.053220338983046,16932.757457627118,59.02915254237288,59
Indonesia,Groundnut,Tikka Leaf Spot,0.6119074074074073,43.07370370370371,17524.049444444445,58.918703703703706,108
Bangladesh,Carrot,Carrot Root Rot,0.6117131578947369,42.572631578947366,18152.078684210526,58.31052631578948,38
Canada,Banana,Panama Disease,0.6116981481481482,42.45481481481482,18376.07611111111,58.687777777777775,54
Thailand,Wheat,Powdery Mildew,0.6115738461538461,42.795846153846156,16305.511076923076,60.39323076923077,65
Italy,Chickpea,Ascochyta Blight,0.6115462962962963,43.029074074074074,20756.18888888889,59.66462962962963,108
France,Pea,Pea Mosaic Virus,0.6114700000000001,43.85466666666667,17156.567,61.583333333333336,30
India,Groundnut,Tikka Leaf Spot,0.6114481481481482,43.75,17605.919166666667,61.14527777777777,108
India,Cauliflower,Cauliflower Root Rot,0.6114171428571429,44.01914285714286,22237.26314285714,61.150571428571425,35
Vietnam,Cocoa,Cocoa Mosaic Virus,0.611381081081081,41.98783783783784,18888.388918918918,58.932432432432435,37
Italy,Millet,Millet Mosaic Virus,0.6113666666666666,42.5637037037037,16115.825925925925,59.35777777777777,27
France,Coffee,Coffee Leaf Rust,0.6113083333333333,42.33509259259259,20511.02472222222,59.300925925925924,108
Vietnam,Sunflower,Downy Mildew,0.6112657407407407,42.62,17122.42685185185,58.41898148148148,108
Spain,Millet,Millet Mosaic Virus,0.6112621621621621,43.11783783783783,17069.354594594595,60.92675675675675,37
Vietnam,Pomegranate,Pomegranate Leaf Spot,0.6112452380952381,42.15571428571428,14950.325952380954,58.43214285714286,42
Papua New Guinea,Onion,Downy Mildew,0.611237037037037,41.8425,16913.74537037037,57.53037037037037,108
Germany,Guava,Guava Mosaic Virus,0.6112078947368421,41.69605263157895,17447.934736842104,59.05500000000001,38
Vietnam,Guava,Guava Root Rot,0.6111970588235294,42.068823529411766,17758.42705882353,57.79705882352941,34
USA,Sorghum,Sorghum Mosaic Virus,0.6111774193548387,44.21,18985.653548387098,61.43451612903226,31
Ghana,Sorghum,Sorghum Mosaic Virus,0.6111088235294118,44.40588235294118,15999.075294117649,61.325,34
India,Onion,Downy Mildew,0.6110462962962963,42.90574074074074,18657.070462962965,59.652314814814815,108
Ethiopia,Lentil,Lentil Rust,0.6109777777777778,42.70583333333333,18376.52898148148,60.28953703703704,108
France,Cotton,Cotton Wilt,0.610942,43.5828,18445.3222,60.2976,50
Kenya,Mung Bean,Mung Bean Root Rot,0.6108891891891892,41.685405405405405,18825.158918918918,58.73351351351351,37
Turkey,Carrot,Carrot Mosaic Virus,0.610725,42.283055555555556,19413.531944444447,59.49444444444444,36
Colombia,Maize,Northern Corn Leaf Blight,0.6106328125,43.3140625,20980.1821875,61.07265625,64
Morocco,Tomato,Bacterial Wilt,0.6106263157894737,43.927894736842106,16038.144210526316,63.04736842105264,38
Turkey,Canola,Canola Mosaic Virus,0.6105222222222223,43.578518518518514,17651.81111111111,60.0862962962963,27
France,Cauliflower,Cauliflower Mosaic Virus,0.6104837837837838,42.950540540540544,17983.93027027027,59.38432432432432,37
India,Lentil,Lentil Rust,0.6103527777777777,42.84064814814815,18253.457685185185,60.154259259259256,108
Papua New Guinea,Maize,Maize Smut,0.6098846153846154,42.928461538461534,21573.799384615384,58.344,65
Brazil,Tea,Tea Blister Blight,0.609825,43.52601851851852,19201.4737037037,60.534814814814816,108
Thailand,Garlic,Garlic Root Rot,0.6098026315789473,44.480526315789476,17295.67842105263,61.80157894736842,38
New Zealand,Pea,Pea Mosaic Virus,0.6098,42.40464285714285,17227.7975,59.03285714285715,28
Bangladesh,Eggplant,Phomopsis Blight,0.6097444444444444,43.17092592592593,17597.751296296294,58.694907407407406,108
India,Cocoa,Cocoa Leaf Spot,0.6097414634146342,43.820243902439024,18559.84,60.470975609756096,41
Bangladesh,Cauliflower,Cauliflower Root Rot,0.6096766666666668,43.37433333333333,19943.729666666666,59.062999999999995,30
Indonesia,Mung Bean,Mung Bean Root Rot,0.6096615384615385,43.31897435897436,20300.13512820513,59.460256410256406,39
Papua New Guinea,Barley,Barley Mosaic Virus,0.6096028571428571,43.11942857142857,18365.828285714284,59.19200000000001,35
Colombia,Cauliflower,Cauliflower Root Rot,0.6095735294117647,43.005,15888.373235294115,60.46235294117646,34
Bangladesh,Potato,Early Blight,0.6095309090909091,43.006,18384.160727272727,58.86000000000001,55
Colombia,Okra,Okra Leaf Spot,0.6094555555555555,43.035,17175.501666666663,60.50555555555555,36
Nigeria,Mung Bean,Mung Bean Mosaic Virus,0.6093526315789474,42.78842105263158,16322.48052631579,59.53578947368421,38
Brazil,Eggplant,Phomopsis Blight,0.6092796296296297,42.313796296296296,18473.226574074073,59.39638888888889,108
Ghana,Rice,Bacterial Leaf Blight,0.6091363636363637,42.79727272727273,18492.475454545453,58.68060606060606,33
Ghana,Pea,Pea Leaf Spot,0.6090785714285715,41.68464285714286,18475.412857142856,59.04607142857143,28
Brazil,Potato,Early Blight,0.6090771929824561,41.745438596491226,20386.73403508772,59.44017543859649,57
India,Wheat,Powdery Mildew,0.6090568965517241,43.91103448275862,18094.18344827586,61.214827586206894,58
France,Barley,Barley Mosaic Virus,0.6090228571428571,42.20942857142857,18270.951142857142,59.47885714285715,35
Kenya,Groundnut,Tikka Leaf Spot,0.6089842592592594,42.83222222222222,18415.596111111114,60.28111111111111,108
Thailand,Onion,Downy Mildew,0.6089731481481481,43.95925925925926,19120.781666666666,60.58101851851852,108
Indonesia,Maize,Northern Corn Leaf Blight,0.6089491525423728,43.096101694915255,19573.884576271186,58.85576271186441,59
Vietnam,Groundnut,Tikka Leaf Spot,0.6088324074074074,42.5575,18391.76675925926,57.8137037037037,108
Papua New Guinea,Tea,Tea Blister Blight,0.6088092592592593,42.288888888888884,19263.26462962963,58.017129629629636,108
USA,Wheat,Wheat Rust,0.6087411764705882,42.23431372549019,17636.978039215686,59.22098039215686,51
Ghana,Sunflower,Downy Mildew,0.6087342592592593,42.9775,18570.310185185186,59.74759259259259,108
Ghana,Okra,Okra Mosaic Virus,0.6084941176470589,42.75558823529412,18038.52764705882,60.23294117647059,34
India,Canola,Canola Root Rot,0.6084558823529411,44.137352941176474,19262.34911764706,60.928529411764714,34
Spain,Banana,Black Sigatoka,0.608446511627907,42.57232558139535,18339.436279069767,59.21186046511628,43
Thailand,Millet,Millet Root Rot,0.6083057142857143,42.05142857142857,18206.460285714285,58.71885714285714,35
Indonesia,Lentil,Lentil Rust,0.6082953703703703,41.732499999999995,17890.47212962963,57.565185185185186,108
Nigeria,Apple,Apple Scab,0.6082398148148148,42.3962962962963,18806.54509259259,59.98796296296296,108
India,Rice,Bacterial Leaf Blight,0.6082264705882353,41.243529411764705,15828.740588235296,58.53735294117647,34
Mexico,Wheat,Wheat Rust,0.6081894736842106,44.17859649122807,21756.264736842106,62.85754385964913,57
India,Garlic,Garlic Root Rot,0.6081727272727273,43.25666666666667,18913.03818181818,59.99484848484848,33
Canada,Potato,Late Blight,0.6081446428571429,42.52410714285714,18176.67767857143,58.46660714285714,56
Argentina,Potato,Late Blight,0.6081290909090908,42.79127272727273,16912.83509090909,58.94927272727273,55
Bangladesh,Okra,Okra Mosaic Virus,0.6081209302325582,41.59372093023256,16854.34093023256,56.89883720930233,43
USA,Potato,Late Blight,0.6081,42.87634615384616,20830.378653846154,60.02884615384615,52
South Africa,Tomato,Bacterial Wilt,0.6080636363636364,41.38666666666666,17679.122121212124,60.60181818181819,33
Papua New Guinea,Sunflower,Downy Mildew,0.6080231481481482,42.70962962962963,18221.074814814816,58.34703703703704,108
Ukraine,Sugarcane,Red Rot,0.6079903846153847,43.86038461538462,20038.37826923077,60.23557692307692,52
Colombia,Apple,Apple Scab,0.6079537037037037,43.322037037037035,20660.390185185188,60.24601851851852,108
Bangladesh,Cocoa,Cocoa Leaf Spot,0.6079243902439024,42.62658536585366,20626.908780487804,58.896829268292684,41
Kenya,Pomegranate,Pomegranate Mosaic Virus,0.6078785714285714,42.047380952380955,16955.424047619046,59.64071428571428,42
Morocco,Rice,Bacterial Leaf Blight,0.6078300000000001,43.34325,19061.3505,62.827999999999996,40
Argentina,Rice,Rice Blast,0.6077837209302325,42.56511627906977,15222.507441860467,59.61441860465116,43
Bangladesh,Millet,Millet Mosaic Virus,0.6077193548387098,43.697096774193554,18813.105806451615,59.04548387096774,31
Kenya,Potato,Early Blight,0.607698076923077,42.893846153846155,18987.669807692306,59.894615384615385,52
Brazil,Cucumber,Downy Mildew,0.6075388888888889,43.17527777777778,17990.113796296297,60.37722222222222,108
New Zealand,Banana,Black Sigatoka,0.6075347826086956,42.14021739130435,18354.82956521739,59.30304347826087,46
Turkey,Chickpea,Ascochyta Blight,0.6074638888888889,42.94268518518519,16982.26898148148,59.8712962962963,108
USA,Rice,Rice Tungro Virus,0.6074270270270271,42.94783783783784,17941.62027027027,60.25027027027028,37
Vietnam,Tea,Tea Blister Blight,0.607275,42.21333333333333,18332.404074074075,58.62898148148148,108
Papua New Guinea,Groundnut,Tikka Leaf Spot,0.6072731481481481,42.79342592592592,20004.530185185184,58.68212962962963,108
China,Coffee,Coffee Leaf Rust,0.6072537037037037,42.76731481481482,16394.674444444445,59.27537037037037,108
Papua New Guinea,Lentil,Lentil Rust,0.6071972222222222,42.74194444444444,18484.952222222222,58.31407407407408,108
Australia,Banana,Panama Disease,0.607116129032258,44.01064516129032,20727.22887096774,62.99935483870968,62
Kenya,Cucumber,Downy Mildew,0.6070564814814815,42.840833333333336,19126.505833333333,60.113055555555555,108
Ethiopia,Mung Bean,Mung Bean Root Rot,0.6069166666666667,42.57541666666667,18053.320833333335,59.70291666666666,24
Papua New Guinea,Millet,Millet Root Rot,0.6068027027027026,42.66162162162162,19796.206486486488,58.452432432432424,37
Ethiopia,Tea,Tea Blister Blight,0.6067222222222222,42.07990740740741,19408.32537037037,59.19935185185185,108
Kenya,Garlic,Garlic Leaf Spot,0.6066710526315789,43.11157894736842,19770.105,60.69026315789474,38
Papua New Guinea,Apple,Apple Scab,0.6066055555555556,42.25092592592593,17197.38888888889,57.74314814814815,108
Kenya,Eggplant,Phomopsis Blight,0.6065814814814815,43.0487962962963,18937.85027777778,60.11351851851852,108
USA,Banana,Black Sigatoka,0.6065,41.76461538461539,19817.40730769231,58.31519230769231,52
Ukraine,Wheat,Wheat Rust,0.6064896551724138,42.34379310344828,18268.544137931036,59.17879310344827,58
Ghana,Millet,Millet Root Rot,0.6064775,43.9935,20113.95325,61.0005,40
Ghana,Lentil,Lentil Rust,0.6064203703703703,42.87796296296296,16921.126666666667,59.731203703703706,108
Vietnam,Barley,Barley Root Rot,0.6062805555555556,42.460277777777776,19867.122222222224,58.05944444444444,36
Kenya,Lentil,Lentil Rust,0.6062407407407407,42.8012037037037,17721.0475,60.14685185185185,108
France,Banana,Black Sigatoka,0.6061927272727273,42.424181818181815,16330.415636363636,59.280727272727276,55
Spain,Soybean,Soybean Rust,0.6059361111111111,42.42351851851851,17715.215,58.90240740740741,108
Thailand,Pomegranate,Pomegranate Mosaic Virus,0.6058769230769231,42.11923076923077,19326.417307692307,59.971923076923076,26
China,Garlic,Garlic Mosaic Virus,0.6058181818181818,43.406969696969696,17777.742121212123,59.800909090909094,33
Kenya,Barley,Barley Leaf Spot,0.6057925,44.078250000000004,19012.68825,61.059000000000005,40
India,Pea,Pea Root Rot,0.6057739130434783,42.94391304347826,18098.509347826086,59.93108695652174,46
South Africa,Rice,Bacterial Leaf Blight,0.6057176470588236,43.394411764705886,18834.08529411765,63.87558823529412,34
Kenya,Tea,Tea Blister Blight,0.6056879629629629,43.61712962962962,18104.757222222222,60.321111111111115,108
Ghana,Sorghum,Sorghum Leaf Spot,0.6055975609756098,42.91829268292683,19080.719024390244,60.04463414634146,41
Italy,Coffee,Coffee Leaf Rust,0.6055750000000001,42.34740740740741,17093.382592592592,58.825,108
Kenya,Millet,Millet Root Rot,0.6054969696969698,42.07969696969697,17825.30787878788,59.54545454545455,33
Ghana,Potato,Early Blight,0.6054722222222223,43.01185185185185,17320.247037037036,59.79666666666667,54
Indonesia,Guava,Guava Leaf Spot,0.6053365853658537,41.97829268292683,19441.436097560974,57.697560975609754,41
New Zealand,Cotton,Cotton Wilt,0.6052818181818183,42.555090909090914,18655.341454545454,60.14454545454545,55
Mexico,Grapes,Downy Mildew,0.6052361111111111,44.506388888888885,17384.882314814815,62.730555555555554,108
Argentina,Mango,Anthracnose,0.6051314814814815,42.08833333333333,18394.104537037038,59.25805555555556,108
Thailand,Lentil,Lentil Rust,0.605075925925926,43.356203703703706,19760.226944444443,60.43435185185185,108
Brazil,Cauliflower,Cauliflower Leaf Spot,0.6049790697674419,42.946744186046516,19006.633255813955,59.8053488372093,43
New Zealand,Wheat,Wheat Rust,0.6049239130434783,42.19282608695652,20699.41347826087,59.18217391304348,46
Turkey,Soybean,Soybean Rust,0.6049055555555556,43.01333333333333,18678.788333333334,59.91287037037037,108
Australia,Potato,Late Blight,0.6049018181818181,43.07381818181818,17910.28418181818,61.51163636363636,55
Turkey,Coffee,Coffee Leaf Rust,0.604886111111111,42.72,18396.434074074074,59.857777777777784,108
Morocco,Potato,Late Blight,0.604875,43.09865384615385,16542.354423076926,62.02634615384615,52
Kenya,Sorghum,Sorghum Root Rot,0.6048317073170733,42.083414634146344,18776.383658536586,58.77780487804878,41
India,Pomegranate,Pomegranate Root Rot,0.604735,42.58075,16846.00475,59.84075,40
Brazil,Sugarcane,Smut,0.6046053571428571,43.417857142857144,18965.02946428571,60.550892857142856,56
India,Barley,Barley Root Rot,0.6045567567567568,42.34891891891892,17850.995945945946,59.03270270270271,37
China,Tomato,Bacterial Wilt,0.6045371428571429,41.22085714285714,18061.058571428573,58.022,35
Ethiopia,Wheat,Powdery Mildew,0.6045321428571429,42.63160714285714,19493.202500000003,59.78035714285714,56
Vietnam,Cocoa,Cocoa Leaf Spot,0.6044916666666666,42.53722222222222,18529.475,58.35861111111111,36
Vietnam,Carrot,Carrot Leaf Spot,0.6044529411764706,41.99735294117647,18164.81294117647,58.010882352941174,34
Ghana,Sugarcane,Smut,0.6043888888888889,43.22314814814815,19024.480370370373,60.400925925925925,54
Papua New Guinea,Tomato,Tomato Yellow Leaf Curl Virus,0.6043827586206897,40.984482758620686,18445.72689655172,56.78206896551724,29
USA,Tomato,Tomato Early Blight,0.6043540540540541,43.50108108108108,18255.883783783782,59.398648648648646,37
New Zealand,Tomato,Bacterial Wilt,0.6043121212121212,43.665151515151514,18150.517272727273,60.19181818181818,33
Nigeria,Sunflower,Downy Mildew,0.6042962962962962,42.61981481481481,17293.648425925927,59.70175925925926,108
Papua New Guinea,Rice,Bacterial Leaf Blight,0.6042842105263159,42.13578947368421,19135.53342105263,57.646052631578954,38
Mexico,Potato,Early Blight,0.604204081632653,42.58714285714286,17978.25367346939,61.329795918367346,49
Ukraine,Coffee,Coffee Leaf Rust,0.604125,43.25888888888889,18433.741203703703,60.25240740740741,108
India,Tea,Tea Blister Blight,0.6041046296296296,42.368240740740745,18956.418703703705,59.42824074074074,108
Germany,Potato,Late Blight,0.6040984126984127,42.1852380952381,18531.695714285717,59.21079365079365,63
Ukraine,Mango,Anthracnose,0.6040731481481482,42.63814814814815,19376.793703703705,59.37259259259259,108
Ghana,Groundnut,Tikka Leaf Spot,0.6040444444444445,42.791666666666664,18174.187962962962,59.94972222222222,108
Colombia,Eggplant,Phomopsis Blight,0.604011111111111,42.993981481481484,16917.520462962962,60.19712962962963,108
Australia,Rice,Bacterial Leaf Blight,0.60400625,44.116875,16730.4571875,62.01875,32
Bangladesh,Garlic,Garlic Root Rot,0.6039777777777778,43.54694444444445,17860.567499999997,59.53555555555556,36
Vietnam,Sorghum,Sorghum Leaf Spot,0.6038771428571429,43.58685714285714,18469.112,59.651714285714284,35
France,Tomato,Bacterial Wilt,0.6038571428571429,41.85057142857143,17429.867142857143,58.70457142857143,35
New Zealand,Coffee,Coffee Leaf Rust,0.6037259259259259,42.725,18630.190925925926,59.74462962962963,108
Bangladesh,Sunflower,Downy Mildew,0.6036944444444444,42.78824074074074,19002.674814814814,58.66861111111111,108
Bangladesh,Carrot,Carrot Leaf Spot,0.603588888888889,41.36814814814815,17825.65185185185,56.64518518518519,27
Ethiopia,Apple,Apple Scab,0.6035111111111111,42.39435185185185,17640.10111111111,59.43592592592592,108
USA,Chickpea,Ascochyta Blight,0.6033916666666665,42.256203703703704,17147.24027777778,58.85268518518519,108
Colombia,Onion,Downy Mildew,0.6033435185185185,42.22833333333333,19366.282314814816,59.704629629629636,108
New Zealand,Cotton,Cotton Leaf Curl Virus,0.6032867924528302,41.53283018867924,16942.874528301887,58.494339622641505,53
Morocco,Coffee,Coffee Leaf Rust,0.6032453703703703,44.00592592592593,19011.14314814815,63.02194444444444,108
Kenya,Canola,Canola Root Rot,0.6030794117647059,42.35264705882353,17970.18705882353,59.815,34
China,Banana,Black Sigatoka,0.6029381818181818,41.28218181818182,19296.504727272728,58.140181818181816,55
Indonesia,Okra,Okra Mosaic Virus,0.6027864864864865,43.51459459459459,19217.533783783783,59.11243243243243,37
Colombia,Canola,Canola Root Rot,0.6027852941176471,40.79529411764706,17643.90588235294,58.8714705882353,34
South Africa,Cabbage,Black Rot,0.6027407407407408,43.69527777777778,18448.745555555557,62.43666666666667,108
Thailand,Cauliflower,Cauliflower Leaf Spot,0.6027394736842105,42.991578947368424,17386.144210526316,60.462105263157895,38
India,Mung Bean,Mung Bean Root Rot,0.6027128205128205,43.45743589743589,18974.14076923077,60.58410256410257,39
New Zealand,Okra,Okra Mosaic Virus,0.6026228571428571,42.77771428571429,19112.54,58.61085714285715,35
Germany,Canola,Canola Mosaic Virus,0.602609375,41.9590625,15701.9184375,58.8421875,32
New Zealand,Cauliflower,Cauliflower Mosaic Virus,0.6024763157894737,42.166315789473686,15874.884736842105,58.96789473684211,38
France,Cocoa,Cocoa Mosaic Virus,0.602403125,42.0075,14313.309375,58.6390625,32
Kenya,Garlic,Garlic Root Rot,0.60235,41.595588235294116,16869.02735294118,58.90735294117647,34
Turkey,Pea,Pea Mosaic Virus,0.60234,42.382,15531.821333333333,59.691,30
Turkey,Tomato,Tomato Yellow Leaf Curl Virus,0.602321052631579,42.23894736842105,19343.566842105265,58.740526315789474,38
Egypt,Tomato,Bacterial Wilt,0.6022424242424242,43.04666666666667,17199.48181818182,61.89515151515151,33
France,Canola,Canola Mosaic Virus,0.602240625,43.105,16949.4434375,58.9184375,32
Iran,Pomegranate,Pomegranate Mosaic Virus,0.6021285714285715,42.29928571428571,16975.178571428572,61.90107142857143,28
Nigeria,Onion,Downy Mildew,0.6020898148148148,42.780833333333334,17955.580925925926,59.60768518518518,108
Thailand,Tea,Tea Blister Blight,0.602075,42.32833333333333,18390.97740740741,59.3487962962963,108
Nigeria,Garlic,Garlic Root Rot,0.6020645161290323,41.405806451612904,18010.51806451613,59.0041935483871,31
Thailand,Carrot,Carrot Root Rot,0.602053125,43.3546875,18228.60875,60.215312499999996,32
Mexico,Cucumber,Downy Mildew,0.6020444444444444,44.27685185185185,18241.935648148148,62.264722222222225,108
Colombia,Barley,Barley Root Rot,0.6020435897435897,42.05307692307692,18556.3141025641,59.11717948717949,39
USA,Soybean,Soybean Rust,0.6020083333333334,42.52166666666667,17581.245,59.01287037037037,108
Vietnam,Millet,Millet Mosaic Virus,0.601974358974359,41.724102564102566,17933.46051282051,57.385128205128204,39
Papua New Guinea,Cocoa,Cocoa Root Rot,0.6019545454545455,41.580681818181816,19617.04227272727,57.36318181818182,44
Indonesia,Garlic,Garlic Mosaic Virus,0.6018705882352942,41.4014705882353,16411.014705882353,57.52441176470588,34
Papua New Guinea,Garlic,Garlic Leaf Spot,0.6018405405405406,41.43135135135135,19398.651891891892,57.09837837837838,37
Thailand,Pomegranate,Pomegranate Root Rot,0.6017485714285714,42.31771428571428,20622.547714285713,59.364285714285714,35
Ghana,Millet,Millet Leaf Spot,0.6017370370370371,42.96259259259259,15069.034074074074,60.06481481481482,27
USA,Coffee,Coffee Leaf Rust,0.601712962962963,42.03490740740741,17484.26064814815,59.31064814814815,108
Pakistan,Tomato,Bacterial Wilt,0.6016594594594594,43.25621621621622,18017.895405405405,62.11378378378379,37
New Zealand,Guava,Guava Mosaic Virus,0.6016114285714286,41.83542857142857,17793.466,58.68942857142857,35
Kenya,Maize,Maize Smut,0.6015907407407407,42.651111111111106,20416.545185185183,58.955000000000005,54
Australia,Banana,Black Sigatoka,0.6015717391304348,42.77717391304348,17305.38804347826,61.40804347826087,46
Ghana,Cocoa,Cocoa Root Rot,0.6015166666666667,41.880833333333335,16164.806666666665,60.47833333333333,24
China,Tomato,Tomato Yellow Leaf Curl Virus,0.6015028571428571,43.26428571428571,19695.511142857144,60.79857142857142,35
USA,Mango,Anthracnose,0.6014916666666666,43.02138888888889,18915.81611111111,59.21629629629629,108
Nigeria,Okra,Okra Leaf Spot,0.6014658536585366,43.084634146341465,19274.45243902439,59.511707317073174,41
Italy,Tomato,Bacterial Wilt,0.6014232558139535,42.70511627906976,18140.93511627907,59.13023255813953,43
Indonesia,Carrot,Carrot Root Rot,0.6013631578947368,41.991578947368424,16868.14289473684,57.25236842105264,38
Spain,Barley,Barley Mosaic Virus,0.6013404761904761,41.483333333333334,19259.586904761905,58.35952380952381,42
Turkey,Cauliflower,Cauliflower Mosaic Virus,0.6013,41.77428571428571,17420.311904761904,58.34238095238096,42
Thailand,Sunflower,Downy Mildew,0.6012805555555555,42.759166666666665,19704.439351851852,59.66555555555556,108
Nigeria,Lentil,Lentil Rust,0.6012638888888888,43.064629629629636,19240.648333333334,60.00231481481482,108
Germany,Grapes,Downy Mildew,0.6012481481481481,42.99962962962963,19684.107222222225,60.18388888888889,108
Morocco,Rice,Rice Blast,0.6011842105263158,42.77026315789474,18935.45447368421,61.43421052631579,38
New Zealand,Chickpea,Ascochyta Blight,0.6010962962962964,42.136388888888895,18352.99166666667,59.204629629629636,108
China,Pomegranate,Pomegranate Mosaic Virus,0.6008894736842105,42.535,17693.556842105263,59.64421052631579,38
Ghana,Pea,Pea Root Rot,0.6008,42.474545454545456,16125.614090909092,59.78886363636364,44
Vietnam,Onion,Downy Mildew,0.6007648148148148,42.04870370370371,18386.631944444445,57.8975,108
China,Barley,Barley Mosaic Virus,0.6007176470588235,42.919117647058826,16452.680294117647,60.207647058823525,34
China,Potato,Late Blight,0.6006903846153846,42.64692307692307,19486.016153846154,59.80307692307693,52
Vietnam,Pea,Pea Leaf Spot,0.6006375,43.3246875,18520.3821875,59.2575,32
France,Chickpea,Ascochyta Blight,0.6005296296296296,42.07018518518518,18077.804351851853,58.797407407407405,108
Indonesia,Apple,Apple Scab,0.6004824074074073,42.11240740740741,17752.811666666665,57.81666666666666,108
France,Guava,Guava Mosaic Virus,0.6004615384615385,41.49730769230769,19255.913076923076,58.341153846153844,26
Argentina,Sugarcane,Red Rot,0.6003982456140351,42.15824561403509,17304.87649122807,59.149298245614034,57
Nigeria,Wheat,Powdery Mildew,0.6003540983606558,42.95852459016393,20345.526393442626,59.93934426229509,61
Ethiopia,Mung Bean,Mung Bean Leaf Spot,0.6003414634146341,43.41341463414634,19406.54268292683,60.80780487804878,41
Vietnam,Garlic,Garlic Root Rot,0.6003058823529411,43.109117647058824,20781.032352941176,58.345882352941175,34
Nigeria,Millet,Millet Leaf Spot,0.6002711111111111,43.18333333333333,16500.564222222223,59.56333333333333,45
China,Chickpea,Ascochyta Blight,0.6002703703703703,42.19453703703704,16810.3825,59.374351851851856,108
India,Sugarcane,Smut,0.6002313725490196,42.044901960784316,18653.72019607843,58.793921568627454,51
Argentina,Canola,Canola Mosaic Virus,0.6002151515151515,43.06030303030303,19277.673636363637,59.99727272727273,33
Germany,Cotton,Cotton Wilt,0.6001041666666667,42.378125000000004,20023.021041666667,59.34583333333333,48
Pakistan,Chickpea,Ascochyta Blight,0.6000314814814814,42.61407407407407,18804.527962962962,61.48518518518518,108
Nigeria,Okra,Okra Mosaic Virus,0.5999387096774194,42.32806451612903,18593.182258064517,59.05096774193548,31
Brazil,Onion,Downy Mildew,0.5999287037037037,42.15277777777778,19454.67648148148,59.02148148148148,108
Bangladesh,Mung Bean,Mung Bean Leaf Spot,0.5998948717948718,43.04923076923077,18186.182307692306,59.39897435897436,39
Turkey,Tomato,Bacterial Wilt,0.5998689655172413,42.571724137931035,22757.862413793104,59.3751724137931,29
Canada,Canola,Canola Mosaic Virus,0.5998464285714286,43.1175,17652.60142857143,58.98428571428571,28
Papua New Guinea,Canola,Canola Root Rot,0.599842105263158,41.49131578947369,18891.432368421054,57.25315789473684,38
Spain,Rice,Rice Tungro Virus,0.599828,42.834399999999995,20402.108799999998,60.656800000000004,25
Iran,Banana,Panama Disease,0.5998244897959184,42.751224489795916,17215.396530612245,61.614285714285714,49
Ethiopia,Okra,Okra Leaf Spot,0.5997809523809524,43.52571428571429,18753.880476190476,59.98119047619048,42
France,Citrus,Citrus Canker,0.5997694444444444,41.75444444444444,18126.602962962963,58.456944444444446,108
Italy,Canola,Canola Mosaic Virus,0.599704255319149,41.99957446808511,16998.868723404255,59.218936170212764,47
Brazil,Barley,Barley Root Rot,0.5995724137931034,40.968275862068964,19402.281379310345,57.72896551724138,29
Kenya,Pea,Pea Mosaic Virus,0.5995222222222223,41.64148148148148,16242.80037037037,58.56666666666666,27
Nigeria,Millet,Millet Root Rot,0.5994653846153846,44.02153846153846,18524.45423076923,61.363076923076925,26
Colombia,Tea,Tea Blister Blight,0.5994398148148148,42.12537037037037,17832.243611111113,59.33953703703704,108
New Zealand,Chili,Anthracnose,0.5994055555555555,41.962037037037035,19069.500740740743,58.31212962962963,108
China,Soybean,Soybean Rust,0.5993685185185186,42.63314814814815,19051.04074074074,59.435740740740734,108
China,Cauliflower,Cauliflower Mosaic Virus,0.5992882352941177,42.656470588235294,19075.837352941177,59.8714705882353,34
Morocco,Soybean,Soybean Rust,0.5992342592592592,43.457499999999996,19065.742222222223,62.16777777777778,108
New Zealand,Sorghum,Sorghum Root Rot,0.5992,41.03967741935484,22195.509677419355,58.69516129032258,31
Ethiopia,Garlic,Garlic Leaf Spot,0.5991833333333334,42.49333333333333,16646.727142857144,59.85166666666667,42
Ukraine,Pomegranate,Pomegranate Mosaic Virus,0.5991714285714286,42.13595238095238,17748.687380952382,58.93166666666667,42
Canada,Cotton,Cotton Leaf Curl Virus,0.5991684210526316,42.81982456140351,18348.5250877193,58.42526315789473,57
Brazil,Pomegranate,Pomegranate Root Rot,0.5991555555555556,41.306666666666665,17575.623703703706,57.99666666666667,27
Nigeria,Pea,Pea Root Rot,0.599145945945946,41.660270270270274,18658.171891891892,57.93864864864865,37
Papua New Guinea,Pea,Pea Leaf Spot,0.5991410256410256,41.02153846153846,19529.96,57.22717948717949,39
India,Pomegranate,Pomegranate Leaf Spot,0.5991282051282051,43.16717948717949,19598.293333333335,61.038717948717945,39
Brazil,Cauliflower,Cauliflower Root Rot,0.5990771428571429,44.006,19608.13542857143,61.163714285714285,35
Indonesia,Maize,Maize Smut,0.5990734693877551,42.11244897959183,18827.992857142857,57.16183673469387,49
Colombia,Garlic,Garlic Root Rot,0.599041935483871,42.28290322580645,15721.052903225807,58.971612903225804,31
New Zealand,Sorghum,Sorghum Mosaic Virus,0.5989473684210527,41.552368421052634,18873.421842105265,59.2721052631579,38
Ghana,Carrot,Carrot Root Rot,0.59885625,42.6625,15738.368125,59.150625,32
Indonesia,Pea,Pea Root Rot,0.5988444444444444,43.325,17845.022777777776,58.85055555555555,36
New Zealand,Grapes,Downy Mildew,0.5988268518518518,41.82194444444445,17976.679537037035,58.25092592592593,108
Indonesia,Tea,Tea Blister Blight,0.5988055555555556,42.63342592592593,18008.109907407408,58.24796296296296,108
Italy,Banana,Black Sigatoka,0.5986509803921568,41.116470588235295,15781.723137254901,57.78294117647059,51
Papua New Guinea,Guava,Guava Root Rot,0.5986428571428571,41.238571428571426,16888.594285714287,57.83685714285714,35
Ethiopia,Guava,Guava Leaf Spot,0.5986380952380953,42.81904761904762,18620.553333333333,59.79714285714286,42
Ghana,Apple,Apple Scab,0.5986314814814814,43.10731481481481,18300.031296296296,60.03861111111111,108
Vietnam,Millet,Millet Leaf Spot,0.5986243243243243,40.954324324324325,17981.526216216214,56.08918918918919,37
Brazil,Millet,Millet Leaf Spot,0.5986063829787234,43.723829787234045,18885.01914893617,60.70914893617021,47
Australia,Coffee,Coffee Leaf Rust,0.5984398148148148,43.12166666666667,18845.32935185185,62.10435185185185,108
Indonesia,Sunflower,Downy Mildew,0.5982638888888888,41.2825,17295.675277777777,56.70611111111111,108
Italy,Okra,Okra Mosaic Virus,0.5982555555555555,43.63611111111111,18685.109444444442,60.00222222222222,36
Ethiopia,Carrot,Carrot Root Rot,0.5981757575757576,41.66090909090909,17134.20212121212,58.776060606060604,33
Germany,Tomato,Bacterial Wilt,0.5981722222222222,41.995555555555555,19352.474444444444,58.51138888888889,36
New Zealand,Canola,Canola Mosaic Virus,0.5981290322580646,43.01387096774194,18410.69322580645,58.776774193548384,31
Mexico,Groundnut,Tikka Leaf Spot,0.5981037037037038,43.55398148148148,19247.912037037036,62.23037037037037,108
Ukraine,Pea,Pea Mosaic Virus,0.5980647058823529,42.372058823529414,20288.69,58.79911764705883,34
India,Okra,Okra Root Rot,0.598025641025641,41.550769230769234,19655.611282051283,57.92,39
China,Guava,Guava Mosaic Virus,0.5979666666666666,42.355384615384615,17390.139487179487,59.076153846153844,39
Indonesia,Pomegranate,Pomegranate Leaf Spot,0.5979657142857142,42.34428571428571,16922.02285714286,58.97885714285715,35
Australia,Tomato,Bacterial Wilt,0.5978967741935484,43.1541935483871,16987.229677419356,62.342580645161284,31
New Zealand,Sugarcane,Red Rot,0.5977166666666667,41.14270833333333,17553.431041666667,57.92041666666666,48
Brazil,Sorghum,Sorghum Root Rot,0.5976810810810811,42.550810810810816,19468.00189189189,59.042432432432435,37
Argentina,Maize,Northern Corn Leaf Blight,0.597646,41.2984,17478.3902,58.5278,50
Ethiopia,Cocoa,Cocoa Leaf Spot,0.5976121951219512,42.73634146341463,18430.42756097561,59.717804878048774,41
Spain,Wheat,Wheat Rust,0.5974072727272727,42.818,16876.143454545454,59.438909090909085,55
Turkey,Sorghum,Sorghum Mosaic Virus,0.5974025000000001,42.0105,19388.608,58.92075,40
USA,Potato,Early Blight,0.5972714285714286,42.57803571428571,19649.296785714287,58.31178571428571,56
Germany,Cauliflower,Cauliflower Mosaic Virus,0.5972342857142857,41.40142857142857,19158.184857142856,57.74714285714286,35
Indonesia,Cauliflower,Cauliflower Leaf Spot,0.59715,42.9796875,20606.49625,58.99875,32
Spain,Carrot,Carrot Mosaic Virus,0.5971363636363637,44.200303030303026,19944.207575757577,60.68636363636364,33
Thailand,Guava,Guava Root Rot,0.5970533333333333,41.79266666666667,21253.394333333334,59.01733333333333,30
Kenya,Cauliflower,Cauliflower Root Rot,0.5969827586206896,42.36,16537.34068965517,59.90551724137931,29
Argentina,Pea,Pea Mosaic Virus,0.5968725,42.85825,21232.54075,59.467999999999996,40
Argentina,Mung Bean,Mung Bean Mosaic Virus,0.5967647058823529,39.694411764705876,17532.125294117646,57.30882352941177,34
Colombia,Garlic,Garlic Leaf Spot,0.5967243243243243,43.35972972972973,19009.25756756757,59.63621621621621,37
Kenya,Onion,Downy Mildew,0.5966166666666667,41.28740740740741,18488.083518518517,58.548796296296295,108
India,Okra,Okra Leaf Spot,0.5966161290322581,40.818064516129034,20765.312580645164,58.15193548387097,31
Egypt,Chickpea,Ascochyta Blight,0.5965953703703704,42.29888888888889,17139.355,61.71009259259259,108
Germany,Mango,Anthracnose,0.5965851851851852,41.545370370370364,17344.204999999998,58.41953703703704,108
Bangladesh,Pea,Pea Root Rot,0.5963970588235294,41.62911764705883,18071.416470588236,56.695,34
Turkey,Mango,Anthracnose,0.5962861111111111,42.0262037037037,17744.97648148148,58.81490740740741,108
Turkey,Cotton,Cotton Wilt,0.5961965517241379,41.59724137931034,19200.443275862068,58.615172413793104,58
Kenya,Canola,Canola Leaf Spot,0.5961785714285714,42.40214285714286,18586.883095238096,59.54666666666667,42
USA,Cauliflower,Cauliflower Mosaic Virus,0.5961783783783783,42.08810810810811,17845.83054054054,58.6172972972973,37
New Zealand,Rice,Rice Tungro Virus,0.5960974358974359,41.895384615384614,16304.784102564101,58.593589743589746,39
Bangladesh,Cocoa,Cocoa Root Rot,0.5960903225806452,41.011935483870964,19569.702903225807,57.23903225806452,31
Kenya,Pea,Pea Root Rot,0.5960795454545454,42.3325,16555.798863636363,59.71840909090909,44
Ghana,Onion,Downy Mildew,0.5958953703703704,41.97416666666667,16593.13601851852,59.128055555555555,108
Spain,Pomegranate,Pomegranate Mosaic Virus,0.5958675,42.5075,20115.2395,59.14375,40
Ukraine,Barley,Barley Mosaic Virus,0.5956292682926829,41.56268292682927,17082.8156097561,58.18195121951219,41
Vietnam,Okra,Okra Root Rot,0.595555,41.3815,18099.38075,56.86325000000001,40
Argentina,Garlic,Garlic Mosaic Virus,0.5953352941176471,41.27617647058823,21150.79705882353,58.68352941176471,34
France,Wheat,Wheat Rust,0.5953290909090909,41.74018181818182,18342.038545454547,58.50727272727273,55
Italy,Mango,Anthracnose,0.5952962962962963,41.774537037037035,17925.109814814816,58.69583333333333,108
Indonesia,Canola,Canola Leaf Spot,0.5952955555555556,41.69177777777778,17876.091555555555,57.26777777777778,45
Bangladesh,Okra,Okra Leaf Spot,0.5951766666666667,40.464000000000006,18568.215333333334,56.733333333333334,30
Nigeria,Cauliflower,Cauliflower Mosaic Virus,0.5951742857142857,40.428,17752.56542857143,57.54914285714286,35
Turkey,Maize,Northern Corn Leaf Blight,0.5950510638297872,41.081702127659575,18055.361063829787,57.87723404255319,47
Ethiopia,Garlic,Garlic Root Rot,0.5950441860465117,43.48069767441861,19826.207441860464,60.038604651162785,43
Ghana,Tea,Tea Blister Blight,0.5950240740740741,42.21194444444445,17772.833611111113,58.96944444444444,108
Pakistan,Millet,Millet Root Rot,0.5950219512195122,41.77829268292683,17069.08317073171,60.69560975609756,41
Thailand,Canola,Canola Leaf Spot,0.5949631578947369,42.38789473684211,18499.835263157893,59.893947368421045,38
Bangladesh,Tea,Tea Blister Blight,0.594961111111111,42.25435185185185,19128.70564814815,58.08064814814815,108
Thailand,Canola,Canola Root Rot,0.5949029411764706,42.2385294117647,16369.721176470588,59.40882352941177,34
Brazil,Pea,Pea Leaf Spot,0.5947564102564102,41.866410256410255,15722.97871794872,58.31282051282051,39
Vietnam,Apple,Apple Scab,0.5946935185185185,41.96351851851852,18271.52962962963,57.10611111111111,108
Ukraine,Pomegranate,Pomegranate Root Rot,0.5946657142857144,41.10914285714286,18314.063714285712,58.084857142857146,35
Thailand,Barley,Barley Leaf Spot,0.5946186046511628,42.01255813953488,17239.33511627907,59.22441860465116,43
Brazil,Pomegranate,Pomegranate Leaf Spot,0.594596,42.40560000000001,20252.6092,59.20399999999999,50
Kenya,Pomegranate,Pomegranate Root Rot,0.59454375,43.8565625,18027.4053125,60.6240625,32
Colombia,Maize,Maize Smut,0.5945204545454545,42.41977272727273,19145.709318181816,59.38863636363636,44
New Zealand,Sugarcane,Smut,0.5944983333333334,41.3555,17999.26083333333,58.7255,60
Ghana,Eggplant,Phomopsis Blight,0.5944981481481482,42.62388888888889,19056.367407407408,60.00481481481481,108
Argentina,Wheat,Wheat Rust,0.5944677419354839,42.413548387096775,16371.041451612902,58.78725806451613,62
Ukraine,Cocoa,Cocoa Mosaic Virus,0.59445625,40.279375,17494.929375,56.7175,32
USA,Garlic,Garlic Mosaic Virus,0.5942911764705883,41.83470588235294,16500.418529411763,59.760882352941174,34
Mexico,Barley,Barley Root Rot,0.5942833333333334,43.906388888888884,21680.022222222222,62.67666666666667,36
Turkey,Rice,Rice Tungro Virus,0.5940309523809524,41.790238095238095,17658.165714285715,58.73309523809524,42
Papua New Guinea,Sugarcane,Smut,0.5939384615384615,42.732769230769236,18312.163538461537,58.346923076923076,65
Indonesia,Sorghum,Sorghum Leaf Spot,0.59385,41.655227272727274,17314.895454545454,57.82386363636363,44
Kenya,Pomegranate,Pomegranate Leaf Spot,0.5938264705882353,42.268235294117645,16065.15794117647,58.72529411764706,34
Ukraine,Barley,Barley Root Rot,0.5938166666666667,41.79333333333333,20294.539333333334,59.02066666666667,30
Ethiopia,Cauliflower,Cauliflower Root Rot,0.5937928571428571,40.96964285714286,13692.23,57.363214285714285,28
Turkey,Banana,Black Sigatoka,0.5937904761904762,42.6584126984127,20217.68619047619,59.42952380952381,63
Ghana,Cauliflower,Cauliflower Leaf Spot,0.5937794871794871,42.775897435897434,18778.05051282051,59.56641025641026,39
Germany,Wheat,Wheat Rust,0.5936180327868853,41.22672131147541,17155.089836065574,57.76901639344262,61
China,Carrot,Carrot Mosaic Virus,0.593592,41.466800000000006,19562.4372,57.142799999999994,25
Nigeria,Pea,Pea Leaf Spot,0.5934914285714287,41.27742857142857,17355.60542857143,57.72485714285714,35
Italy,Mung Bean,Mung Bean Mosaic Virus,0.5934642857142858,42.45928571428571,18283.844285714287,58.652142857142856,28
Ethiopia,Pea,Pea Root Rot,0.5933689655172414,43.56103448275862,15001.395517241379,60.34758620689655,29
India,Pomegranate,Pomegranate Mosaic Virus,0.5933344827586208,41.73034482758621,18934.704137931036,58.01413793103448,29
Turkey,Pomegranate,Pomegranate Mosaic Virus,0.5932862068965518,42.05931034482759,15310.289310344828,57.78206896551724,29
Brazil,Millet,Millet Root Rot,0.5932862068965518,42.21103448275862,17122.21551724138,59.750689655172415,29
Egypt,Soybean,Soybean Rust,0.5932537037037037,42.49787037037037,18100.360277777778,61.184999999999995,108
Morocco,Sugarcane,Red Rot,0.5932313725490196,42.73529411764706,20052.507647058825,60.76450980392158,51
Ghana,Garlic,Garlic Leaf Spot,0.5931243902439025,41.090731707317076,17976.141219512196,58.40073170731707,41
Indonesia,Sorghum,Sorghum Root Rot,0.5930764705882353,42.400588235294116,18577.665882352943,57.615,34
Ghana,Sorghum,Sorghum Root Rot,0.5930666666666667,41.98060606060606,17845.173636363637,59.25515151515152,33
Ukraine,Soybean,Soybean Rust,0.5930166666666666,42.248703703703704,17717.567962962963,58.84435185185185,108
Canada,Mung Bean,Mung Bean Mosaic Virus,0.5929255813953488,40.98906976744186,20814.61976744186,57.33976744186047,43
Kenya,Sorghum,Sorghum Leaf Spot,0.5929176470588234,42.51441176470588,17259.929411764704,59.68411764705883,34
Argentina,Carrot,Carrot Mosaic Virus,0.5928973684210527,41.50342105263157,17373.716842105263,57.832631578947364,38
Germany,Chickpea,Ascochyta Blight,0.5928925925925925,41.50759259259259,15921.584074074075,57.72157407407408,108
Morocco,Banana,Black Sigatoka,0.5928222222222223,43.00537037037037,15911.675000000001,61.304259259259254,54
Thailand,Cocoa,Cocoa Leaf Spot,0.5927764705882352,42.260588235294115,18589.87617647059,59.34294117647059,34
Mexico,Mango,Anthracnose,0.5926388888888888,43.045370370370364,18374.625092592592,61.702592592592595,108
Spain,Grapes,Downy Mildew,0.5925861111111111,41.888888888888886,18368.549074074075,58.29870370370371,108
Iran,Cocoa,Cocoa Root Rot,0.592518918918919,42.84297297297297,17049.654594594595,61.89594594594595,37
Ethiopia,Guava,Guava Root Rot,0.5924815789473684,41.894473684210524,14413.284473684209,59.937105263157896,38
Vietnam,Lentil,Lentil Rust,0.5924361111111112,40.75203703703704,17868.746574074074,56.22768518518519,108
Turkey,Mung Bean,Mung Bean Mosaic Virus,0.5924243902439025,41.13585365853658,18129.028536585367,57.88268292682927,41
India,Cocoa,Cocoa Root Rot,0.5924205882352941,42.08735294117647,14988.19294117647,59.03088235294118,34
Nigeria,Mung Bean,Mung Bean Root Rot,0.5922928571428572,42.67761904761905,19644.42428571429,59.23047619047619,42
China,Rice,Rice Blast,0.5922181818181818,40.92818181818182,18441.98424242424,57.3239393939394,33
Spain,Mung Bean,Mung Bean Mosaic Virus,0.5921933333333333,43.06222222222222,15577.96777777778,59.617333333333335,45
Ethiopia,Barley,Barley Root Rot,0.5921714285714286,42.029999999999994,19342.193928571425,59.25857142857143,28
Brazil,Pomegranate,Pomegranate Mosaic Virus,0.5921548387096774,41.37419354838709,19886.832903225804,57.975806451612904,31
Ghana,Guava,Guava Root Rot,0.5920545454545455,42.99,18393.700303030302,60.31424242424242,33
Argentina,Coffee,Coffee Leaf Rust,0.5920407407407408,41.586481481481485,18959.797962962963,58.79944444444445,108
Germany,Soybean,Soybean Rust,0.5920305555555556,41.911203703703706,18542.722222222223,58.41175925925926,108
Colombia,Cocoa,Cocoa Root Rot,0.592,41.43689655172414,17483.162413793103,58.96344827586207,29
Thailand,Sorghum,Sorghum Root Rot,0.5918864864864865,44.06567567567568,19934.813243243243,60.716486486486495,37
USA,Guava,Guava Mosaic Virus,0.5918846153846153,41.29153846153846,20847.780000000002,58.19615384615384,26
Papua New Guinea,Barley,Barley Root Rot,0.59185,41.96058823529412,21285.548529411764,57.34911764705882,34
Papua New Guinea,Sorghum,Sorghum Root Rot,0.591845,41.257999999999996,19577.40425,57.565250000000006,40
China,Chili,Anthracnose,0.5918296296296296,41.162222222222226,18900.278796296298,57.6837962962963,108
Mexico,Maize,Northern Corn Leaf Blight,0.5918189655172413,43.679310344827584,17265.526206896553,61.98586206896552,58
Spain,Mango,Anthracnose,0.5917981481481481,42.28990740740741,19698.22388888889,58.91731481481481,108
Colombia,Pea,Pea Root Rot,0.591783870967742,42.53032258064516,16812.151612903228,59.30258064516129,31
Thailand,Mung Bean,Mung Bean Leaf Spot,0.5916085714285714,41.681999999999995,18110.589428571428,59.084285714285706,35
Turkey,Chili,Anthracnose,0.591524074074074,41.2725,18621.132592592592,57.92842592592593,108
Argentina,Rice,Rice Tungro Virus,0.5912314285714286,41.93942857142857,17409.345142857142,58.63542857142856,35
Italy,Citrus,Citrus Canker,0.5909861111111111,41.29416666666667,18225.292314814815,57.55694444444444,108
Vietnam,Mung Bean,Mung Bean Leaf Spot,0.5909083333333334,41.114444444444445,18732.49777777778,56.676944444444445,36
Colombia,Pea,Pea Leaf Spot,0.5908775,42.646750000000004,20740.681,59.2285,40
France,Mango,Anthracnose,0.5908574074074074,41.29,18340.531944444443,57.89666666666667,108
Nigeria,Cocoa,Cocoa Leaf Spot,0.5908538461538461,41.612307692307695,20521.222564102565,58.0751282051282,39
Italy,Pomegranate,Pomegranate Mosaic Virus,0.5908177777777778,42.534666666666666,18225.604666666666,58.510666666666665,45
USA,Cotton,Cotton Wilt,0.5907614035087719,42.18982456140351,16571.92105263158,58.67333333333333,57
Vietnam,Wheat,Powdery Mildew,0.590725925925926,42.111111111111114,19261.330555555556,58.21314814814815,54
Nigeria,Sorghum,Sorghum Leaf Spot,0.5906266666666667,40.58566666666666,18202.70333333333,56.833999999999996,30
Iran,Soybean,Soybean Rust,0.5905055555555555,41.9800925925926,17507.97287037037,60.59305555555556,108
Australia,Chickpea,Ascochyta Blight,0.5904638888888889,41.87351851851852,17786.323888888888,60.60490740740741,108
South Africa,Banana,Black Sigatoka,0.5904061224489796,43.928979591836736,17216.481428571427,61.7,49
Argentina,Chili,Anthracnose,0.5903953703703704,41.24851851851852,18058.630648148148,58.0462037037037,108
Kenya,Cocoa,Cocoa Root Rot,0.5902875,41.667500000000004,16815.68,58.876,40
Brazil,Maize,Maize Smut,0.5902833333333333,43.12240740740741,17076.70296296296,59.24222222222222,54
Colombia,Lentil,Lentil Rust,0.5902101851851852,41.759166666666665,17851.28537037037,58.8987962962963,108
Spain,Cotton,Cotton Wilt,0.5902096153846154,42.06173076923077,16293.132692307692,58.535384615384615,52
France,Soybean,Soybean Rust,0.5901861111111111,42.35981481481481,19161.64787037037,59.24166666666667,108
Ukraine,Mung Bean,Mung Bean Mosaic Virus,0.5901828571428572,43.408,17091.297142857144,60.206285714285706,35
Iran,Rice,Rice Blast,0.5901736842105263,41.75368421052631,17541.25605263158,61.22552631578948,38
Argentina,Cauliflower,Cauliflower Mosaic Virus,0.5901567567567567,41.78027027027027,17051.03837837838,58.906756756756764,37
Morocco,Cabbage,Black Rot,0.5901268518518519,43.01203703703704,16986.11212962963,61.51092592592593,108
Italy,Chili,Anthracnose,0.5900453703703703,41.798611111111114,18112.72425925926,58.84046296296296,108
USA,Tomato,Bacterial Wilt,0.5899777777777778,41.085277777777776,17128.654444444444,58.42611111111111,36
Italy,Sugarcane,Red Rot,0.589969090909091,40.66272727272727,17944.43709090909,57.61109090909091,55
Brazil,Lentil,Lentil Rust,0.5898527777777778,41.58990740740741,18591.953055555554,58.64435185185185,108
Canada,Pomegranate,Pomegranate Mosaic Virus,0.5898472222222222,41.630833333333335,15322.434444444445,57.75444444444444,36
Kenya,Pea,Pea Leaf Spot,0.5897405405405405,41.429459459459466,19377.305675675678,58.46621621621622,37
France,Chili,Anthracnose,0.5897296296296296,41.32351851851851,17773.942592592593,57.821296296296296,108
Thailand,Garlic,Garlic Leaf Spot,0.5897242424242424,40.71969696969697,17379.42121212121,58.04272727272728,33
Argentina,Cabbage,Black Rot,0.5897148148148148,40.29657407407407,19087.561759259257,56.739444444444445,108
Italy,Garlic,Garlic Mosaic Virus,0.5895714285714285,40.6825,18412.668214285713,57.088928571428575,28
Colombia,Guava,Guava Root Rot,0.5895310344827586,42.84827586206896,20967.40344827586,59.16793103448276,29
Indonesia,Guava,Guava Root Rot,0.5894410256410256,41.37051282051282,18418.354615384615,57.13282051282051,39
Italy,Wheat,Wheat Rust,0.5893137254901961,41.42450980392157,16928.184705882355,57.624117647058824,51
Italy,Grapes,Downy Mildew,0.5892203703703704,41.217129629629625,20055.703981481478,57.758981481481484,108
New Zealand,Mung Bean,Mung Bean Mosaic Virus,0.5891939393939394,40.42515151515151,16377.042424242425,56.96757575757576,33
Canada,Tomato,Tomato Yellow Leaf Curl Virus,0.5891131578947368,41.87263157894737,17163.41,57.89631578947368,38
Spain,Citrus,Citrus Canker,0.5891120370370371,40.89851851851852,18179.742222222223,57.6875,108
Bangladesh,Mung Bean,Mung Bean Root Rot,0.5890928571428571,41.93964285714286,15340.153571428571,57.207499999999996,28
Morocco,Citrus,Citrus Canker,0.5890342592592592,41.70944444444444,19727.80287037037,60.3775,108
Brazil,Cocoa,Cocoa Leaf Spot,0.5890235294117647,42.491470588235295,17724.722352941175,59.732647058823524,34
Australia,Citrus,Citrus Canker,0.5890166666666666,43.016018518518514,19306.676296296297,61.714259259259265,108
France,Rice,Bacterial Leaf Blight,0.5889333333333333,42.323055555555555,18747.07,59.45111111111112,36
Bangladesh,Guava,Guava Root Rot,0.5889233333333334,42.14833333333333,20176.331666666665,58.19566666666667,30
Brazil,Okra,Okra Root Rot,0.5888232558139536,40.8493023255814,16716.149999999998,57.561860465116276,43
Kenya,Millet,Millet Leaf Spot,0.5888214285714286,42.15976190476191,16874.47,59.00166666666667,42
USA,Pomegranate,Pomegranate Mosaic Virus,0.5887763157894736,41.93921052631579,18009.115263157895,58.58052631578947,38
Thailand,Guava,Guava Leaf Spot,0.5887095238095238,42.02428571428571,19386.287619047616,58.85857142857143,42
Egypt,Cotton,Cotton Wilt,0.5885559322033899,41.72694915254237,16713.814576271187,59.87440677966102,59
Brazil,Sunflower,Downy Mildew,0.5884907407407408,41.99185185185185,17402.71388888889,58.90037037037037,108
USA,Cucumber,Downy Mildew,0.5884898148148148,41.56018518518518,17341.05324074074,57.88074074074074,108
Morocco,Banana,Panama Disease,0.5884666666666667,41.46981481481481,19809.008518518516,60.44481481481481,54
India,Barley,Barley Leaf Spot,0.5884583333333333,43.31,18371.4925,60.228611111111114,36
Australia,Cabbage,Black Rot,0.5884481481481482,42.533796296296295,19126.385000000002,61.398981481481485,108
Indonesia,Barley,Barley Leaf Spot,0.5883297297297297,39.91594594594595,14745.26945945946,54.70675675675676,37
Mexico,Apple,Apple Scab,0.5882944444444445,43.03027777777778,17816.395648148147,61.036018518518524,108
Germany,Cucumber,Downy Mildew,0.588287037037037,41.52879629629629,17664.43814814815,58.51203703703704,108
Ukraine,Banana,Black Sigatoka,0.5882395833333333,41.719375,17871.415624999998,58.35833333333333,48
Italy,Pea,Pea Mosaic Virus,0.5882242424242424,40.79333333333334,20265.056363636362,58.14424242424242,33
France,Rice,Rice Tungro Virus,0.5881954545454545,40.75954545454545,17631.43840909091,57.41386363636364,44
Turkey,Guava,Guava Mosaic Virus,0.5881566666666667,42.79566666666666,20120.99133333333,58.977999999999994,30
China,Okra,Okra Mosaic Virus,0.5881357142857142,41.38047619047619,18173.960714285713,57.67357142857143,42
China,Cabbage,Black Rot,0.5879916666666667,41.23416666666667,16743.208611111113,57.98777777777778,108
Mexico,Eggplant,Phomopsis Blight,0.5879777777777778,43.02824074074074,18907.89787037037,61.33583333333334,108
Spain,Pea,Pea Mosaic Virus,0.58794,41.916000000000004,17634.9405,58.435500000000005,40
Papua New Guinea,Cauliflower,Cauliflower Root Rot,0.587751282051282,41.33846153846154,16973.82076923077,56.26820512820513,39
China,Potato,Early Blight,0.5877392857142858,40.71125,18945.79892857143,57.542857142857144,56
China,Mango,Anthracnose,0.587737962962963,40.90203703703704,18942.090555555555,57.45675925925926,108
New Zealand,Cauliflower,Cauliflower Root Rot,0.5876303030303031,39.868787878787884,20202.247272727273,56.7569696969697,33
Ukraine,Rice,Bacterial Leaf Blight,0.5875967741935484,40.81225806451613,20500.62225806452,56.79387096774193,31
New Zealand,Barley,Barley Mosaic Virus,0.5875527777777778,41.93,17963.32861111111,58.841111111111104,36
China,Barley,Barley Root Rot,0.5874625,41.6734375,16155.495625,57.9346875,32
France,Sorghum,Sorghum Mosaic Virus,0.5874096774193549,42.052258064516124,17768.590967741933,59.31645161290322,31
Iran,Cotton,Cotton Wilt,0.5874058823529411,41.62313725490196,18733.911960784313,60.37627450980392,51
Ghana,Carrot,Carrot Leaf Spot,0.5873628571428572,41.65542857142857,17204.692857142858,58.91228571428571,35
Ukraine,Citrus,Citrus Canker,0.5873351851851852,41.772777777777776,17308.754166666666,58.60333333333333,108
Papua New Guinea,Carrot,Carrot Leaf Spot,0.5872263157894736,41.68473684210526,22209.991842105264,57.18605263157895,38
Spain,Maize,Maize Smut,0.5871839285714285,41.67839285714286,19068.328928571427,58.396428571428565,56
India,Guava,Guava Leaf Spot,0.5871785714285714,41.857619047619046,17176.33523809524,59.084047619047624,42
Iran,Citrus,Citrus Canker,0.5871740740740741,42.04287037037037,19228.767129629632,60.90555555555556,108
Spain,Sugarcane,Red Rot,0.5871525423728814,40.91406779661017,19687.379322033896,57.582033898305085,59
India,Canola,Canola Leaf Spot,0.587152380952381,41.12428571428571,17549.553333333333,57.98119047619048,42
Vietnam,Cauliflower,Cauliflower Leaf Spot,0.5871342857142857,41.287142857142854,19891.641142857145,57.58142857142857,35
Pakistan,Cabbage,Black Rot,0.5871324074074074,42.20759259259259,17350.674074074075,61.16787037037037,108
USA,Barley,Barley Mosaic Virus,0.5871161290322581,42.3358064516129,21067.11516129032,59.413870967741936,31
Bangladesh,Cauliflower,Cauliflower Leaf Spot,0.587046511627907,41.15581395348838,17429.14488372093,56.493720930232556,43
Germany,Okra,Okra Mosaic Virus,0.5870171428571429,40.258,18012.832857142857,55.99514285714285,35
Ukraine,Carrot,Carrot Mosaic Virus,0.5870111111111112,41.3175,17002.475,58.19638888888889,36
Argentina,Grapes,Downy Mildew,0.5866416666666667,41.43583333333333,17635.539814814816,58.45129629629629,108
Bangladesh,Okra,Okra Root Rot,0.5866171428571428,41.482,17314.17714285714,57.038,35
Bangladesh,Canola,Canola Leaf Spot,0.5866027777777778,41.795833333333334,17524.859444444442,56.983333333333334,36
Germany,Rice,Rice Blast,0.5866026315789474,41.27368421052632,18678.35447368421,57.83105263157895,38
Thailand,Mung Bean,Mung Bean Root Rot,0.5865371428571429,41.112,13599.866857142857,57.85,35
Australia,Soybean,Soybean Rust,0.5865046296296297,43.03472222222222,19087.70675925926,61.60703703703704,108
Spain,Potato,Early Blight,0.5864480769230769,40.91692307692308,17807.163076923076,58.295,52
China,Sugarcane,Red Rot,0.5864306122448979,41.891836734693875,16378.064897959182,58.49551020408164,49
Bangladesh,Millet,Millet Leaf Spot,0.5863863636363637,41.20272727272727,18319.12909090909,56.72977272727273,44
Italy,Barley,Barley Mosaic Virus,0.5863025641025641,40.306666666666665,17435.254615384612,56.99307692307692,39
Iran,Mango,Anthracnose,0.5861638888888889,42.95962962962963,18527.603148148148,61.42462962962963,108
China,Rice,Rice Tungro Virus,0.5860648648648649,41.8372972972973,17169.62135135135,58.435945945945946,37
Colombia,Mung Bean,Mung Bean Leaf Spot,0.58604,41.73771428571428,16820.337142857144,58.71742857142858,35
Papua New Guinea,Barley,Barley Leaf Spot,0.5860025641025641,40.43692307692307,15330.35487179487,56.10410256410256,39
Thailand,Pea,Pea Leaf Spot,0.58586,41.073,19573.325333333334,58.61233333333334,30
Vietnam,Guava,Guava Leaf Spot,0.585825641025641,41.15102564102564,19383.868205128205,56.5376923076923,39
Ukraine,Guava,Guava Root Rot,0.5856631578947368,41.10421052631579,16855.225000000002,58.351578947368424,38
Indonesia,Cauliflower,Cauliflower Root Rot,0.5855861111111111,41.09583333333333,20370.92638888889,56.60444444444445,36
Turkey,Millet,Millet Mosaic Virus,0.5855818181818182,41.447575757575756,17411.31333333333,58.28121212121212,33
Spain,Cucumber,Downy Mildew,0.5855592592592592,41.08101851851852,17067.071944444444,57.33916666666667,108
Egypt,Coffee,Coffee Leaf Rust,0.5855546296296296,41.91305555555555,17269.566203703704,60.73166666666666,108
Australia,Cotton,Cotton Wilt,0.5855183673469387,41.84163265306123,19062.73469387755,60.498775510204084,49
Papua New Guinea,Pomegranate,Pomegranate Leaf Spot,0.5854302325581395,41.785348837209305,18711.677209302325,57.21093023255814,43
Turkey,Potato,Early Blight,0.5854224489795918,41.9369387755102,18031.030612244896,58.54387755102041,49
India,Maize,Maize Smut,0.5853854166666667,40.510416666666664,14438.660624999999,57.891875,48
Nigeria,Mung Bean,Mung Bean Leaf Spot,0.5853142857142857,42.62714285714286,17108.904285714285,59.3025,28
China,Grapes,Downy Mildew,0.5852361111111111,40.998703703703704,19371.28277777778,57.361111111111114,108
Bangladesh,Canola,Canola Root Rot,0.5852102564102564,41.382051282051286,21481.392564102567,55.91179487179487,39
Pakistan,Mango,Anthracnose,0.585187037037037,42.340555555555554,17391.21037037037,60.838611111111106,108
Germany,Millet,Millet Root Rot,0.5851315789473684,42.27710526315789,19748.84315789474,58.79105263157894,38
Morocco,Chili,Anthracnose,0.5850675925925926,41.579722222222216,18078.93490740741,60.49166666666667,108
New Zealand,Soybean,Soybean Rust,0.5850620370370371,41.40009259259259,18980.02037037037,57.69305555555556,108
Ghana,Maize,Maize Smut,0.585042,41.973800000000004,17330.896,58.4996,50
New Zealand,Citrus,Citrus Canker,0.5849916666666667,41.17388888888889,15943.59138888889,57.90564814814815,108
France,Pomegranate,Pomegranate Root Rot,0.5849909090909091,40.950606060606056,23122.376666666663,57.39121212121212,33
Bangladesh,Pomegranate,Pomegranate Leaf Spot,0.58495,39.70805555555555,17792.243333333332,55.10805555555555,36
Iran,Cabbage,Black Rot,0.5848824074074074,41.86833333333333,20289.27,60.60092592592592,108
Germany,Potato,Early Blight,0.5847777777777778,41.51711111111111,17686.503999999997,58.38044444444444,45
Ethiopia,Barley,Barley Leaf Spot,0.5847633333333333,42.139,19290.176,59.662000000000006,30
Ethiopia,Maize,Maize Smut,0.5847368421052631,41.312105263157896,17481.58754385965,58.570350877192986,57
Egypt,Rice,Bacterial Leaf Blight,0.5847139534883721,41.512093023255815,18491.85558139535,59.99860465116279,43
Brazil,Garlic,Garlic Leaf Spot,0.5846516129032258,41.66548387096775,18148.222258064518,57.976129032258065,31
Vietnam,Garlic,Garlic Leaf Spot,0.584646875,41.443125,22295.768125,57.11125,32
Mexico,Tea,Tea Blister Blight,0.5845064814814814,42.59425925925926,17834.864444444444,60.69398148148148,108
Turkey,Cocoa,Cocoa Mosaic Virus,0.5844999999999999,40.263548387096776,18331.279032258066,56.85612903225806,31
Bangladesh,Lentil,Lentil Rust,0.5844231481481481,41.2224074074074,17838.0425,56.665,108
South Africa,Coffee,Coffee Leaf Rust,0.584387962962963,42.3075,19419.12972222222,61.037222222222226,108
Egypt,Mango,Anthracnose,0.584325,41.65638888888889,16355.638888888889,60.35259259259259,108
USA,Cabbage,Black Rot,0.5841555555555555,41.27064814814815,18103.144629629627,58.14185185185185,108
Brazil,Garlic,Garlic Root Rot,0.5841444444444445,40.594722222222224,16979.194166666668,57.90166666666667,36
Iran,Wheat,Wheat Rust,0.584083870967742,41.974999999999994,17334.738548387097,60.85629032258065,62
Nigeria,Cocoa,Cocoa Root Rot,0.5840585365853659,42.232926829268294,16043.22268292683,59.46048780487805,41
Germany,Eggplant,Phomopsis Blight,0.5840546296296296,41.09777777777778,20096.935277777775,57.832314814814815,108
Nigeria,Garlic,Garlic Leaf Spot,0.5839342105263158,42.10131578947368,21113.469736842104,59.993947368421054,38
Nigeria,Guava,Guava Root Rot,0.5839325581395349,41.046279069767444,19214.15023255814,57.81976744186046,43
Brazil,Barley,Barley Leaf Spot,0.583845945945946,42.468378378378375,17038.595405405405,58.28,37
Germany,Chili,Anthracnose,0.5837851851851852,40.765092592592595,19673.611388888887,57.36259259259259,108
USA,Carrot,Carrot Mosaic Virus,0.5837294117647058,40.565,17968.957647058825,57.30676470588236,34
Colombia,Cauliflower,Cauliflower Leaf Spot,0.5836604651162791,41.01162790697674,15872.793953488372,58.11511627906976,43
Kenya,Barley,Barley Root Rot,0.5836333333333333,43.14208333333334,16794.932083333333,61.43375,24
Argentina,Potato,Early Blight,0.5836264150943397,42.740566037735846,16049.471509433963,59.25188679245283,53
Pakistan,Banana,Black Sigatoka,0.5835551020408163,41.73795918367347,18513.12102040816,59.31040816326531,49
Mexico,Barley,Barley Leaf Spot,0.5835410256410256,41.83,20575.630769230767,60.70589743589744,39
Brazil,Cocoa,Cocoa Root Rot,0.5835025,42.433499999999995,21963.00775,59.3515,40
China,Wheat,Wheat Rust,0.5834456140350877,40.991578947368424,17618.682105263157,57.65333333333333,57
Indonesia,Millet,Millet Leaf Spot,0.5833393939393939,40.39636363636363,19269.963333333333,56.53636363636364,33
Pakistan,Potato,Early Blight,0.5832984126984126,43.25365079365079,20497.296825396825,61.205396825396825,63
USA,Sugarcane,Red Rot,0.5832893617021276,41.44851063829787,19491.79574468085,57.56744680851064,47
USA,Rice,Rice Blast,0.5832444444444445,40.43194444444444,19022.272500000003,56.530277777777776,36
Egypt,Banana,Black Sigatoka,0.5832074074074074,41.26555555555556,19333.565555555557,60.29518518518518,54
Iran,Rice,Bacterial Leaf Blight,0.58318,41.86300000000001,16386.05,59.715,30
Nigeria,Cauliflower,Cauliflower Root Rot,0.5831578947368421,41.60947368421053,22099.273947368423,58.68552631578948,38
Nigeria,Sorghum,Sorghum Root Rot,0.5831205882352941,41.79705882352941,14998.113529411765,58.730294117647055,34
New Zealand,Millet,Millet Mosaic Virus,0.5829538461538462,41.36256410256411,17883.483076923076,57.90717948717949,39
New Zealand,Tomato,Tomato Early Blight,0.5829054054054054,41.02918918918919,19699.861081081082,57.115405405405404,37
USA,Citrus,Citrus Canker,0.5829018518518518,40.56898148148148,17880.481111111112,57.506574074074074,108
Mexico,Guava,Guava Root Rot,0.5828379310344828,42.11689655172414,21189.66172413793,61.86896551724138,29
Turkey,Wheat,Wheat Rust,0.5828157894736843,40.37614035087719,18340.37894736842,57.36701754385965,57
Vietnam,Mung Bean,Mung Bean Root Rot,0.5828026315789474,40.41947368421053,20200.228421052634,55.8421052631579,38
India,Millet,Millet Root Rot,0.5826869565217391,42.094130434782606,18669.62652173913,58.932391304347824,46
Ghana,Mung Bean,Mung Bean Leaf Spot,0.5826842105263158,41.385,18007.175,58.03394736842105,38
Spain,Okra,Okra Root Rot,0.5825794871794872,41.41230769230769,20314.57205128205,58.614871794871796,39
Germany,Millet,Millet Mosaic Virus,0.58245,41.073750000000004,18883.4853125,57.285624999999996,32
Spain,Chili,Anthracnose,0.5823685185185186,40.794259259259256,16847.314166666667,57.286574074074075,108
Ghana,Pomegranate,Pomegranate Root Rot,0.582360606060606,41.48969696969697,20226.429393939394,58.79848484848485,33
Pakistan,Citrus,Citrus Canker,0.5823333333333334,42.23648148148148,17694.220648148148,60.771018518518524,108
Morocco,Wheat,Wheat Rust,0.5822433962264151,41.32452830188679,19076.639433962264,59.520943396226414,53
Germany,Mung Bean,Mung Bean Mosaic Virus,0.582109375,39.9290625,18501.449375,55.2290625,32
Nigeria,Canola,Canola Leaf Spot,0.5820366666666668,41.541000000000004,14579.752,58.46066666666666,30
Ukraine,Cotton,Cotton Wilt,0.5820236363636363,41.28545454545454,18065.039454545455,58.32036363636364,55
New Zealand,Pomegranate,Pomegranate Mosaic Virus,0.5819702702702703,39.91648648648649,18381.375135135135,55.59594594594595,37
Ukraine,Chili,Anthracnose,0.5819027777777778,39.8637037037037,17510.338425925926,56.537962962962965,108
Mexico,Millet,Millet Root Rot,0.5818515151515151,40.733636363636364,15824.004545454547,58.96909090909091,33
Colombia,Mung Bean,Mung Bean Root Rot,0.5818222222222222,42.81138888888889,17844.596666666665,59.40638888888889,36
Ukraine,Groundnut,Tikka Leaf Spot,0.5817657407407407,40.776481481481476,19108.036296296297,57.16185185185186,108
Bangladesh,Guava,Guava Leaf Spot,0.5817125,41.6753125,17245.8278125,57.1053125,32
Ukraine,Tomato,Tomato Early Blight,0.5816866666666667,40.93233333333333,19020.311666666665,58.13133333333334,30
USA,Mung Bean,Mung Bean Mosaic Virus,0.5816484848484849,41.016060606060606,18436.149696969696,57.42272727272727,33
Pakistan,Coffee,Coffee Leaf Rust,0.5816462962962963,42.18981481481482,17993.35527777778,60.770833333333336,108
France,Eggplant,Phomopsis Blight,0.5815222222222223,42.35203703703704,17901.632777777777,58.472314814814816,108
Italy,Carrot,Carrot Mosaic Virus,0.5815133333333333,41.15333333333333,18741.13366666667,57.32666666666667,30
Ukraine,Potato,Early Blight,0.581509375,41.6190625,18301.63609375,58.0959375,64
New Zealand,Rice,Bacterial Leaf Blight,0.5814857142857143,41.325714285714284,17322.383928571428,57.604642857142856,28
Bangladesh,Pea,Pea Leaf Spot,0.5814742857142857,40.36228571428572,17072.81142857143,55.18028571428571,35
Ukraine,Cabbage,Black Rot,0.581438888888889,40.45898148148148,19827.969999999998,57.02703703703704,108
France,Mung Bean,Mung Bean Mosaic Virus,0.5814285714285714,40.03190476190476,18311.141904761906,56.412142857142854,42
New Zealand,Maize,Northern Corn Leaf Blight,0.5813705882352941,42.23431372549019,18816.770588235297,58.25235294117647,51
Argentina,Citrus,Citrus Canker,0.5813490740740741,40.86388888888889,17234.686666666665,57.205555555555556,108
China,Mung Bean,Mung Bean Root Rot,0.5812076923076923,41.74846153846154,22193.34641025641,59.103846153846156,39
Turkey,Cabbage,Black Rot,0.5810037037037037,41.23074074074074,16460.739444444447,57.865,108
Ghana,Okra,Okra Leaf Spot,0.5809885714285715,41.74257142857143,19650.220285714284,59.141714285714286,35
China,Canola,Canola Root Rot,0.5809523809523809,41.070238095238096,16212.820238095237,57.84428571428572,42
Ukraine,Wheat,Powdery Mildew,0.5809380000000001,40.6592,19896.0798,57.2038,50
Italy,Soybean,Soybean Rust,0.5807796296296297,40.81657407407407,17500.519814814816,57.55046296296296,108
Nigeria,Okra,Okra Root Rot,0.580775,42.05722222222222,17560.52138888889,58.93722222222223,36
Egypt,Tomato,Tomato Early Blight,0.5807225806451614,41.69064516129033,18474.922903225804,60.079032258064515,31
Bangladesh,Barley,Barley Mosaic Virus,0.5806818181818182,41.195757575757575,21720.32878787879,56.86333333333334,33
Mexico,Canola,Canola Leaf Spot,0.5806675675675675,41.799189189189185,18121.71891891892,60.32189189189189,37
Italy,Guava,Guava Mosaic Virus,0.58065,41.541315789473686,17644.923157894737,57.56815789473685,38
Thailand,Pomegranate,Pomegranate Leaf Spot,0.5805787234042553,41.90234042553192,18550.27680851064,58.8327659574468,47
Morocco,Chickpea,Ascochyta Blight,0.5805787037037037,41.77740740740741,18319.44824074074,60.072685185185186,108
Brazil,Wheat,Powdery Mildew,0.5804962962962963,41.52333333333334,18202.91314814815,58.5787037037037,54
South Africa,Soybean,Soybean Rust,0.5804925925925926,41.29972222222222,18524.346574074072,59.969907407407405,108
Ukraine,Sugarcane,Smut,0.5804839285714286,41.11125,18682.269285714287,57.22910714285714,56
Pakistan,Sugarcane,Red Rot,0.5802333333333333,40.87666666666667,15892.727037037037,59.12092592592593,54
Ukraine,Sunflower,Downy Mildew,0.5800046296296296,41.09435185185185,18526.892685185183,58.025555555555556,108
Nigeria,Cauliflower,Cauliflower Leaf Spot,0.5799914285714286,41.66885714285714,19641.259142857143,58.185428571428574,35
Mexico,Sugarcane,Red Rot,0.5798518518518518,42.6387037037037,17748.219444444443,61.559444444444445,54
Thailand,Sorghum,Sorghum Leaf Spot,0.5797631578947368,40.26868421052632,15739.46,57.247894736842106,38
New Zealand,Garlic,Garlic Mosaic Virus,0.5797529411764706,41.422941176470594,18227.451176470586,57.577058823529406,34
South Africa,Sugarcane,Red Rot,0.5796960784313725,42.21549019607843,15838.970392156863,60.92686274509804,51
Spain,Rice,Bacterial Leaf Blight,0.5796714285714285,42.58857142857143,17586.346285714284,58.206857142857146,35
Italy,Cucumber,Downy Mildew,0.5796638888888889,40.59166666666666,17407.01046296296,57.51796296296296,108
Germany,Sugarcane,Smut,0.5796607142857143,40.36875,15900.567321428573,56.2875,56
Egypt,Rice,Rice Blast,0.5795925925925927,41.63037037037037,17399.406666666666,59.51962962962963,27
Kenya,Carrot,Carrot Leaf Spot,0.5795388888888888,40.95944444444444,17616.59,58.236666666666665,36
Turkey,Okra,Okra Mosaic Virus,0.5795064516129033,41.67258064516129,16848.224193548387,57.74290322580645,31
Mexico,Sunflower,Downy Mildew,0.5794768518518518,43.28425925925926,17229.435,61.52259259259259,108
China,Tea,Tea Blister Blight,0.5794351851851852,41.32601851851852,17990.41435185185,57.84064814814815,108
Egypt,Cabbage,Black Rot,0.5793805555555556,41.36388888888889,17866.771018518517,60.15601851851852,108
France,Barley,Barley Root Rot,0.579296875,41.883125,19535.57,58.5721875,32
Indonesia,Barley,Barley Root Rot,0.5792631578947368,40.875263157894736,19381.907631578946,55.683684210526316,38
India,Guava,Guava Root Rot,0.57924,40.85433333333334,18362.678,57.57666666666667,30
Argentina,Soybean,Soybean Rust,0.5791842592592593,41.30472222222222,16250.064444444444,57.47981481481481,108
Papua New Guinea,Mung Bean,Mung Bean Root Rot,0.5791763157894737,40.511842105263156,18267.03184210526,56.291315789473686,38
Germany,Garlic,Garlic Mosaic Virus,0.579140625,40.5234375,17312.791875,55.9634375,32
France,Onion,Downy Mildew,0.5791388888888889,40.65685185185185,17295.38490740741,56.92157407407407,108
France,Grapes,Downy Mildew,0.5790879629629629,41.17157407407407,17259.51462962963,57.66,108
New Zealand,Potato,Early Blight,0.5789563636363636,40.87018181818182,16936.276,57.822,55
Thailand,Barley,Barley Root Rot,0.5789342857142857,40.531142857142854,19186.53057142857,56.87342857142857,35
China,Tomato,Tomato Early Blight,0.5789342105263158,41.36763157894737,17703.810789473686,57.31815789473685,38
China,Carrot,Carrot Root Rot,0.5789083333333332,40.05444444444444,17880.070833333335,56.34972222222222,36
Germany,Cauliflower,Cauliflower Root Rot,0.5788527777777778,41.54888888888889,18048.614166666666,57.63305555555556,36
Indonesia,Carrot,Carrot Leaf Spot,0.57884375,39.36625,16399.6315625,55.0309375,32
Germany,Canola,Canola Leaf Spot,0.57869,41.34325,17765.18325,57.938750000000006,40
Pakistan,Guava,Guava Root Rot,0.5786820512820513,41.244358974358974,17910.54641025641,60.55230769230769,39
India,Sorghum,Sorghum Leaf Spot,0.5784297297297297,41.43486486486486,20670.645675675674,58.252432432432435,37
Nigeria,Canola,Canola Root Rot,0.5783069767441861,39.854651162790695,16431.18976744186,57.40674418604652,43
New Zealand,Cabbage,Black Rot,0.5782703703703704,41.11425925925926,16620.973796296297,57.69305555555556,108
Ghana,Wheat,Powdery Mildew,0.5781782608695653,41.23065217391304,16997.989347826086,58.529347826086955,46
Ukraine,Cucumber,Downy Mildew,0.5781240740740741,41.04185185185185,17997.089074074072,57.354351851851845,108
Ukraine,Millet,Millet Root Rot,0.578115,40.99275,17801.16675,58.013,40
Vietnam,Sorghum,Sorghum Root Rot,0.5779567567567567,40.89324324324324,18010.847027027026,56.68216216216216,37
Argentina,Sugarcane,Smut,0.5778745098039215,40.40803921568627,16894.969019607845,57.65274509803921,51
Iran,Coffee,Coffee Leaf Rust,0.577849074074074,42.74861111111112,17342.698888888888,61.02342592592592,108
Argentina,Carrot,Carrot Root Rot,0.5777676470588234,40.866176470588236,15019.877352941177,57.48294117647059,34
Germany,Apple,Apple Scab,0.5777083333333333,40.48305555555556,17133.28712962963,57.25166666666667,108
Argentina,Millet,Millet Mosaic Virus,0.5775674418604652,39.21604651162791,19181.057209302326,55.571395348837214,43
Italy,Wheat,Powdery Mildew,0.5775561403508771,41.69789473684211,20665.413333333334,57.40947368421053,57
Italy,Rice,Bacterial Leaf Blight,0.5774697674418604,40.72558139534884,19172.67488372093,57.03325581395348,43
France,Tomato,Tomato Early Blight,0.5774297297297297,40.95702702702703,19218.087027027028,58.226486486486486,37
Brazil,Pea,Pea Root Rot,0.5773891891891891,42.07351351351351,17515.30297297297,58.66945945945946,37
Colombia,Barley,Barley Leaf Spot,0.577364705882353,41.21264705882353,18542.903235294118,58.79911764705883,34
Egypt,Citrus,Citrus Canker,0.5773222222222222,41.70527777777778,18299.397222222222,60.501296296296296,108
Mexico,Lentil,Lentil Rust,0.5773101851851852,42.69953703703704,17409.103981481483,60.82,108
Ukraine,Chickpea,Ascochyta Blight,0.5772722222222222,40.55148148148149,16116.334907407407,57.083703703703705,108
Mexico,Mung Bean,Mung Bean Leaf Spot,0.5771909090909091,41.57606060606061,14478.193636363636,59.74969696969697,33
New Zealand,Wheat,Powdery Mildew,0.5770258064516128,40.97758064516129,15450.920806451611,57.93032258064516,62
New Zealand,Cucumber,Downy Mildew,0.5770222222222222,40.705740740740744,18319.538148148145,57.201388888888886,108
China,Eggplant,Phomopsis Blight,0.5770083333333333,40.303148148148146,17162.299444444445,56.76240740740741,108
Spain,Guava,Guava Mosaic Virus,0.5770055555555555,41.0975,18636.62361111111,57.06583333333333,36
Ethiopia,Okra,Okra Root Rot,0.5769774193548387,41.049677419354836,17688.703225806454,57.81806451612903,31
Ukraine,Onion,Downy Mildew,0.5768601851851852,40.868981481481484,16823.03611111111,57.66527777777778,108
Italy,Maize,Northern Corn Leaf Blight,0.5768186440677966,39.999830508474574,16386.834745762713,56.37525423728813,59
China,Groundnut,Tikka Leaf Spot,0.5768064814814815,41.571111111111115,20101.329074074074,58.64259259259259,108
France,Cabbage,Black Rot,0.576775925925926,40.25194444444445,16654.629074074073,56.907222222222224,108
Spain,Onion,Downy Mildew,0.5765907407407407,40.82472222222222,18720.163425925926,57.40953703703703,108
India,Garlic,Garlic Leaf Spot,0.5765243902439025,40.10170731707317,16415.29243902439,57.495609756097565,41
Germany,Cabbage,Black Rot,0.5764185185185186,40.96435185185185,17521.11509259259,57.535740740740735,108
Kenya,Cocoa,Cocoa Leaf Spot,0.5764133333333333,40.477333333333334,22883.939000000002,56.734,30
Australia,Guava,Guava Root Rot,0.5763740740740741,41.24407407407407,17822.023333333334,60.50037037037037,27
Canada,Rice,Rice Blast,0.5763535714285715,41.04,18869.102142857144,57.75392857142857,28
Thailand,Pea,Pea Root Rot,0.5763214285714285,39.73464285714285,16929.831428571426,57.231785714285714,28
Canada,Rice,Rice Tungro Virus,0.5762093023255814,40.582325581395345,17342.5788372093,55.83023255813954,43
South Africa,Citrus,Citrus Canker,0.5761944444444445,41.377129629629636,17171.965,60.036018518518524,108
Canada,Cocoa,Cocoa Mosaic Virus,0.5760666666666666,39.97805555555556,18527.473333333335,55.45916666666667,36
Canada,Cauliflower,Cauliflower Mosaic Virus,0.5759925,41.53175,14479.997,57.30650000000001,40
Pakistan,Soybean,Soybean Rust,0.5759027777777778,41.907407407407405,19578.19685185185,60.3125,108
New Zealand,Cocoa,Cocoa Root Rot,0.5758862068965518,42.341379310344834,15566.533103448277,58.94931034482759,29
Ukraine,Sorghum,Sorghum Mosaic Virus,0.5758771428571429,40.32571428571429,16934.627714285714,56.69171428571428,35
Spain,Mung Bean,Mung Bean Root Rot,0.5757724137931035,40.439655172413794,16882.303448275863,56.63896551724138,29
Argentina,Sorghum,Sorghum Mosaic Virus,0.5757525,41.315749999999994,14956.749,57.686,40
Spain,Sunflower,Downy Mildew,0.5757518518518518,40.74953703703704,17849.66037037037,57.382407407407406,108
New Zealand,Mango,Anthracnose,0.5757324074074074,41.48416666666667,18269.637777777778,57.90935185185185,108
Turkey,Citrus,Citrus Canker,0.575687037037037,40.50564814814815,16251.192314814814,56.94462962962963,108
Australia,Cucumber,Downy Mildew,0.5756055555555556,42.04592592592593,18736.483888888888,60.82592592592592,108
Spain,Garlic,Garlic Leaf Spot,0.5755815789473684,40.12394736842106,17266.018684210525,56.22210526315789,38
Australia,Mango,Anthracnose,0.5754444444444444,41.62277777777778,18879.813611111113,60.12638888888888,108
India,Sorghum,Sorghum Root Rot,0.575425,42.25225,16902.4015,58.588249999999995,40
Spain,Canola,Canola Root Rot,0.5754055555555556,40.68861111111111,18314.090555555555,57.44833333333333,36
Mexico,Sorghum,Sorghum Root Rot,0.5754046511627907,43.19837209302325,17662.315813953486,61.90930232558139,43
Italy,Groundnut,Tikka Leaf Spot,0.5753092592592592,40.75759259259259,18410.504537037035,57.154722222222226,108
Ethiopia,Cauliflower,Cauliflower Leaf Spot,0.5753,40.93228571428572,17134.28857142857,57.47428571428571,35
Indonesia,Mung Bean,Mung Bean Leaf Spot,0.5752911764705883,41.214999999999996,18254.83205882353,56.81705882352941,34
South Africa,Cotton,Cotton Wilt,0.5750583333333333,41.791875,18042.91833333333,60.781666666666666,48
Spain,Cauliflower,Cauliflower Root Rot,0.57499375,40.8140625,16574.920625,57.618125,32
Germany,Citrus,Citrus Canker,0.5747583333333334,40.16740740740741,18758.90685185185,56.79759259259259,108
Italy,Apple,Apple Scab,0.5747361111111111,40.65685185185185,17771.119907407407,56.80398148148148,108
Ghana,Okra,Okra Root Rot,0.5747307692307693,40.076410256410256,14866.661794871796,57.048974358974355,39
Mexico,Pea,Pea Leaf Spot,0.5745631578947369,43.171578947368424,16296.061052631581,61.398421052631576,38
France,Wheat,Powdery Mildew,0.5745301886792452,40.253018867924524,16748.445471698113,57.405660377358494,53
Vietnam,Millet,Millet Root Rot,0.57451875,39.038125,16675.1415625,54.8234375,32
Nigeria,Pomegranate,Pomegranate Root Rot,0.5745030303030303,40.72636363636364,16410.03424242424,58.45969696969697,33
Vietnam,Barley,Barley Leaf Spot,0.5743545454545455,39.81212121212121,18103.055454545454,54.93030303030303,33
USA,Onion,Downy Mildew,0.5743305555555556,40.628425925925924,18111.014537037037,57.327222222222225,108
Ethiopia,Canola,Canola Root Rot,0.5743083333333333,40.5225,19243.845,57.10611111111112,36
Argentina,Cucumber,Downy Mildew,0.5742944444444444,40.98222222222222,17297.513333333332,57.45685185185185,108
China,Garlic,Garlic Root Rot,0.5742303030303031,40.376969696969695,17344.48909090909,57.57424242424243,33
Ghana,Cocoa,Cocoa Leaf Spot,0.5741340425531916,40.441702127659575,16835.167021276597,57.10702127659574,47
Italy,Cabbage,Black Rot,0.5740601851851852,40.2387037037037,18520.139907407407,56.89787037037037,108
South Africa,Chickpea,Ascochyta Blight,0.5740314814814814,40.866388888888885,18851.492037037035,59.8287037037037,108
Turkey,Grapes,Downy Mildew,0.573949074074074,40.39277777777778,16680.89472222222,56.89694444444444,108
Germany,Barley,Barley Mosaic Virus,0.5737692307692307,40.69717948717949,19699.996923076924,56.40153846153846,39
France,Garlic,Garlic Leaf Spot,0.573753488372093,41.57883720930233,17394.897906976745,58.0446511627907,43
Italy,Sugarcane,Smut,0.573722641509434,40.59905660377358,18957.3,56.49471698113207,53
Ghana,Canola,Canola Root Rot,0.5736793103448277,40.68206896551724,18242.010000000002,58.31172413793103,29
Bangladesh,Garlic,Garlic Leaf Spot,0.5736772727272728,40.55772727272727,15980.413181818183,55.72590909090909,44
Turkey,Sorghum,Sorghum Root Rot,0.5735842105263158,41.56578947368421,19286.789736842107,58.46315789473684,38
Ukraine,Carrot,Carrot Root Rot,0.5735789473684211,39.80157894736842,15304.66605263158,56.91526315789474,38
Germany,Mung Bean,Mung Bean Leaf Spot,0.5734705882352942,40.89147058823529,17564.743823529414,57.908235294117645,34
Spain,Sugarcane,Smut,0.5734285714285714,41.15571428571429,17923.243265306122,57.7469387755102,49
Italy,Eggplant,Phomopsis Blight,0.5734203703703704,40.211851851851854,16860.21287037037,56.837407407407404,108
Papua New Guinea,Millet,Millet Leaf Spot,0.5734073170731707,41.26390243902439,17167.17243902439,56.890243902439025,41
Papua New Guinea,Pea,Pea Root Rot,0.5732857142857143,40.58428571428571,17879.49914285714,56.23428571428572,35
Ukraine,Grapes,Downy Mildew,0.5732703703703703,40.74907407407407,18941.42425925926,57.538148148148146,108
Spain,Lentil,Lentil Rust,0.5731861111111111,40.95972222222222,18356.841574074075,57.93712962962963,108
China,Cucumber,Downy Mildew,0.5731333333333334,41.605555555555554,17762.06185185185,58.38842592592592,108
Egypt,Potato,Early Blight,0.5730620689655173,41.471034482758625,19305.136034482755,60.49655172413794,58
Papua New Guinea,Cauliflower,Cauliflower Leaf Spot,0.5730454545454545,39.98,19639.403636363633,55.72757575757576,33
Italy,Potato,Early Blight,0.57296875,40.99645833333333,17019.553541666668,57.162083333333335,48
Iran,Chickpea,Ascochyta Blight,0.5729092592592593,41.0625,18347.303055555556,59.78462962962963,108
China,Mung Bean,Mung Bean Mosaic Virus,0.5727941176470589,39.53941176470588,17484.17088235294,56.18294117647059,34
Australia,Potato,Early Blight,0.5727660377358491,41.71622641509434,18918.773018867923,60.15264150943396,53
Papua New Guinea,Guava,Guava Leaf Spot,0.5727314285714286,40.22228571428571,17146.83057142857,56.08428571428571,35
New Zealand,Sunflower,Downy Mildew,0.5727222222222222,39.866018518518516,17477.44675925926,56.76222222222222,108
Italy,Pea,Pea Leaf Spot,0.5727209302325581,41.754418604651164,15571.040465116279,58.34674418604651,43
Turkey,Lentil,Lentil Rust,0.5726814814814815,39.957870370370365,20308.396574074075,56.73314814814815,108
Spain,Cabbage,Black Rot,0.572675925925926,40.99444444444444,17744.956203703703,57.622499999999995,108
Vietnam,Okra,Okra Leaf Spot,0.5726035714285714,41.916428571428575,18022.8875,57.07857142857143,28
New Zealand,Barley,Barley Leaf Spot,0.5725878048780487,40.66024390243902,17165.978048780486,56.85341463414633,41
France,Apple,Apple Scab,0.5725777777777777,40.99314814814815,18223.411018518516,57.22518518518518,108
Germany,Rice,Bacterial Leaf Blight,0.5725741935483871,39.05290322580645,18159.383548387097,56.51806451612903,31
Pakistan,Chili,Anthracnose,0.5724518518518519,41.64175925925926,17265.180833333332,59.928888888888885,108
Germany,Pomegranate,Pomegranate Root Rot,0.5724142857142857,40.675357142857145,17619.14285714286,57.3025,28
Iran,Chili,Anthracnose,0.5723166666666667,40.449444444444445,17491.11787037037,59.47175925925926,108
Ethiopia,Sorghum,Sorghum Leaf Spot,0.5722457142857144,41.19085714285715,17713.064857142857,57.85171428571429,35
Ukraine,Apple,Apple Scab,0.572125,39.842129629629625,18195.867314814815,56.765092592592595,108
Spain,Cocoa,Cocoa Leaf Spot,0.5720321428571429,40.5575,14549.932857142858,56.56071428571429,28
Canada,Guava,Guava Mosaic Virus,0.5720257142857144,40.77314285714286,15729.064857142857,56.93257142857143,35
Nigeria,Carrot,Carrot Leaf Spot,0.5719354838709677,40.46225806451613,18482.715161290325,56.920967741935485,31
Spain,Cocoa,Cocoa Mosaic Virus,0.5719052631578947,41.02026315789474,18035.960789473684,57.551842105263155,38
Ethiopia,Pomegranate,Pomegranate Leaf Spot,0.5718942857142858,38.77514285714286,16627.10257142857,56.11971428571429,35
New Zealand,Onion,Downy Mildew,0.5717962962962962,39.90712962962963,18578.257314814815,56.5862962962963,108
China,Sorghum,Sorghum Leaf Spot,0.5717828571428571,39.809999999999995,20317.067714285713,57.23914285714286,35
Turkey,Tomato,Tomato Early Blight,0.5717341463414634,40.311951219512196,17281.21170731707,57.3009756097561,41
USA,Groundnut,Tikka Leaf Spot,0.5717287037037037,40.24777777777778,17351.181944444445,57.34546296296297,108
France,Groundnut,Tikka Leaf Spot,0.5716851851851852,41.193518518518516,18109.402314814815,57.335648148148145,108
Italy,Carrot,Carrot Root Rot,0.5716,40.5609756097561,21262.343170731707,57.088780487804875,41
Mexico,Wheat,Powdery Mildew,0.5715450980392157,41.14666666666667,17983.39607843137,60.016862745098045,51
USA,Okra,Okra Root Rot,0.5715325581395349,39.509069767441865,14871.573720930233,55.89116279069768,43
USA,Sorghum,Sorghum Root Rot,0.571491304347826,40.81673913043478,17688.74195652174,57.16391304347826,46
Kenya,Mung Bean,Mung Bean Leaf Spot,0.5714428571428571,39.455714285714286,22124.702500000003,56.191428571428574,28
Australia,Rice,Rice Blast,0.5714121212121213,40.64515151515151,17957.36484848485,59.054545454545455,33
Ethiopia,Pomegranate,Pomegranate Root Rot,0.5714,39.57090909090909,19096.763636363637,56.15840909090909,44
South Africa,Wheat,Wheat Rust,0.5713928571428571,41.36803571428572,18692.683214285713,59.730000000000004,56
Bangladesh,Barley,Barley Leaf Spot,0.5713447368421053,40.046578947368424,17859.929736842107,55.271052631578954,38
China,Guava,Guava Root Rot,0.5712868421052631,39.82473684210526,19005.35947368421,56.135789473684206,38
South Africa,Mango,Anthracnose,0.5711157407407408,40.59148148148148,18291.10537037037,58.98833333333333,108
China,Citrus,Citrus Canker,0.571112962962963,39.4975,17306.60712962963,56.148981481481485,108
China,Cotton,Cotton Wilt,0.5710346153846154,40.24884615384615,18707.44230769231,57.003461538461536,52
Egypt,Chili,Anthracnose,0.5710083333333333,41.30777777777777,16388.732870370368,59.66814814814815,108
Colombia,Millet,Millet Leaf Spot,0.5710073170731708,40.72048780487805,15544.026829268292,57.947804878048785,41
Mexico,Pomegranate,Pomegranate Root Rot,0.5710030303030303,40.06666666666667,15417.649696969696,58.15151515151515,33
Italy,Sorghum,Sorghum Root Rot,0.5709735294117647,40.15323529411765,19382.149411764705,56.99235294117647,34
Argentina,Cotton,Cotton Wilt,0.5707037735849056,39.612264150943396,16428.19943396226,55.323018867924524,53
Turkey,Eggplant,Phomopsis Blight,0.570675925925926,39.94185185185185,18353.285740740743,56.428518518518516,108
USA,Tea,Tea Blister Blight,0.5706509259259259,40.651296296296294,17777.221203703702,57.26287037037037,108
Ethiopia,Millet,Millet Root Rot,0.5705756097560976,39.45341463414634,17712.93707317073,57.18073170731707,41
Argentina,Guava,Guava Root Rot,0.5705682926829269,39.22609756097561,17088.74975609756,55.94975609756098,41
Argentina,Groundnut,Tikka Leaf Spot,0.5705611111111111,40.70824074074074,17985.767314814813,56.91027777777778,108
Germany,Carrot,Carrot Mosaic Virus,0.5704810810810811,38.68054054054054,19037.506756756757,55.086756756756756,37
Argentina,Onion,Downy Mildew,0.5703694444444444,40.124722222222225,17491.29712962963,57.248703703703704,108
USA,Chili,Anthracnose,0.5702444444444444,40.401944444444446,18473.63027777778,57.21787037037037,108
Australia,Wheat,Powdery Mildew,0.5701235294117647,40.906274509803914,18838.144705882354,59.80862745098039,51
China,Cocoa,Cocoa Mosaic Virus,0.5699705882352941,39.440588235294115,19571.714411764708,55.92970588235294,34
France,Potato,Early Blight,0.569948,39.352,17054.431399999998,56.54600000000001,50
South Africa,Rice,Rice Blast,0.5699285714285715,41.20928571428571,18291.895357142857,60.449642857142855,28
Ghana,Canola,Canola Leaf Spot,0.5698829268292683,41.0109756097561,17327.36219512195,57.51780487804878,41
Canada,Wheat,Wheat Rust,0.5698704918032786,39.307377049180324,21103.048852459015,55.389836065573775,61
South Africa,Groundnut,Tikka Leaf Spot,0.5697296296296296,41.09638888888889,19015.088333333333,60.11981481481481,108
Ukraine,Garlic,Garlic Leaf Spot,0.5696511627906977,40.04767441860465,17373.86976744186,56.41720930232558,43
Egypt,Sugarcane,Red Rot,0.5696178571428572,41.495178571428575,18599.515535714287,60.21339285714286,56
USA,Grapes,Downy Mildew,0.5695916666666667,39.642870370370375,18346.32222222222,56.3912962962963,108
Turkey,Garlic,Garlic Root Rot,0.5694575757575758,40.872424242424245,17640.148484848487,57.913030303030304,33
Pakistan,Canola,Canola Root Rot,0.5694422222222222,40.13666666666667,19258.834444444445,59.49555555555556,45
Turkey,Cucumber,Downy Mildew,0.5691712962962963,39.89074074074074,17618.004259259258,56.462407407407404,108
Papua New Guinea,Sorghum,Sorghum Leaf Spot,0.5691542857142857,40.74714285714286,18142.606571428572,55.964285714285715,35
Colombia,Okra,Okra Root Rot,0.56910625,40.9190625,17672.585,57.3740625,32
South Africa,Tomato,Tomato Early Blight,0.5690170731707317,41.71536585365853,19207.74292682927,60.31951219512195,41
France,Sugarcane,Smut,0.568978431372549,39.94647058823529,18481.48803921569,56.350196078431374,51
Turkey,Mung Bean,Mung Bean Root Rot,0.5689454545454546,40.70939393939394,18619.793939393938,56.96787878787879,33
Mexico,Cocoa,Cocoa Root Rot,0.5689424242424241,41.05969696969697,19339.96606060606,59.696060606060605,33
Egypt,Grapes,Downy Mildew,0.5688777777777778,41.264351851851856,16880.432037037037,59.71768518518519,108
Germany,Groundnut,Tikka Leaf Spot,0.5688666666666667,40.60472222222223,20742.266481481478,56.97990740740741,108
Ukraine,Mung Bean,Mung Bean Root Rot,0.5688051282051282,41.18666666666667,17424.44692307692,58.17307692307692,39
Egypt,Cucumber,Downy Mildew,0.5687888888888889,41.25694444444444,18166.475092592595,59.815555555555555,108
Ukraine,Maize,Northern Corn Leaf Blight,0.5687322033898305,40.56745762711864,18774.857118644068,57.78067796610169,59
China,Sugarcane,Smut,0.5686677966101695,39.87559322033898,16412.88338983051,56.43406779661017,59
France,Sorghum,Sorghum Leaf Spot,0.5686394736842105,39.33,16964.000789473685,56.58947368421053,38
Argentina,Tomato,Tomato Early Blight,0.5686375,40.679375,19144.84625,57.651875,32
Ghana,Barley,Barley Leaf Spot,0.5685093023255814,41.96790697674418,14840.405813953488,58.714651162790695,43
Canada,Coffee,Coffee Leaf Rust,0.5684851851851852,40.00194444444445,18949.003703703704,55.8062037037037,108
Mexico,Maize,Maize Smut,0.5682659999999999,41.708800000000004,18833.6344,60.0414,50
Turkey,Sunflower,Downy Mildew,0.568125,39.33546296296296,18118.80259259259,55.98833333333333,108
Kenya,Cauliflower,Cauliflower Leaf Spot,0.5680769230769231,40.38230769230769,16323.751025641026,57.226666666666674,39
Canada,Tomato,Bacterial Wilt,0.5680741935483871,39.44870967741936,18955.315806451614,54.917419354838714,31
USA,Maize,Northern Corn Leaf Blight,0.5678530612244898,39.82408163265306,16775.45163265306,56.085306122448976,49
USA,Barley,Barley Leaf Spot,0.5677923076923077,40.10487179487179,19258.851025641023,56.353589743589744,39
Turkey,Sugarcane,Smut,0.5677818181818182,39.72927272727273,17512.300363636365,56.91036363636364,55
Canada,Cabbage,Black Rot,0.5676935185185186,39.61722222222222,18871.260277777776,55.017129629629636,108
Germany,Lentil,Lentil Rust,0.5676842592592592,38.841759259259256,17375.272222222222,55.43731481481481,108
Spain,Sorghum,Sorghum Root Rot,0.5676625,39.76425,19089.986,55.88674999999999,40
France,Canola,Canola Leaf Spot,0.5674189189189189,40.391891891891895,14893.215405405404,56.96702702702703,37
China,Mung Bean,Mung Bean Leaf Spot,0.5671799999999999,39.836571428571425,13586.490285714284,57.136,35
Turkey,Rice,Bacterial Leaf Blight,0.567159375,40.071875,17097.8653125,56.826875,32
USA,Sugarcane,Smut,0.5671327868852459,41.27327868852459,17013.512950819673,57.658524590163935,61
Morocco,Groundnut,Tikka Leaf Spot,0.5670537037037037,41.92768518518518,16883.378425925926,60.717592592592595,108
Ukraine,Canola,Canola Root Rot,0.567025,39.90642857142858,17542.26607142857,56.487857142857145,28
China,Onion,Downy Mildew,0.5669240740740741,40.36425925925926,16738.46537037037,56.64240740740741,108
New Zealand,Pea,Pea Leaf Spot,0.5668977272727272,39.57159090909091,19044.439318181816,55.09431818181818,44
Mexico,Okra,Okra Root Rot,0.5668178571428572,42.917500000000004,19067.55607142857,60.75214285714286,28
Italy,Millet,Millet Root Rot,0.5667541666666667,40.02,18430.788333333334,57.85875000000001,48
South Africa,Apple,Apple Scab,0.5667518518518518,41.02296296296296,18078.79712962963,59.55935185185185,108
China,Lentil,Lentil Rust,0.5666435185185185,40.69305555555556,17976.14037037037,57.07361111111111,108
Germany,Tomato,Tomato Early Blight,0.5666222222222221,39.503888888888895,15163.398333333333,56.99388888888888,36
Pakistan,Cucumber,Downy Mildew,0.5665666666666667,39.96009259259259,18702.33814814815,58.71629629629629,108
China,Sunflower,Downy Mildew,0.5664833333333333,40.14972222222222,18971.577592592595,57.12203703703704,108
Argentina,Barley,Barley Root Rot,0.56644375,39.3253125,18540.9428125,56.5659375,32
USA,Sunflower,Downy Mildew,0.5663462962962963,39.975,19347.71138888889,56.598518518518524,108
Canada,Banana,Black Sigatoka,0.566325925925926,38.27240740740741,17628.43611111111,54.48537037037037,54
China,Millet,Millet Root Rot,0.5663133333333333,40.717555555555556,19302.150444444444,57.44844444444444,45
Egypt,Wheat,Wheat Rust,0.5661981481481482,40.648148148148145,17283.033888888887,58.901481481481476,54
Colombia,Sorghum,Sorghum Leaf Spot,0.5661916666666666,40.765625,18145.311666666665,57.47645833333333,48
Australia,Grapes,Downy Mildew,0.5661907407407407,41.231203703703706,17035.39898148148,59.545833333333334,108
Morocco,Grapes,Downy Mildew,0.5661694444444445,40.65324074074074,17675.31462962963,58.753796296296294,108
Spain,Barley,Barley Leaf Spot,0.5660838709677419,40.236451612903224,18229.23064516129,56.9083870967742,31
Colombia,Guava,Guava Leaf Spot,0.5660717391304348,39.87304347826087,17286.104347826087,56.82978260869565,46
USA,Pea,Pea Mosaic Virus,0.5660452380952381,39.74166666666667,17009.823095238095,55.69833333333333,42
China,Rice,Bacterial Leaf Blight,0.5660447368421052,40.11394736842105,21103.569736842106,57.14631578947368,38
Pakistan,Grapes,Downy Mildew,0.5659620370370371,40.94564814814815,18113.75,59.38611111111111,108
South Africa,Cauliflower,Cauliflower Root Rot,0.5659472222222222,39.59638888888889,20067.454166666666,58.62388888888889,36
Mexico,Sugarcane,Smut,0.5657592592592593,41.55,20142.046666666665,59.654259259259256,54
Argentina,Lentil,Lentil Rust,0.5657564814814815,39.806111111111115,17700.363148148146,56.25962962962963,108
Germany,Tea,Tea Blister Blight,0.5657444444444445,40.03805555555555,17121.745833333334,56.7487962962963,108
Australia,Pomegranate,Pomegranate Root Rot,0.5656466666666666,39.626666666666665,18407.558333333334,58.12533333333333,30
USA,Wheat,Powdery Mildew,0.5655771929824562,39.7619298245614,18696.96596491228,56.2559649122807,57
Argentina,Mung Bean,Mung Bean Leaf Spot,0.5655766666666666,39.879,19014.497333333336,55.89333333333333,30
Iran,Wheat,Powdery Mildew,0.5654891304347825,40.936521739130434,19890.237173913043,59.825869565217396,46
India,Pea,Pea Leaf Spot,0.5653655172413794,39.92068965517242,17585.49275862069,55.87241379310345,29
Vietnam,Cauliflower,Cauliflower Root Rot,0.5653275862068966,41.00586206896552,17462.771034482757,56.14965517241379,29
France,Maize,Northern Corn Leaf Blight,0.565183870967742,39.97435483870967,15865.170967741935,56.29774193548387,62
Argentina,Sunflower,Downy Mildew,0.5651601851851852,40.33472222222222,18706.91037037037,56.40990740740741,108
Pakistan,Eggplant,Phomopsis Blight,0.565125,41.01009259259259,17545.052314814813,59.42962962962962,108
USA,Apple,Apple Scab,0.5650175925925927,40.03990740740741,17660.87009259259,56.36490740740741,108
Canada,Chickpea,Ascochyta Blight,0.5650000000000001,39.73083333333334,19512.090555555555,55.73601851851851,108
Turkey,Groundnut,Tikka Leaf Spot,0.5649703703703705,39.74842592592592,18043.23453703704,56.19185185185185,108
Germany,Okra,Okra Root Rot,0.5649578947368421,39.75736842105263,17840.997368421053,56.64368421052632,38
Iran,Groundnut,Tikka Leaf Spot,0.5649268518518519,40.49722222222222,17888.463703703703,59.173611111111114,108
Papua New Guinea,Okra,Okra Root Rot,0.5649205128205128,39.524358974358975,19959.736153846152,54.89897435897436,39
Ethiopia,Canola,Canola Leaf Spot,0.5648724137931034,41.09310344827586,18661.25,57.64172413793103,29
Canada,Okra,Okra Mosaic Virus,0.564792,40.989200000000004,16171.976,56.635600000000004,25
Pakistan,Cotton,Cotton Wilt,0.5646625,40.966875,18569.32416666667,60.21458333333334,48
Mexico,Guava,Guava Leaf Spot,0.5646487804878049,40.889756097560976,18954.776341463414,59.393170731707315,41
New Zealand,Pomegranate,Pomegranate Root Rot,0.5646333333333333,39.61363636363637,18169.428787878787,56.22333333333333,33
Argentina,Maize,Maize Smut,0.5646155172413794,40.26586206896552,17386.05051724138,56.39068965517241,58
Spain,Tomato,Tomato Early Blight,0.5643896551724138,40.41620689655172,18585.33275862069,57.500689655172415,29
South Africa,Chili,Anthracnose,0.5641601851851852,41.07611111111111,17758.476203703704,59.553148148148146,108
Morocco,Cucumber,Downy Mildew,0.5641564814814815,40.899351851851854,18582.19638888889,59.37592592592593,108
Mexico,Garlic,Garlic Root Rot,0.5640864864864864,40.25432432432433,17880.66945945946,58.75864864864865,37
Canada,Tomato,Tomato Early Blight,0.5640435897435897,38.86897435897436,16121.67076923077,54.84487179487179,39
South Africa,Grapes,Downy Mildew,0.5639972222222221,41.14685185185185,18562.255833333333,59.93416666666667,108
Mexico,Pomegranate,Pomegranate Leaf Spot,0.5639923076923077,42.14423076923077,23024.449999999997,59.89269230769231,26
South Africa,Millet,Millet Root Rot,0.5639588235294118,40.77088235294118,15674.735,59.40470588235294,34
Australia,Pea,Pea Root Rot,0.5639225806451613,41.39774193548387,16515.977741935483,59.89774193548387,31
South Africa,Sugarcane,Smut,0.5638684210526317,40.43298245614035,18397.72105263158,58.8040350877193,57
Bangladesh,Barley,Barley Root Rot,0.5638216216216216,38.634864864864866,18203.63081081081,54.001621621621624,37
Thailand,Okra,Okra Leaf Spot,0.5636285714285714,40.743809523809524,18439.85976190476,57.243333333333325,42
Germany,Sunflower,Downy Mildew,0.5635537037037037,40.28842592592592,18089.32888888889,56.57861111111111,108
Italy,Sunflower,Downy Mildew,0.5635018518518519,40.17898148148148,17344.511944444446,56.59675925925926,108
Canada,Sugarcane,Red Rot,0.5633270833333334,40.247708333333335,17176.627916666668,55.27104166666667,48
China,Millet,Millet Mosaic Virus,0.56325,40.379,18696.64,56.88033333333333,30
Egypt,Eggplant,Phomopsis Blight,0.563075,41.256388888888885,18121.633240740743,59.3949074074074,108
Australia,Eggplant,Phomopsis Blight,0.563075,40.59777777777778,17252.204814814817,58.89546296296297,108
Turkey,Pea,Pea Root Rot,0.5629605263157894,38.944736842105264,18964.502631578947,55.70657894736842,38
USA,Lentil,Lentil Rust,0.5629425925925926,39.870370370370374,17988.940925925926,56.30555555555556,108
Bangladesh,Sorghum,Sorghum Leaf Spot,0.5629162162162162,39.8572972972973,18610.933243243246,55.25621621621622,37
Indonesia,Millet,Millet Root Rot,0.5628500000000001,39.27411764705882,17661.96,55.46941176470588,34
Spain,Cocoa,Cocoa Root Rot,0.5627952380952381,40.19738095238095,19449.374047619047,56.62595238095238,42
Italy,Maize,Maize Smut,0.5627918367346938,39.98510204081633,20699.9593877551,56.760612244897956,49
USA,Canola,Canola Root Rot,0.5627882352941176,39.404117647058825,18145.769411764708,56.2235294117647,34
New Zealand,Apple,Apple Scab,0.5627185185185185,39.89703703703704,18746.979351851853,56.29064814814815,108
Iran,Sugarcane,Smut,0.5626694915254237,40.79796610169491,19981.93915254237,59.239322033898304,59
China,Garlic,Garlic Leaf Spot,0.5625619047619048,40.131904761904764,20047.095238095237,56.400000000000006,42
Italy,Barley,Barley Root Rot,0.5625583333333333,39.24305555555556,16440.350833333334,55.62972222222223,36
Turkey,Cocoa,Cocoa Leaf Spot,0.5625171428571428,39.69085714285715,16797.517714285714,55.86057142857143,35
Vietnam,Canola,Canola Leaf Spot,0.5624810810810811,38.60918918918919,16500.51108108108,53.93162162162162,37
China,Okra,Okra Root Rot,0.562460606060606,40.72,19282.414242424245,56.40363636363636,33
Morocco,Cotton,Cotton Wilt,0.5624357142857143,41.25,18523.03125,59.79696428571429,56
Argentina,Rice,Bacterial Leaf Blight,0.5624199999999999,39.36533333333333,17103.189666666665,56.245666666666665,30
Pakistan,Apple,Apple Scab,0.5623324074074074,39.83296296296297,18593.51324074074,58.35175925925926,108
Spain,Eggplant,Phomopsis Blight,0.5623194444444445,40.59388888888889,17111.113148148146,57.14462962962963,108
Germany,Onion,Downy Mildew,0.5622712962962962,40.24314814814815,17033.479907407407,56.75768518518518,108
Argentina,Wheat,Powdery Mildew,0.5622673913043478,38.85521739130434,17739.888695652175,55.92717391304348,46
Argentina,Apple,Apple Scab,0.5622453703703704,39.35157407407408,17695.36138888889,56.028333333333336,108
Ghana,Guava,Guava Leaf Spot,0.56224,40.481,16667.567499999997,56.623749999999994,40
Iran,Garlic,Garlic Root Rot,0.5622344827586206,40.242413793103445,16935.14344827586,59.210344827586205,29
Turkey,Maize,Maize Smut,0.5621983606557377,39.564098360655734,16126.573606557376,56.03180327868853,61
New Zealand,Groundnut,Tikka Leaf Spot,0.5621703703703703,39.622870370370364,16791.492037037035,55.696111111111115,108
Pakistan,Onion,Downy Mildew,0.562099074074074,40.612870370370366,18168.9075,59.15555555555556,108
Australia,Tomato,Tomato Early Blight,0.56203125,39.18,16625.350625,57.314375,32
Pakistan,Tomato,Tomato Early Blight,0.5619785714285714,39.79892857142857,14207.933928571429,59.09428571428572,28
Papua New Guinea,Okra,Okra Leaf Spot,0.5619741935483871,38.738064516129036,19276.691290322582,54.57709677419355,31
Italy,Mung Bean,Mung Bean Root Rot,0.5619368421052632,40.21394736842105,16563.48605263158,57.156052631578945,38
Iran,Grapes,Downy Mildew,0.5618064814814815,40.738055555555555,19143.09925925926,59.19796296296296,108
Canada,Soybean,Soybean Rust,0.5617944444444445,39.74944444444444,17313.54824074074,55.7275,108
Germany,Maize,Northern Corn Leaf Blight,0.5617702127659574,39.39829787234043,17839.934042553192,56.207021276595746,47
Pakistan,Groundnut,Tikka Leaf Spot,0.5617527777777778,40.37694444444445,18785.006944444445,58.76694444444444,108
New Zealand,Maize,Maize Smut,0.5617456140350877,39.68526315789474,16393.445263157893,55.385789473684206,57
Egypt,Carrot,Carrot Root Rot,0.561725,41.155833333333334,16316.178055555556,60.23805555555556,36
Ghana,Pomegranate,Pomegranate Leaf Spot,0.5616444444444445,39.29277777777778,18965.38472222222,56.60333333333333,36
China,Apple,Apple Scab,0.5616407407407408,39.17333333333334,16287.233518518518,56.24555555555555,108
Morocco,Potato,Early Blight,0.5615732142857143,39.74178571428571,17850.466785714285,58.745,56
Iran,Banana,Black Sigatoka,0.5615254237288136,40.48728813559322,17682.825762711866,59.21203389830508,59
Brazil,Guava,Guava Leaf Spot,0.5614805555555555,39.67,16697.46083333333,57.16638888888888,36
South Africa,Onion,Downy Mildew,0.5614518518518519,40.5312037037037,18691.10537037037,59.22611111111111,108
Italy,Pea,Pea Root Rot,0.561434375,39.255625,15214.6746875,55.705,32
Papua New Guinea,Canola,Canola Leaf Spot,0.5613925,40.60825,16762.7765,56.19875,40
Mexico,Millet,Millet Leaf Spot,0.5613825,39.87725,18937.7655,58.618500000000004,40
Egypt,Garlic,Garlic Root Rot,0.5613292682926829,40.25365853658537,19240.89512195122,59.40512195121951,41
Pakistan,Wheat,Wheat Rust,0.56128,40.49854545454546,18566.78181818182,59.17272727272727,55
Morocco,Mango,Anthracnose,0.5610768518518519,41.21055555555555,17664.301666666666,59.55777777777777,108
Italy,Onion,Downy Mildew,0.5610592592592593,39.887129629629634,17996.117037037035,56.570740740740746,108
France,Cucumber,Downy Mildew,0.5610314814814815,40.23759259259259,19249.103981481483,56.501018518518514,108
France,Mung Bean,Mung Bean Leaf Spot,0.5609552631578947,39.25078947368421,16743.23289473684,55.694736842105264,38
Italy,Tomato,Tomato Early Blight,0.5608971428571429,39.722,17474.68,56.034,35
India,Millet,Millet Leaf Spot,0.5608903225806451,38.160322580645165,14919.41451612903,55.660322580645165,31
Germany,Maize,Maize Smut,0.5608852459016394,40.09377049180328,17585.007540983606,56.694426229508196,61
France,Guava,Guava Root Rot,0.5606847826086956,40.18195652173913,14758.425000000001,56.88,46
Australia,Okra,Okra Root Rot,0.5605736842105263,40.33552631578947,19325.697631578947,58.62,38
Argentina,Tea,Tea Blister Blight,0.5604185185185185,39.454629629629636,16536.813981481482,56.22148148148148,108
Iran,Potato,Early Blight,0.56040625,40.938125,18840.535,58.72479166666667,48
Australia,Wheat,Wheat Rust,0.5603245614035088,40.81947368421053,17237.58947368421,59.10701754385965,57
USA,Rice,Bacterial Leaf Blight,0.5602942857142856,39.98257142857143,14285.113714285713,56.207142857142856,35
Mexico,Cauliflower,Cauliflower Leaf Spot,0.5602567567567568,41.71756756756756,18280.270810810813,59.21621621621622,37
Argentina,Okra,Okra Root Rot,0.5602545454545454,39.39151515151515,16715.96606060606,56.61000000000001,33
Iran,Apple,Apple Scab,0.5601277777777778,40.890648148148145,17532.660185185185,58.822407407407404,108
South Africa,Potato,Early Blight,0.560098,41.114200000000004,17216.9364,59.7662,50
Egypt,Sugarcane,Smut,0.5600942307692308,40.65057692307692,17041.773653846154,58.63903846153846,52
Mexico,Onion,Downy Mildew,0.5599907407407407,41.1037037037037,17361.312592592592,59.31925925925926,108
Argentina,Mung Bean,Mung Bean Root Rot,0.5599409090909091,39.78795454545455,15815.135454545454,55.621590909090905,44
Pakistan,Pomegranate,Pomegranate Root Rot,0.5599076923076923,40.015641025641024,18690.368717948717,59.20948717948718,39
USA,Pea,Pea Leaf Spot,0.5598806451612903,39.43806451612903,15973.434193548388,55.65774193548387,31
France,Garlic,Garlic Root Rot,0.559825,39.81916666666667,18184.229722222222,56.0125,36
China,Pomegranate,Pomegranate Leaf Spot,0.5598242424242424,39.694242424242425,18416.201212121214,56.40333333333333,33
Ukraine,Lentil,Lentil Rust,0.559787962962963,40.094907407407405,17922.07240740741,56.44935185185185,108
Canada,Mango,Anthracnose,0.5597796296296297,40.322037037037035,14977.540462962961,55.84166666666666,108
India,Carrot,Carrot Leaf Spot,0.5597344827586206,40.16724137931034,16627.812413793104,56.756551724137935,29
Colombia,Carrot,Carrot Leaf Spot,0.5595314285714286,39.62228571428572,17643.833142857144,56.32828571428571,35
Turkey,Onion,Downy Mildew,0.5595240740740741,39.66462962962963,18068.537962962964,55.94898148148148,108
Ethiopia,Pea,Pea Leaf Spot,0.5594361111111111,41.25805555555556,20106.188333333335,57.33694444444445,36
New Zealand,Tea,Tea Blister Blight,0.5592842592592592,40.330555555555556,17990.72,56.44694444444445,108
Germany,Cocoa,Cocoa Root Rot,0.5590033333333333,39.264,17083.79466666667,56.330333333333336,30
Australia,Garlic,Garlic Leaf Spot,0.5589241379310345,40.536206896551725,18520.612068965518,59.04137931034483,29
Spain,Pea,Pea Leaf Spot,0.5589060606060606,39.43121212121212,20489.767272727273,55.40363636363636,33
USA,Eggplant,Phomopsis Blight,0.5586740740740741,40.12166666666667,17546.94722222222,56.76074074074074,108
France,Millet,Millet Leaf Spot,0.5586527777777778,38.71944444444445,16829.619444444445,55.45777777777778,36
France,Pea,Pea Root Rot,0.5585740740740741,40.708148148148155,20346.33074074074,57.22296296296296,27
China,Pea,Pea Leaf Spot,0.5585321428571428,40.52571428571429,19430.815,56.95107142857143,28
Ukraine,Cauliflower,Cauliflower Root Rot,0.5584825,38.3155,17443.7875,54.8535,40
Australia,Lentil,Lentil Rust,0.5583481481481481,40.507407407407406,18276.926666666666,59.109351851851855,108
Pakistan,Cauliflower,Cauliflower Root Rot,0.5583333333333333,39.70230769230769,19468.33282051282,58.372564102564105,39
Nigeria,Pomegranate,Pomegranate Leaf Spot,0.5583209302325581,40.322790697674414,16513.788837209304,57.00558139534884,43
Pakistan,Rice,Bacterial Leaf Blight,0.5582607142857142,41.88392857142857,15965.922857142858,59.69678571428572,28
Iran,Sugarcane,Red Rot,0.5582408163265306,40.947755102040816,16217.48387755102,58.913877551020406,49
Canada,Pea,Pea Mosaic Virus,0.55824,39.638571428571424,18279.328285714284,55.50028571428572,35
New Zealand,Millet,Millet Root Rot,0.558236,39.7748,16622.0572,57.251999999999995,25
France,Okra,Okra Leaf Spot,0.5581805555555556,40.28111111111111,19244.259166666667,57.457499999999996,36
Argentina,Millet,Millet Leaf Spot,0.5581564102564103,38.373333333333335,16585.19128205128,55.68769230769231,39
Ukraine,Cauliflower,Cauliflower Leaf Spot,0.5581317073170732,38.391951219512194,17602.24317073171,55.4519512195122,41
Germany,Canola,Canola Root Rot,0.5580833333333334,37.57083333333333,18059.98,54.15166666666667,36
Mexico,Cauliflower,Cauliflower Root Rot,0.5579583333333333,41.08444444444444,16268.877499999999,60.13305555555556,36
Canada,Sorghum,Sorghum Mosaic Virus,0.5579422222222222,39.66577777777778,16866.18666666667,54.69288888888889,45
Germany,Sorghum,Sorghum Leaf Spot,0.5579228571428572,39.07485714285714,19602.482285714286,55.803999999999995,35
Morocco,Wheat,Powdery Mildew,0.5578236363636363,39.83109090909091,16279.180545454547,58.976,55
France,Carrot,Carrot Leaf Spot,0.5576414634146342,38.883658536585365,16872.188780487806,55.525365853658535,41
Germany,Sorghum,Sorghum Root Rot,0.5576344827586206,39.67344827586207,18580.204137931036,55.69137931034483,29
Germany,Carrot,Carrot Root Rot,0.557502564102564,39.93333333333334,15209.743846153846,56.496153846153845,39
Argentina,Eggplant,Phomopsis Blight,0.5574851851851852,39.076388888888886,17308.778333333335,55.59898148148148,108
Australia,Sugarcane,Smut,0.557438775510204,40.39142857142857,18044.43163265306,58.65857142857143,49
USA,Millet,Millet Root Rot,0.5573916666666666,38.074444444444445,18527.9075,55.25611111111111,36
Morocco,Pea,Pea Root Rot,0.5573472222222222,41.515277777777776,15914.816666666668,59.56361111111111,36
Morocco,Onion,Downy Mildew,0.5573398148148149,40.63685185185185,18890.054629629627,58.841944444444444,108
Mexico,Canola,Canola Root Rot,0.55720625,41.21375,21102.7403125,57.9684375,32
Canada,Chili,Anthracnose,0.5571407407407407,38.845740740740744,17967.857314814817,54.10768518518518,108
Italy,Sorghum,Sorghum Leaf Spot,0.5570742857142856,38.824571428571424,15618.708571428573,55.71857142857143,35
China,Wheat,Powdery Mildew,0.5570686274509804,40.26019607843137,17514.26274509804,56.27882352941176,51
Kenya,Okra,Okra Leaf Spot,0.557061111111111,40.770833333333336,15620.715,57.5686111111111,36
France,Maize,Maize Smut,0.5569391304347826,39.917391304347824,16267.783913043479,56.59021739130435,46
Papua New Guinea,Cocoa,Cocoa Leaf Spot,0.556925,40.56714285714286,17878.359285714287,56.14964285714286,28
Indonesia,Cocoa,Cocoa Leaf Spot,0.5568911764705883,39.56,17415.06794117647,54.45647058823529,34
Australia,Sugarcane,Red Rot,0.5566135593220339,40.22050847457628,18492.987966101697,58.04966101694915,59
Italy,Okra,Okra Leaf Spot,0.5564214285714286,40.50809523809524,17956.165714285715,55.694761904761904,42
Turkey,Pea,Pea Leaf Spot,0.55633,38.432,17858.54375,54.28875000000001,40
Ukraine,Tea,Tea Blister Blight,0.5562925925925926,39.40435185185185,19171.246944444443,56.09064814814815,108
South Africa,Barley,Barley Root Rot,0.5562282051282051,40.265641025641024,17737.547692307693,58.64846153846154,39
Ukraine,Barley,Barley Leaf Spot,0.5560351351351351,38.80486486486486,20737.16135135135,55.34945945945946,37
Turkey,Apple,Apple Scab,0.5558222222222222,39.93861111111111,16850.350370370372,56.07592592592592,108
Brazil,Mung Bean,Mung Bean Leaf Spot,0.5557416666666666,38.66972222222223,18006.504722222224,54.75888888888889,36
Germany,Barley,Barley Root Rot,0.5557290322580645,38.95741935483871,16317.771290322582,55.10290322580645,31
Germany,Wheat,Powdery Mildew,0.5556468085106383,39.45468085106383,17305.91340425532,55.590638297872346,47
Ethiopia,Millet,Millet Leaf Spot,0.5556272727272727,41.197272727272725,19202.505757575756,57.99424242424242,33
France,Sunflower,Downy Mildew,0.5553342592592593,39.40972222222222,15978.310462962963,55.96935185185185,108
Canada,Barley,Barley Mosaic Virus,0.5551666666666667,39.577777777777776,17659.924444444445,55.48138888888889,36
Ukraine,Okra,Okra Root Rot,0.5551657142857144,38.66914285714286,18565.02342857143,55.204571428571434,35
Mexico,Carrot,Carrot Root Rot,0.55512,41.85755555555556,20264.440888888887,60.187111111111115,45
Spain,Carrot,Carrot Root Rot,0.5550727272727273,38.49090909090909,17101.532045454547,55.29045454545455,44
New Zealand,Mung Bean,Mung Bean Leaf Spot,0.5550631578947368,39.51552631578947,17647.898947368423,55.52473684210526,38
Canada,Citrus,Citrus Canker,0.5548824074074075,39.288518518518515,17823.243981481482,54.676944444444445,108
Germany,Barley,Barley Leaf Spot,0.5548394736842105,38.15105263157895,15092.948684210527,55.55263157894737,38
Spain,Groundnut,Tikka Leaf Spot,0.5548018518518518,38.954722222222216,15535.26175925926,55.74703703703704,108
China,Cocoa,Cocoa Leaf Spot,0.5548,40.00309523809524,17895.19976190476,55.854523809523805,42
Turkey,Millet,Millet Root Rot,0.55475,39.67894736842105,17992.688947368424,55.35842105263158,38
Spain,Guava,Guava Root Rot,0.5547,40.78,18445.356333333333,56.932,30
Pakistan,Tea,Tea Blister Blight,0.5546472222222222,40.52185185185185,18840.953333333335,59.02240740740741,108
Turkey,Guava,Guava Root Rot,0.5545694444444444,39.56666666666667,18109.443333333333,56.416111111111114,36
Papua New Guinea,Mung Bean,Mung Bean Leaf Spot,0.55445,38.42029411764706,20414.176176470588,53.08323529411764,34
New Zealand,Garlic,Garlic Leaf Spot,0.5544371428571429,38.590857142857146,16065.367142857142,55.324285714285715,35
Mexico,Garlic,Garlic Leaf Spot,0.5544151515151515,40.31272727272727,15707.646666666667,58.3669696969697,33
Spain,Garlic,Garlic Root Rot,0.5543888888888888,39.513888888888886,15499.325277777776,55.386944444444445,36
Canada,Rice,Bacterial Leaf Blight,0.5543864864864865,39.763243243243245,18967.16945945946,55.2945945945946,37
Egypt,Wheat,Powdery Mildew,0.5543074074074075,40.31481481481482,17941.25462962963,58.589814814814815,54
Spain,Apple,Apple Scab,0.5541537037037036,39.58462962962963,17699.99175925926,55.425925925925924,108
Turkey,Cauliflower,Cauliflower Root Rot,0.5540105263157894,38.738684210526316,16639.931315789476,55.21526315789473,38
Brazil,Sorghum,Sorghum Leaf Spot,0.5539307692307692,39.08128205128205,14831.33641025641,55.70820512820512,39
South Africa,Pomegranate,Pomegranate Root Rot,0.5538575,39.745,16791.222,58.01625,40
USA,Cauliflower,Cauliflower Root Rot,0.5538128205128205,39.050769230769234,17660.306666666667,55.126666666666665,39
Morocco,Mung Bean,Mung Bean Leaf Spot,0.5537652173913044,39.98326086956522,15947.28,58.83239130434782,46
Germany,Cauliflower,Cauliflower Leaf Spot,0.553654054054054,39.096486486486484,16166.027567567568,55.79162162162162,37
France,Okra,Okra Root Rot,0.5535630434782608,40.01456521739131,15861.195652173914,56.34739130434782,46
Egypt,Lentil,Lentil Rust,0.5534611111111111,39.80675925925926,18339.357500000002,58.2337037037037,108
Australia,Chili,Anthracnose,0.5534314814814815,40.286203703703706,17099.962407407405,59.05324074074074,108
Italy,Tea,Tea Blister Blight,0.5532324074074074,38.87935185185185,16641.704629629632,55.484351851851855,108
Australia,Sorghum,Sorghum Leaf Spot,0.5531166666666666,40.06404761904762,16224.097142857141,58.04880952380953,42
Egypt,Mung Bean,Mung Bean Leaf Spot,0.553,37.503750000000004,17992.811875,55.8953125,32
Morocco,Pomegranate,Pomegranate Root Rot,0.553,41.19285714285714,17076.63142857143,60.11228571428571,35
New Zealand,Barley,Barley Root Rot,0.5529677419354838,39.53612903225806,18077.926129032257,55.72709677419355,31
France,Guava,Guava Leaf Spot,0.5528222222222222,38.69,17210.835277777776,55.275555555555556,36
France,Tea,Tea Blister Blight,0.5528138888888888,39.368611111111115,17489.609074074073,55.95953703703704,108
Argentina,Cocoa,Cocoa Leaf Spot,0.5527780487804879,39.028536585365856,15561.18219512195,56.208536585365856,41
Turkey,Canola,Canola Root Rot,0.5526026315789473,38.647368421052626,19208.992894736843,54.852105263157895,38
Morocco,Cauliflower,Cauliflower Root Rot,0.5525666666666667,39.08822222222222,14698.792,57.78888888888889,45
South Africa,Canola,Canola Root Rot,0.5525538461538462,39.18512820512821,18641.18435897436,58.09179487179487,39
South Africa,Cucumber,Downy Mildew,0.5524185185185185,41.02138888888889,18714.53462962963,58.8324074074074,108
Italy,Guava,Guava Root Rot,0.5523875,39.3246875,19123.76,55.6075,32
South Africa,Eggplant,Phomopsis Blight,0.552300925925926,39.98814814814815,18368.191203703704,58.88342592592593,108
Germany,Okra,Okra Leaf Spot,0.5521628571428572,39.44457142857143,17257.358857142855,55.91771428571429,35
Germany,Garlic,Garlic Root Rot,0.5521536585365854,40.18512195121951,19327.168780487806,56.2970731707317,41
Canada,Cucumber,Downy Mildew,0.5521324074074074,39.32842592592593,17428.846574074072,54.70148148148149,108
South Africa,Lentil,Lentil Rust,0.5521324074074074,39.83574074074074,17613.665,58.153055555555554,108
China,Barley,Barley Leaf Spot,0.5520642857142858,39.86952380952381,19177.38595238095,56.58309523809523,42
Morocco,Carrot,Carrot Root Rot,0.551985294117647,40.07029411764706,18387.445294117646,58.50588235294118,34
Turkey,Cocoa,Cocoa Root Rot,0.5519833333333333,40.13047619047619,16714.27142857143,56.44452380952381,42
Egypt,Groundnut,Tikka Leaf Spot,0.5518444444444445,39.590185185185184,16581.279814814814,58.11796296296296,108
Turkey,Barley,Barley Mosaic Virus,0.5518416666666667,40.16861111111111,16488.0,57.18333333333333,36
Italy,Canola,Canola Leaf Spot,0.5517266666666667,38.98233333333334,16615.359333333334,56.024,30
Germany,Millet,Millet Leaf Spot,0.5516657894736842,38.340526315789475,16950.36394736842,55.47631578947368,38
Egypt,Canola,Canola Root Rot,0.5515714285714286,41.104000000000006,18722.668,59.75114285714286,35
Iran,Sunflower,Downy Mildew,0.5515351851851852,40.325,17381.36296296296,58.000092592592594,108
Egypt,Barley,Barley Leaf Spot,0.5514857142857142,40.15595238095238,20288.32261904762,58.40642857142858,42
Ukraine,Canola,Canola Leaf Spot,0.5514461538461538,38.59615384615385,14164.407435897436,55.14564102564102,39
Morocco,Canola,Canola Leaf Spot,0.5514394736842105,39.411578947368426,16764.909736842106,57.688421052631575,38
Mexico,Okra,Okra Leaf Spot,0.5514261904761905,39.61238095238095,18605.117142857143,57.069761904761904,42
Australia,Groundnut,Tikka Leaf Spot,0.5514222222222223,40.041296296296295,19278.696111111112,58.705925925925925,108
Argentina,Sorghum,Sorghum Leaf Spot,0.551407894736842,37.248684210526314,19058.588157894737,53.80605263157895,38
Canada,Maize,Northern Corn Leaf Blight,0.5513983870967742,39.13209677419355,18692.13258064516,54.77306451612903,62
Spain,Maize,Northern Corn Leaf Blight,0.5513230769230769,39.497499999999995,15350.152115384615,56.31730769230769,52
China,Maize,Northern Corn Leaf Blight,0.55116,38.45854545454545,16895.984545454547,55.3,55
Ukraine,Carrot,Carrot Leaf Spot,0.5508676470588236,37.92088235294118,17146.114411764705,53.72882352941176,34
Argentina,Sorghum,Sorghum Root Rot,0.5507433333333334,39.41133333333333,15483.239,55.02166666666667,30
Spain,Tea,Tea Blister Blight,0.5507027777777778,39.67509259259259,17244.655833333334,55.95268518518519,108
New Zealand,Carrot,Carrot Root Rot,0.5506906976744186,38.8346511627907,17180.356511627906,55.28093023255814,43
Australia,Maize,Northern Corn Leaf Blight,0.5505563636363636,38.90836363636364,18689.468545454547,57.14218181818182,55
Spain,Pea,Pea Root Rot,0.5504057142857143,38.26542857142857,14847.07142857143,54.47114285714286,35
Iran,Lentil,Lentil Rust,0.5502287037037037,40.59027777777778,17841.499444444446,58.67944444444444,108
Iran,Eggplant,Phomopsis Blight,0.5501990740740741,39.721111111111114,18381.325555555555,57.42981481481482,108
China,Cauliflower,Cauliflower Root Rot,0.5501513513513513,39.14945945945946,19931.014054054056,55.50702702702702,37
France,Lentil,Lentil Rust,0.5501138888888889,39.3187962962963,17169.013518518517,56.048611111111114,108
South Africa,Wheat,Powdery Mildew,0.5499365384615384,39.911730769230765,18748.622884615386,58.08730769230769,52
Nigeria,Barley,Barley Leaf Spot,0.5499333333333334,38.94452380952381,15377.322857142855,55.92666666666667,42
Morocco,Cocoa,Cocoa Root Rot,0.5498500000000001,40.37961538461538,19139.054615384615,58.410384615384615,26
Brazil,Canola,Canola Leaf Spot,0.5496545454545455,39.75030303030303,16541.271818181816,56.46666666666667,33
Ukraine,Pea,Pea Root Rot,0.5496454545454545,37.3825,16183.012272727274,54.07022727272727,44
Canada,Garlic,Garlic Mosaic Virus,0.5496078947368421,38.698157894736845,16341.050000000001,54.194736842105264,38
Ukraine,Guava,Guava Leaf Spot,0.549484,37.8352,16415.7536,54.3028,25
Italy,Carrot,Carrot Leaf Spot,0.5494783783783784,37.60567567567568,16332.482972972974,54.25351351351351,37
Morocco,Eggplant,Phomopsis Blight,0.5494722222222223,40.29592592592593,17318.79888888889,58.467222222222226,108
Italy,Garlic,Garlic Root Rot,0.5494692307692308,38.51615384615385,18348.316923076924,54.523589743589746,39
New Zealand,Guava,Guava Leaf Spot,0.5493914285714285,37.67257142857143,18257.854,54.46228571428571,35
Morocco,Sugarcane,Smut,0.549280701754386,40.35684210526316,17638.33614035088,58.74473684210526,57
Australia,Sunflower,Downy Mildew,0.5489962962962963,39.93027777777778,16595.55712962963,58.33490740740741,108
Iran,Millet,Millet Root Rot,0.5489878048780488,39.814390243902444,16511.193902439023,59.032195121951226,41
Australia,Cocoa,Cocoa Root Rot,0.5489375,40.307,20339.32675,58.92625,40
Canada,Carrot,Carrot Mosaic Virus,0.548919512195122,38.94365853658537,16555.721707317072,54.329024390243895,41
Italy,Pomegranate,Pomegranate Root Rot,0.548778125,38.0065625,17235.62875,54.371562499999996,32
New Zealand,Millet,Millet Leaf Spot,0.5487704545454546,39.297045454545454,17126.744545454545,56.49727272727273,44
New Zealand,Eggplant,Phomopsis Blight,0.5487546296296296,39.45916666666667,18845.399074074074,55.76092592592593,108
Spain,Barley,Barley Root Rot,0.5487485714285714,38.779714285714284,16773.430857142856,54.687714285714286,35
Pakistan,Cocoa,Cocoa Root Rot,0.5486973684210527,39.794210526315794,16233.67447368421,58.62552631578947,38
South Africa,Guava,Guava Root Rot,0.5486236842105263,39.63,15142.551315789473,57.46315789473684,38
Egypt,Cocoa,Cocoa Root Rot,0.5486151515151515,39.6109090909091,17934.585757575755,57.18393939393939,33
South Africa,Sunflower,Downy Mildew,0.5485888888888889,39.62796296296296,17405.737407407407,57.934999999999995,108
China,Cocoa,Cocoa Root Rot,0.54854375,38.97375,20223.55875,54.476875,32
Morocco,Canola,Canola Root Rot,0.5481969696969696,40.18121212121212,17046.746363636365,59.22636363636364,33
Iran,Maize,Northern Corn Leaf Blight,0.5481964285714286,40.495178571428575,18986.019285714287,58.467499999999994,56
Australia,Onion,Downy Mildew,0.5481555555555556,40.35444444444444,17193.575277777778,58.713425925925925,108
Ukraine,Eggplant,Phomopsis Blight,0.548150925925926,38.13388888888889,17567.80787037037,53.95268518518519,108
Argentina,Pea,Pea Root Rot,0.5480866666666666,37.009,16076.943333333333,53.004999999999995,30
USA,Okra,Okra Leaf Spot,0.5480709677419355,37.843548387096774,15376.856451612903,53.90193548387097,31
Indonesia,Okra,Okra Leaf Spot,0.5479725,39.161500000000004,17374.876,54.85549999999999,40
Morocco,Maize,Northern Corn Leaf Blight,0.5477555555555556,39.089777777777776,15813.939555555557,56.82088888888889,45
Pakistan,Pea,Pea Root Rot,0.547725,38.8765625,19748.3128125,56.4703125,32
Canada,Groundnut,Tikka Leaf Spot,0.5474925925925925,38.26453703703704,17585.685,53.55305555555555,108
USA,Pea,Pea Root Rot,0.5474685714285714,38.72057142857143,15536.776571428572,55.67914285714286,35
Egypt,Pea,Pea Root Rot,0.5474354838709677,38.487096774193546,18385.14774193548,57.08,31
New Zealand,Pea,Pea Root Rot,0.5473527777777778,38.645833333333336,19284.015,54.726111111111116,36
Spain,Wheat,Powdery Mildew,0.5472754716981132,38.69264150943396,14330.800566037737,54.594339622641506,53
China,Maize,Maize Smut,0.547254716981132,38.547924528301884,16025.48603773585,55.18603773584906,53
Canada,Pomegranate,Pomegranate Root Rot,0.5469957446808511,38.19276595744681,17053.99510638298,53.7368085106383,47
Australia,Tea,Tea Blister Blight,0.5468972222222223,40.25018518518519,18031.10953703704,58.23694444444445,108
Spain,Pomegranate,Pomegranate Root Rot,0.5467973684210526,37.54342105263158,17097.74447368421,54.52894736842105,38
Germany,Guava,Guava Leaf Spot,0.5467709677419355,38.21935483870968,17424.849032258062,54.432258064516134,31
India,Cauliflower,Cauliflower Leaf Spot,0.54669375,39.87,17979.7146875,56.506875,32
Germany,Cocoa,Cocoa Leaf Spot,0.5466642857142857,38.795,15799.476904761905,55.521904761904764,42
Australia,Barley,Barley Root Rot,0.5465357142857142,37.59285714285714,16912.617142857143,57.325714285714284,28
Morocco,Maize,Maize Smut,0.5463650793650794,38.97587301587301,18494.979365079365,57.770634920634926,63
USA,Millet,Millet Leaf Spot,0.5462903225806451,40.542258064516126,19720.588387096774,55.70322580645161,31
Turkey,Guava,Guava Leaf Spot,0.5461976190476191,38.16119047619048,16138.179285714286,54.60071428571429,42
Turkey,Tea,Tea Blister Blight,0.5461685185185184,38.83138888888889,17893.326574074075,55.169999999999995,108
Morocco,Okra,Okra Root Rot,0.5460171428571429,38.696285714285715,17501.18342857143,57.20542857142857,35
Ukraine,Mung Bean,Mung Bean Leaf Spot,0.5459588235294117,39.48735294117647,16825.564411764703,54.89264705882353,34
Turkey,Carrot,Carrot Leaf Spot,0.545805,38.06675,20539.07025,54.42075,40
Argentina,Cauliflower,Cauliflower Root Rot,0.5457333333333333,39.446666666666665,18407.478055555555,55.08166666666667,36
Australia,Canola,Canola Root Rot,0.5457166666666667,39.78366666666667,15977.550333333334,58.43866666666667,30
Egypt,Apple,Apple Scab,0.5457101851851852,39.39925925925926,18356.074259259258,57.25351851851852,108
China,Carrot,Carrot Leaf Spot,0.545663829787234,39.04489361702127,18677.97319148936,55.34872340425532,47
South Africa,Tea,Tea Blister Blight,0.5455009259259259,39.85129629629629,17195.455833333333,58.06416666666667,108
Canada,Grapes,Downy Mildew,0.5454259259259259,39.05861111111111,17620.46990740741,54.388888888888886,108
Spain,Canola,Canola Leaf Spot,0.5454162790697674,37.559999999999995,18454.66465116279,53.91232558139535,43
Turkey,Millet,Millet Leaf Spot,0.5453027027027026,38.79027027027027,17598.95135135135,54.17945945945946,37
South Africa,Sorghum,Sorghum Root Rot,0.5451625,39.3109375,17458.700625,57.091875,32
Iran,Cucumber,Downy Mildew,0.5451407407407407,40.26916666666666,18296.64888888889,58.63055555555556,108
Italy,Lentil,Lentil Rust,0.5451074074074074,38.23462962962963,17009.763055555555,54.78592592592593,108
Turkey,Barley,Barley Root Rot,0.5449921052631579,37.97263157894737,15349.43552631579,53.751315789473686,38
Italy,Cauliflower,Cauliflower Leaf Spot,0.544990243902439,38.20390243902439,16766.653658536587,54.4009756097561,41
Argentina,Pomegranate,Pomegranate Root Rot,0.5447617647058823,38.24441176470588,17273.567647058826,55.347647058823526,34
Canada,Potato,Early Blight,0.5447115384615384,38.64884615384615,19653.803269230768,54.346923076923076,52
Morocco,Mung Bean,Mung Bean Root Rot,0.5445709677419355,39.586774193548386,16565.807096774195,57.28935483870968,31
Ukraine,Pea,Pea Leaf Spot,0.5445433333333334,40.507666666666665,16888.155000000002,57.02033333333334,30
USA,Cocoa,Cocoa Root Rot,0.5444857142857144,38.80761904761905,17775.755952380954,55.70880952380952,42
Morocco,Millet,Millet Root Rot,0.54434,39.83685714285714,15706.223142857145,58.264,35
Iran,Maize,Maize Smut,0.5442846153846154,40.254423076923075,18287.272884615384,58.627500000000005,52
Pakistan,Maize,Northern Corn Leaf Blight,0.5442704545454545,39.11181818181819,17281.69431818182,57.881136363636365,44
Germany,Guava,Guava Root Rot,0.5442692307692308,37.70153846153846,13986.238461538464,54.13948717948718,39
Ukraine,Pomegranate,Pomegranate Leaf Spot,0.5441645161290323,38.64322580645162,20410.32419354839,55.05870967741935,31
Mexico,Carrot,Carrot Leaf Spot,0.5441041666666667,39.246249999999996,19456.079166666666,56.9075,24
USA,Mung Bean,Mung Bean Root Rot,0.5440825,38.09275,18713.503,54.541999999999994,40
Iran,Cauliflower,Cauliflower Root Rot,0.5438307692307692,39.644615384615385,16992.3658974359,57.91846153846154,39
Argentina,Canola,Canola Root Rot,0.5438264705882353,38.74294117647059,19824.12,55.14058823529412,34
Pakistan,Guava,Guava Leaf Spot,0.543760606060606,39.342424242424244,17695.218484848483,57.85909090909092,33
South Africa,Carrot,Carrot Root Rot,0.5435975,40.05075,19410.7525,58.06825,40
France,Mung Bean,Mung Bean Root Rot,0.5435535714285714,39.335,17767.66964285714,54.580714285714286,28
Spain,Millet,Millet Root Rot,0.5434696969696969,36.33818181818182,17666.667575757576,53.15090909090909,33
Turkey,Cauliflower,Cauliflower Leaf Spot,0.5434464285714286,38.29642857142857,19763.209642857142,55.02464285714286,28
Pakistan,Garlic,Garlic Root Rot,0.5431395833333333,38.964166666666664,16362.116458333332,56.699375,48
France,Canola,Canola Root Rot,0.5430358974358974,37.48384615384615,16088.190512820514,53.98461538461539,39
Egypt,Pomegranate,Pomegranate Root Rot,0.5430307692307692,40.263333333333335,18354.635384615387,58.37307692307693,39
New Zealand,Lentil,Lentil Rust,0.5429462962962963,38.2512037037037,17207.088703703703,54.76592592592593,108
Spain,Carrot,Carrot Leaf Spot,0.5429193548387097,37.44161290322581,16102.02129032258,53.34838709677419,31
Pakistan,Lentil,Lentil Rust,0.5429185185185185,39.6875,18118.732685185183,57.97212962962963,108
Iran,Tomato,Tomato Early Blight,0.5429027027027027,39.457837837837836,22026.08027027027,57.498108108108106,37
Australia,Canola,Canola Leaf Spot,0.542853488372093,40.424418604651166,16570.017906976744,59.21441860465116,43
Morocco,Sorghum,Sorghum Root Rot,0.5428179487179486,39.138717948717954,16631.421282051284,56.55435897435897,39
New Zealand,Cocoa,Cocoa Leaf Spot,0.5427878787878787,38.18787878787879,13096.419393939394,54.958787878787874,33
New Zealand,Mung Bean,Mung Bean Root Rot,0.5426054054054054,39.4972972972973,19437.84162162162,55.49378378378378,37
Germany,Carrot,Carrot Leaf Spot,0.542575,38.5425,16734.8775,54.31125,32
Argentina,Guava,Guava Leaf Spot,0.5425090909090908,37.54727272727273,21159.075454545455,54.20545454545454,33
France,Cocoa,Cocoa Leaf Spot,0.5424921052631578,39.49184210526316,16237.581315789474,55.75842105263158,38
Turkey,Mung Bean,Mung Bean Leaf Spot,0.5424264705882352,36.942647058823525,16287.89176470588,53.45911764705882,34
USA,Carrot,Carrot Leaf Spot,0.5422,38.80029411764706,18485.075588235293,54.95676470588235,34
Argentina,Barley,Barley Leaf Spot,0.5421114285714286,38.154,17508.01314285714,54.45085714285714,35
Italy,Barley,Barley Leaf Spot,0.542109090909091,39.44272727272727,18796.263333333332,55.291515151515156,33
Australia,Sorghum,Sorghum Root Rot,0.5420969696969696,39.95545454545454,18624.739696969697,58.8169696969697,33
Turkey,Wheat,Powdery Mildew,0.542086274509804,37.212941176470586,16692.873725490193,53.50862745098039,51
New Zealand,Garlic,Garlic Root Rot,0.5420435897435898,38.93025641025641,15624.693076923078,54.75333333333334,39
Pakistan,Mung Bean,Mung Bean Root Rot,0.5419777777777778,38.99527777777777,16475.556666666667,56.88805555555555,36
Morocco,Garlic,Garlic Root Rot,0.5419083333333333,40.65166666666667,17376.295,58.58972222222222,36
New Zealand,Canola,Canola Leaf Spot,0.5419073170731707,37.77073170731707,19070.379024390244,54.74975609756098,41
Pakistan,Wheat,Powdery Mildew,0.5418830188679246,40.11,18138.57886792453,58.02754716981132,53
Pakistan,Sugarcane,Smut,0.5417703703703703,39.51611111111111,16659.34611111111,58.27462962962963,54
Argentina,Millet,Millet Root Rot,0.5417038461538461,37.17192307692308,16985.37923076923,53.29,26
Egypt,Maize,Northern Corn Leaf Blight,0.5415258064516129,39.83096774193548,18316.506612903224,57.74241935483871,62
USA,Cocoa,Cocoa Leaf Spot,0.5414964285714285,39.558928571428574,15042.910714285714,56.18714285714286,28
USA,Sorghum,Sorghum Leaf Spot,0.541458064516129,39.134838709677425,18365.46419354839,55.92935483870968,31
Italy,Pomegranate,Pomegranate Leaf Spot,0.5413258064516129,37.73548387096774,16890.364193548387,53.733548387096775,31
Egypt,Sorghum,Sorghum Leaf Spot,0.5413,38.26566666666667,16195.676333333333,56.81066666666666,30
USA,Garlic,Garlic Root Rot,0.5412222222222223,37.712500000000006,17765.388333333332,53.201388888888886,36
Iran,Tea,Tea Blister Blight,0.541212962962963,39.015648148148145,16876.511666666665,57.70129629629629,108
Ukraine,Sorghum,Sorghum Leaf Spot,0.5411075000000001,38.257,16247.49225,54.61375,40
South Africa,Garlic,Garlic Root Rot,0.540915,39.150999999999996,17878.63925,56.9605,40
Egypt,Pomegranate,Pomegranate Leaf Spot,0.5408571428571428,38.465714285714284,20017.095,57.01571428571429,28
Egypt,Cauliflower,Cauliflower Leaf Spot,0.5406821428571429,40.01035714285714,16386.10785714286,58.513214285714284,28
South Africa,Mung Bean,Mung Bean Leaf Spot,0.540585294117647,38.970882352941175,17688.077352941178,57.71970588235294,34
Canada,Wheat,Powdery Mildew,0.5404106382978724,38.28191489361702,17982.438936170212,54.317021276595746,47
Iran,Canola,Canola Leaf Spot,0.5399540540540541,38.79648648648649,19910.272702702703,57.199189189189184,37
Italy,Canola,Canola Root Rot,0.5398580645161289,37.51774193548387,14529.994838709677,53.72451612903226,31
South Africa,Maize,Northern Corn Leaf Blight,0.5396735849056603,37.91735849056604,20347.13641509434,56.5133962264151,53
Argentina,Pomegranate,Pomegranate Leaf Spot,0.5395390243902438,38.28634146341464,19422.01487804878,54.99609756097561,41
South Africa,Barley,Barley Leaf Spot,0.539459375,40.14625,15301.7775,58.5621875,32
Iran,Guava,Guava Root Rot,0.5394100000000001,38.775,16621.430333333334,57.293,30
USA,Maize,Maize Smut,0.5393186440677966,38.90338983050848,17552.46220338983,54.84677966101695,59
China,Okra,Okra Leaf Spot,0.5391878787878788,37.881212121212116,18803.943333333333,54.238484848484845,33
Canada,Carrot,Carrot Root Rot,0.5391257142857142,39.65971428571428,15771.89342857143,54.709714285714284,35
Germany,Pea,Pea Leaf Spot,0.539109756097561,37.90951219512195,16272.301463414633,53.9390243902439,41
Egypt,Mung Bean,Mung Bean Root Rot,0.5390292682926829,39.56878048780488,19188.58024390244,57.43536585365853,41
Pakistan,Sunflower,Downy Mildew,0.538900925925926,38.86407407407407,17886.59351851852,57.3087962962963,108
Egypt,Millet,Millet Leaf Spot,0.5388828571428572,38.67485714285714,19450.076,57.042857142857144,35
Australia,Cocoa,Cocoa Leaf Spot,0.5388365853658537,39.940487804878046,16186.331951219512,57.16097560975609,41
China,Canola,Canola Leaf Spot,0.5386941176470588,37.606764705882355,18848.823823529412,54.26088235294118,34
South Africa,Pea,Pea Root Rot,0.5386,39.718387096774194,17968.404193548387,57.19903225806452,31
Iran,Carrot,Carrot Leaf Spot,0.5385606060606061,38.71818181818182,16976.991515151516,57.835151515151516,33
Turkey,Pomegranate,Pomegranate Leaf Spot,0.5385216216216216,37.58297297297297,15372.09837837838,54.255675675675676,37
Canada,Garlic,Garlic Root Rot,0.5385000000000001,38.46216216216216,17264.974594594598,53.718648648648646,37
Canada,Apple,Apple Scab,0.5384962962962964,37.48416666666667,16200.333518518519,52.97259259259259,108
France,Pea,Pea Leaf Spot,0.5384686274509803,37.56980392156863,16425.746862745098,54.0735294117647,51
China,Sorghum,Sorghum Root Rot,0.538239534883721,38.92720930232558,18006.92976744186,54.968372093023255,43
Spain,Pomegranate,Pomegranate Leaf Spot,0.5382166666666667,39.032000000000004,19447.13,54.95233333333333,30
Egypt,Guava,Guava Leaf Spot,0.5380666666666667,38.46722222222222,20240.525555555556,55.64083333333333,36
New Zealand,Carrot,Carrot Leaf Spot,0.5378375,38.1428125,14976.7459375,54.52375,32
USA,Cauliflower,Cauliflower Leaf Spot,0.53778125,38.510625,17065.7015625,54.7965625,32
Ukraine,Cocoa,Cocoa Root Rot,0.5377609756097561,38.48463414634146,17256.373658536584,54.97682926829269,41
Canada,Lentil,Lentil Rust,0.5377518518518518,37.396203703703705,17225.25314814815,52.946296296296296,108
Egypt,Millet,Millet Root Rot,0.5376896551724137,40.529310344827586,18960.32896551724,58.62517241379311,29
Egypt,Onion,Downy Mildew,0.537675925925926,39.52148148148148,17678.150925925926,57.55416666666667,108
Spain,Millet,Millet Leaf Spot,0.5376657894736843,37.73,16424.299210526315,54.22342105263157,38
Turkey,Carrot,Carrot Root Rot,0.5376625,38.0090625,18880.245625,54.579375,32
Germany,Pea,Pea Root Rot,0.53753125,37.615625,16486.5275,53.99,32
South Africa,Pea,Pea Leaf Spot,0.5374947368421052,37.41684210526316,19125.55157894737,55.663157894736834,38
Turkey,Barley,Barley Leaf Spot,0.5374088235294118,38.643235294117645,19124.373235294115,54.76647058823529,34
Morocco,Tea,Tea Blister Blight,0.5373648148148148,39.05472222222222,18066.55675925926,56.794999999999995,108
Morocco,Sorghum,Sorghum Leaf Spot,0.5372181818181818,40.54545454545455,16752.0903030303,58.14757575757575,33
Pakistan,Sorghum,Sorghum Leaf Spot,0.5372,39.28864864864865,16723.172162162162,57.640540540540535,37
USA,Pomegranate,Pomegranate Root Rot,0.5369828571428571,38.44571428571428,13855.114571428572,54.396571428571434,35
Egypt,Maize,Maize Smut,0.5369717391304348,38.92673913043478,18527.715,57.95065217391304,46
Argentina,Cauliflower,Cauliflower Leaf Spot,0.53688,38.38885714285715,16115.796571428571,54.505428571428574,35
USA,Pomegranate,Pomegranate Leaf Spot,0.5368714285714287,37.186,16308.845714285713,53.36714285714285,35
Iran,Okra,Okra Root Rot,0.536821052631579,39.64657894736842,17907.28131578947,57.84368421052631,38
Egypt,Sorghum,Sorghum Root Rot,0.5367454545454545,38.56484848484849,17420.372121212124,56.95666666666666,33
Ukraine,Maize,Maize Smut,0.5366551020408163,36.56367346938775,17727.268163265308,52.518367346938774,49
Pakistan,Canola,Canola Leaf Spot,0.5366421052631578,38.04263157894737,16578.268684210525,55.592368421052626,38
Italy,Cauliflower,Cauliflower Root Rot,0.53643125,38.763125,14233.260625,54.7534375,32
Italy,Mung Bean,Mung Bean Leaf Spot,0.5363571428571429,38.97261904761905,21275.911190476192,54.69809523809524,42
Mexico,Cocoa,Cocoa Leaf Spot,0.5363289473684211,40.1578947368421,17821.34105263158,58.164736842105256,38
Italy,Millet,Millet Leaf Spot,0.5363151515151515,40.1109090909091,16805.56272727273,56.618787878787884,33
USA,Mung Bean,Mung Bean Leaf Spot,0.5362742857142857,37.686,18499.374571428572,53.51428571428571,35
USA,Barley,Barley Root Rot,0.5362526315789474,36.61342105263158,17287.792105263157,53.572105263157894,38
Egypt,Sunflower,Downy Mildew,0.5361481481481482,39.30814814814815,17959.340555555555,57.70712962962963,108
Canada,Guava,Guava Root Rot,0.535809375,37.416875,19677.2896875,52.9971875,32
Turkey,Sorghum,Sorghum Leaf Spot,0.5358033333333334,39.53333333333333,17258.610333333334,55.837333333333326,30
Turkey,Okra,Okra Root Rot,0.535702380952381,38.64380952380952,17470.992857142857,55.51428571428571,42
Egypt,Okra,Okra Root Rot,0.5356741935483871,37.06258064516129,15563.59935483871,55.281290322580645,31
Canada,Eggplant,Phomopsis Blight,0.535575,37.43518518518518,17364.97925925926,53.388888888888886,108
France,Cauliflower,Cauliflower Root Rot,0.5354820512820513,37.065128205128204,14042.44282051282,53.881025641025644,39
Australia,Cauliflower,Cauliflower Root Rot,0.5354655172413793,39.28310344827587,16245.255517241381,56.669310344827586,29
Iran,Barley,Barley Root Rot,0.5353133333333333,40.03066666666667,17363.099666666665,58.20399999999999,30
Turkey,Canola,Canola Leaf Spot,0.5350953488372093,37.95511627906976,16880.377441860466,54.468139534883726,43
New Zealand,Okra,Okra Leaf Spot,0.5349948717948718,38.93128205128205,15744.80358974359,55.131025641025644,39
USA,Guava,Guava Leaf Spot,0.5349190476190476,38.515952380952385,20963.691666666666,54.71071428571428,42
France,Carrot,Carrot Root Rot,0.5348125,38.1834375,17126.630937500002,53.674375,32
Egypt,Tea,Tea Blister Blight,0.5346453703703704,39.219166666666666,15783.620092592593,57.76092592592593,108
Canada,Onion,Downy Mildew,0.5345935185185186,37.67851851851852,15498.18851851852,53.38407407407407,108
China,Cauliflower,Cauliflower Leaf Spot,0.5345513513513513,37.48432432432433,18097.78,54.08432432432432,37
Australia,Garlic,Garlic Root Rot,0.5345297297297297,39.00324324324325,16684.59162162162,56.51864864864865,37
Australia,Barley,Barley Leaf Spot,0.534525641025641,38.06871794871795,20492.48205128205,56.31461538461539,39
Iran,Garlic,Garlic Leaf Spot,0.5343279069767441,38.29279069767442,15520.212790697675,56.72976744186047,43
Pakistan,Okra,Okra Leaf Spot,0.5342545454545455,39.592727272727274,17783.0903030303,58.13848484848484,33
South Africa,Pomegranate,Pomegranate Leaf Spot,0.5340851851851851,38.007407407407406,14044.07962962963,55.96703703703703,27
Canada,Sunflower,Downy Mildew,0.5340805555555556,37.30935185185185,17565.725925925926,52.317129629629626,108
Canada,Millet,Millet Mosaic Virus,0.533890243902439,38.341219512195124,17995.924878048783,53.56024390243902,41
France,Sorghum,Sorghum Root Rot,0.5338102564102564,38.25410256410257,16213.84282051282,53.903333333333336,39
Nigeria,Guava,Guava Leaf Spot,0.53372,37.87542857142857,18990.68285714286,54.388285714285715,35
Iran,Carrot,Carrot Root Rot,0.5336928571428571,39.78404761904762,15934.034523809523,57.36214285714286,42
Mexico,Sorghum,Sorghum Leaf Spot,0.5335954545454545,38.35227272727273,17607.04409090909,56.790909090909096,22
Morocco,Barley,Barley Root Rot,0.5334794117647059,38.42558823529412,18676.697647058823,56.563235294117646,34
Morocco,Guava,Guava Root Rot,0.533391891891892,38.57432432432432,17590.65081081081,55.991621621621626,37
Australia,Millet,Millet Root Rot,0.5333315789473684,39.3821052631579,18718.316578947368,57.915789473684214,38
Pakistan,Pea,Pea Leaf Spot,0.5331692307692308,37.36076923076923,18020.463076923075,55.45871794871795,39
Australia,Apple,Apple Scab,0.5330101851851852,38.921481481481486,18795.03324074074,57.34842592592593,108
Morocco,Lentil,Lentil Rust,0.5328351851851851,39.31333333333333,17236.994074074075,58.085,108
France,Cocoa,Cocoa Root Rot,0.5325842105263158,38.15315789473684,17140.697105263156,53.83894736842105,38
Ukraine,Okra,Okra Leaf Spot,0.5325638888888888,38.93638888888889,13109.39638888889,54.76361111111111,36
Ukraine,Sorghum,Sorghum Root Rot,0.5323484848484848,36.99575757575758,15604.001212121213,53.95424242424242,33
Indonesia,Pea,Pea Leaf Spot,0.5322638888888889,36.41388888888889,17567.951944444445,51.77111111111111,36
Canada,Cotton,Cotton Wilt,0.5321843137254902,37.53294117647059,17412.90705882353,51.938235294117646,51
Argentina,Pea,Pea Leaf Spot,0.5320131578947368,37.37026315789473,15357.533947368422,53.15210526315789,38
New Zealand,Pomegranate,Pomegranate Leaf Spot,0.5317973684210526,38.516052631578944,16729.47157894737,54.35868421052632,38
Australia,Millet,Millet Leaf Spot,0.5317366666666666,38.368,17845.003333333334,56.37533333333333,30
USA,Carrot,Carrot Root Rot,0.5313399999999999,36.83675,18179.3105,53.22025,40
Egypt,Cocoa,Cocoa Leaf Spot,0.531270588235294,40.546176470588236,18653.86911764706,58.71558823529411,34
Canada,Canola,Canola Root Rot,0.5312558823529412,36.828529411764706,17955.156470588234,52.98676470588235,34
Morocco,Apple,Apple Scab,0.5310175925925926,38.723055555555554,16681.170462962964,56.86138888888889,108
Iran,Onion,Downy Mildew,0.5308444444444445,38.8212037037037,18523.146018518517,57.34481481481481,108
New Zealand,Okra,Okra Root Rot,0.5308117647058823,38.23882352941176,17626.559411764705,54.332941176470584,34
Morocco,Sunflower,Downy Mildew,0.5307092592592593,38.96083333333334,15656.439814814816,57.20342592592593,108
Australia,Pomegranate,Pomegranate Leaf Spot,0.5307,38.11083333333333,14127.179166666667,56.78527777777778,36
Italy,Garlic,Garlic Leaf Spot,0.5306146341463415,39.8490243902439,14396.656585365854,56.5519512195122,41
Iran,Okra,Okra Leaf Spot,0.5304470588235294,38.811470588235295,18041.72294117647,57.56382352941176,34
Germany,Pomegranate,Pomegranate Leaf Spot,0.5303657894736842,38.306315789473686,15897.034736842104,54.19894736842105,38
Pakistan,Maize,Maize Smut,0.5303625,39.00859375,14311.426875000001,57.27125,64
South Africa,Canola,Canola Leaf Spot,0.5300974358974359,37.95923076923077,18013.59512820513,55.64076923076922,39
Australia,Mung Bean,Mung Bean Leaf Spot,0.529875,38.098055555555554,19198.343333333334,55.650000000000006,36
Iran,Pea,Pea Leaf Spot,0.5298314285714286,39.81514285714286,18145.655714285713,57.77657142857143,35
Morocco,Tomato,Tomato Early Blight,0.529525,38.465,16962.395555555555,56.15694444444445,36
USA,Canola,Canola Leaf Spot,0.529465,37.4155,15709.3285,53.714,40
Egypt,Cauliflower,Cauliflower Root Rot,0.5294238095238095,39.763333333333335,19669.081904761904,57.45690476190477,42
Iran,Pomegranate,Pomegranate Root Rot,0.5291977272727273,37.99340909090909,19949.865454545452,56.247727272727275,44
South Africa,Cauliflower,Cauliflower Leaf Spot,0.5291657894736842,38.62736842105263,16716.679736842103,57.216315789473676,38
Egypt,Okra,Okra Leaf Spot,0.5289682926829268,38.50243902439024,18975.605609756098,56.72365853658537,41
Spain,Guava,Guava Leaf Spot,0.5289642857142857,38.595,16464.04357142857,54.33833333333333,42
Iran,Barley,Barley Leaf Spot,0.52884,39.518,17965.78975,57.26475000000001,40
Turkey,Okra,Okra Leaf Spot,0.5285685714285714,38.05428571428572,20292.640285714286,53.49257142857143,35
South Africa,Maize,Maize Smut,0.5282745454545454,38.05654545454546,17651.80690909091,56.150363636363636,55
China,Pomegranate,Pomegranate Root Rot,0.5281783783783783,39.33405405405405,17275.773243243242,54.85891891891892,37
New Zealand,Sorghum,Sorghum Leaf Spot,0.5281461538461538,37.761538461538464,18945.215384615385,53.70871794871795,39
South Africa,Millet,Millet Leaf Spot,0.5280575757575757,38.90333333333333,18379.196666666667,57.61757575757576,33
China,Pea,Pea Root Rot,0.5280276595744681,37.67,14062.904468085106,53.72425531914894,47
Pakistan,Barley,Barley Leaf Spot,0.5279794871794872,38.146410256410256,13870.514102564104,56.5648717948718,39
South Africa,Okra,Okra Root Rot,0.5276484848484849,39.518787878787876,19492.02393939394,56.89575757575757,33
France,Pomegranate,Pomegranate Leaf Spot,0.5276153846153846,38.28846153846154,20207.510000000002,54.784615384615385,39
Spain,Mung Bean,Mung Bean Leaf Spot,0.5275558823529413,38.56,17869.420588235294,54.99,34
Italy,Guava,Guava Leaf Spot,0.5275526315789474,37.88131578947368,16383.835789473684,54.42263157894737,38
Pakistan,Carrot,Carrot Leaf Spot,0.5273047619047618,38.75595238095238,13646.940952380954,57.609047619047615,42
Argentina,Cocoa,Cocoa Root Rot,0.5270424242424242,37.768181818181816,19173.525757575757,53.65363636363636,33
Egypt,Garlic,Garlic Leaf Spot,0.527027027027027,39.47162162162162,20071.414594594593,58.11945945945946,37
Morocco,Carrot,Carrot Leaf Spot,0.5269918918918919,39.0927027027027,20645.160270270273,56.97837837837837,37
Pakistan,Mung Bean,Mung Bean Leaf Spot,0.52687,38.0325,18194.669,56.097500000000004,40
Iran,Pomegranate,Pomegranate Leaf Spot,0.5265805555555556,37.891666666666666,16672.080833333333,56.03194444444445,36
New Zealand,Canola,Canola Root Rot,0.5265722222222222,37.048611111111114,16557.6275,52.95222222222222,36
Spain,Cauliflower,Cauliflower Leaf Spot,0.52624,38.13866666666667,19121.420666666665,54.425,30
Pakistan,Barley,Barley Root Rot,0.5260281250000001,36.9409375,14769.6359375,55.21875,32
Germany,Garlic,Garlic Leaf Spot,0.5259857142857143,37.85628571428572,14460.697714285714,53.21942857142857,35
Turkey,Garlic,Garlic Leaf Spot,0.5257846153846154,38.108717948717945,18361.21205128205,53.88153846153846,39
South Africa,Mung Bean,Mung Bean Root Rot,0.5256571428571428,38.43452380952381,14820.79904761905,56.33380952380952,42
Pakistan,Cauliflower,Cauliflower Leaf Spot,0.5250764705882353,38.05264705882353,14239.475294117647,56.47558823529412,34
Canada,Tea,Tea Blister Blight,0.5247120370370371,36.6162962962963,17415.424814814814,51.74962962962963,108
Italy,Okra,Okra Root Rot,0.5243966666666666,35.89266666666666,17555.181999999997,52.17266666666667,30
Turkey,Pomegranate,Pomegranate Root Rot,0.5243690476190476,37.78214285714286,15456.116904761906,53.49214285714286,42
Iran,Mung Bean,Mung Bean Root Rot,0.523986046511628,38.64674418604651,13744.041162790698,56.2739534883721,43
Argentina,Okra,Okra Leaf Spot,0.5237025641025641,36.28410256410256,17400.258205128204,52.76435897435897,39
Italy,Cocoa,Cocoa Root Rot,0.5235606060606061,36.21090909090909,18206.745454545453,52.21060606060606,33
Iran,Canola,Canola Root Rot,0.5233595238095239,37.53333333333334,14979.24261904762,55.616904761904756,42
France,Millet,Millet Root Rot,0.5232,38.336666666666666,15574.92606060606,54.56242424242424,33
Australia,Pea,Pea Leaf Spot,0.5229695652173912,38.62891304347826,21392.987173913043,56.615,46
Canada,Pea,Pea Leaf Spot,0.52251,37.87075,15789.842999999999,52.802,40
Australia,Maize,Maize Smut,0.5221698113207547,38.649433962264155,17240.659433962264,56.42849056603774,53
Morocco,Okra,Okra Leaf Spot,0.5218777777777778,36.81333333333333,15914.053611111112,55.77361111111111,36
Spain,Sorghum,Sorghum Leaf Spot,0.5218666666666666,37.851111111111116,19113.402777777777,53.28138888888889,36
Iran,Guava,Guava Leaf Spot,0.5217975609756097,39.321951219512194,18695.98951219512,57.531463414634146,41
New Zealand,Cauliflower,Cauliflower Leaf Spot,0.5215405405405406,37.10675675675676,18285.36918918919,52.89945945945946,37
France,Barley,Barley Leaf Spot,0.5214780487804879,37.32951219512195,17259.249024390243,53.58390243902439,41
South Africa,Garlic,Garlic Leaf Spot,0.52146,36.81333333333334,17169.283,55.971333333333334,30
Egypt,Pea,Pea Leaf Spot,0.52145,38.48425,21020.473749999997,56.2275,40
Argentina,Garlic,Garlic Root Rot,0.5213564102564102,38.22538461538461,16801.91564102564,54.838974358974355,39
Iran,Cocoa,Cocoa Leaf Spot,0.5212846153846155,38.305128205128206,17575.848205128204,56.455384615384624,39
Australia,Mung Bean,Mung Bean Root Rot,0.5212609756097561,38.69146341463414,18297.58951219512,56.32,41
USA,Guava,Guava Root Rot,0.5211975,37.4745,14562.28425,53.803999999999995,40
France,Cauliflower,Cauliflower Leaf Spot,0.521084375,38.49875,14834.274375,54.6971875,32
Spain,Okra,Okra Leaf Spot,0.521,36.25931034482758,17766.39379310345,52.29448275862069,29
Canada,Okra,Okra Leaf Spot,0.5209469387755101,36.116734693877554,15668.311632653062,51.380204081632655,49
Australia,Guava,Guava Leaf Spot,0.520874358974359,38.396153846153844,18229.71205128205,56.27487179487179,39
Argentina,Garlic,Garlic Leaf Spot,0.5207857142857143,37.53142857142857,15802.343428571428,53.43371428571429,35
Argentina,Canola,Canola Leaf Spot,0.5207804878048781,36.33439024390244,14874.381951219513,52.37682926829268,41
Canada,Sugarcane,Smut,0.520665,36.05783333333333,15388.080166666665,51.142833333333336,60
Pakistan,Pomegranate,Pomegranate Leaf Spot,0.5205828571428571,37.734,15137.231714285714,55.827714285714286,35
Egypt,Barley,Barley Root Rot,0.5202314285714286,38.50857142857143,16658.116285714284,56.68228571428572,35
Pakistan,Garlic,Garlic Leaf Spot,0.5201423076923077,38.34538461538462,17119.23692307692,56.93653846153846,26
China,Millet,Millet Leaf Spot,0.5200272727272727,37.620000000000005,18650.497575757578,53.99727272727273,33
Argentina,Carrot,Carrot Leaf Spot,0.5194972222222223,35.58583333333333,17336.49,51.1275,36
Egypt,Carrot,Carrot Leaf Spot,0.5180861111111111,38.90972222222222,16609.66388888889,56.51777777777778,36
Pakistan,Sorghum,Sorghum Root Rot,0.5178083333333334,39.159166666666664,20915.07,57.32333333333333,36
Australia,Cauliflower,Cauliflower Leaf Spot,0.5176487179487179,37.46974358974359,17436.119230769233,55.2151282051282,39
Iran,Sorghum,Sorghum Leaf Spot,0.5175103448275862,38.43344827586207,15944.362068965518,56.56689655172414,29
Australia,Carrot,Carrot Leaf Spot,0.5174714285714286,36.59464285714286,15042.697857142857,54.64714285714285,28
Iran,Sorghum,Sorghum Root Rot,0.5173951219512195,38.20878048780488,16636.475853658536,56.3880487804878,41
Morocco,Garlic,Garlic Leaf Spot,0.5171411764705882,37.58558823529412,17964.394705882354,55.779117647058825,34
USA,Garlic,Garlic Leaf Spot,0.5170921052631579,36.83947368421053,17855.342631578947,53.18236842105264,38
Australia,Okra,Okra Leaf Spot,0.5168,36.753,17451.47725,55.56575,40
Australia,Carrot,Carrot Root Rot,0.5165783783783784,38.05486486486486,16907.19918918919,55.94189189189189,37
Canada,Cocoa,Cocoa Leaf Spot,0.5165229166666666,36.4075,17313.610833333332,51.591874999999995,48
Iran,Cauliflower,Cauliflower Leaf Spot,0.5160382352941176,36.68529411764706,15634.962352941177,55.71558823529411,34
Canada,Okra,Okra Root Rot,0.5160029411764706,36.31941176470588,16324.503823529412,51.948235294117644,34
Ukraine,Cocoa,Cocoa Leaf Spot,0.5159228571428572,36.735142857142854,14706.199142857144,53.92914285714286,35
Iran,Millet,Millet Leaf Spot,0.5158948717948718,39.33794871794872,18652.380256410255,57.60282051282052,39
Morocco,Guava,Guava Leaf Spot,0.5153545454545454,38.82,18523.980681818182,56.85613636363637,44
Egypt,Guava,Guava Root Rot,0.5152117647058824,37.663823529411765,19713.095588235294,55.921470588235294,34
Pakistan,Okra,Okra Root Rot,0.5151304347826088,37.45913043478261,18944.021739130436,54.149565217391306,23
Ukraine,Millet,Millet Leaf Spot,0.5143241379310345,38.33827586206896,16827.733103448278,53.598965517241375,29
Italy,Cocoa,Cocoa Leaf Spot,0.5137714285714285,36.637142857142855,18260.192,51.32228571428571,35
South Africa,Carrot,Carrot Leaf Spot,0.513311111111111,38.01,16508.30888888889,55.801944444444445,36
Pakistan,Cocoa,Cocoa Leaf Spot,0.5129970588235294,37.288529411764706,16947.615294117648,55.05117647058824,34
Germany,Mung Bean,Mung Bean Root Rot,0.5128214285714285,36.48309523809524,16791.39619047619,52.16928571428572,42
Canada,Pea,Pea Root Rot,0.5124787878787879,37.07424242424243,15334.708181818181,52.458181818181814,33
South Africa,Sorghum,Sorghum Leaf Spot,0.5120527777777778,38.684444444444445,18887.9925,56.45916666666667,36
South Africa,Cocoa,Cocoa Leaf Spot,0.5119384615384615,38.1725641025641,16605.403333333332,55.68102564102564,39
Morocco,Barley,Barley Leaf Spot,0.5119157894736842,37.25631578947368,15735.157894736842,54.42052631578947,38
South Africa,Cocoa,Cocoa Root Rot,0.511853125,37.0790625,16619.719375,55.9975,32
Canada,Cocoa,Cocoa Root Rot,0.5116291666666667,35.86083333333333,14769.706250000001,50.105,24
Canada,Sorghum,Sorghum Root Rot,0.5112783783783784,35.84513513513514,17110.26891891892,51.116216216216216,37
Ukraine,Garlic,Garlic Root Rot,0.511009090909091,36.624545454545455,17572.28636363636,51.70772727272727,22
Canada,Maize,Maize Smut,0.5103630434782609,35.57673913043478,16927.833043478262,51.35347826086957,46
Pakistan,Carrot,Carrot Root Rot,0.5093432432432433,36.59918918918919,16552.132432432434,54.90891891891892,37
New Zealand,Guava,Guava Root Rot,0.5085289473684211,35.14842105263158,17148.187105263158,51.47894736842105,38
Canada,Canola,Canola Leaf Spot,0.5084630434782609,35.9695652173913,16432.438695652174,51.37413043478261,46
Canada,Mung Bean,Mung Bean Root Rot,0.5075837837837838,35.39432432432432,19449.881351351352,50.670810810810806,37
South Africa,Guava,Guava Leaf Spot,0.5070135135135135,38.884864864864866,15975.674054054052,56.8681081081081,37
Pakistan,Millet,Millet Leaf Spot,0.5067583333333334,38.079166666666666,16655.312222222223,55.713055555555556,36
Canada,Barley,Barley Leaf Spot,0.5057611111111111,35.896388888888886,14654.078888888887,51.54055555555556,36
South Africa,Okra,Okra Leaf Spot,0.5057166666666667,37.0075,15706.942222222224,55.48388888888889,36
Canada,Millet,Millet Root Rot,0.5049842105263158,36.169210526315794,16219.907105263157,50.857894736842105,38
Canada,Cauliflower,Cauliflower Root Rot,0.5047487804878049,35.33658536585366,17161.00243902439,50.29829268292683,41
Canada,Cauliflower,Cauliflower Leaf Spot,0.5031444444444444,36.63037037037037,14848.71037037037,51.32259259259259,27
China,Guava,Guava Leaf Spot,0.5029096774193548,36.06645161290322,19130.61516129032,52.27903225806452,31
Canada,Mung Bean,Mung Bean Leaf Spot,0.5028928571428571,35.722142857142856,18315.9875,51.598214285714285,28
Morocco,Pomegranate,Pomegranate Leaf Spot,0.5014885714285714,36.77285714285714,18611.259142857143,54.45885714285714,35
Morocco,Pea,Pea Leaf Spot,0.5013666666666667,36.06212121212121,16197.696666666667,53.99030303030303,33
Morocco,Cauliflower,Cauliflower Leaf Spot,0.5010733333333334,35.76533333333334,15826.281333333334,53.425333333333334,30
Canada,Pomegranate,Pomegranate Leaf Spot,0.50054,34.522,15485.083200000001,49.6784,25
Iran,Pea,Pea Root Rot,0.4990413793103448,36.64103448275862,15610.653448275862,54.312413793103445,29
Morocco,Cocoa,Cocoa Leaf Spot,0.4988075,36.76775,18183.6895,53.96825,40
Iran,Mung Bean,Mung Bean Leaf Spot,0.4987,37.52314285714286,17750.412857142856,55.196285714285715,35
Egypt,Canola,Canola Leaf Spot,0.4977621621621622,35.3345945945946,15748.233243243243,54.16945945945946,37
Canada,Guava,Guava Leaf Spot,0.4960121951219512,34.52926829268293,17667.450487804876,49.45682926829269,41
Canada,Carrot,Carrot Leaf Spot,0.49451875,35.0178125,16879.7353125,50.5871875,32
Morocco,Millet,Millet Leaf Spot,0.4936970588235294,36.251176470588234,16976.39588235294,54.62647058823529,34
Canada,Sorghum,Sorghum Leaf Spot,0.4936846153846154,35.190384615384616,15875.691923076924,49.642307692307696,26
Canada,Millet,Millet Leaf Spot,0.49247586206896554,35.15379310344828,15201.738620689655,50.34275862068966,29
Canada,Barley,Barley Root Rot,0.4916055555555556,35.64277777777777,17282.68388888889,49.600833333333334,36
Canada,Garlic,Garlic Leaf Spot,0.48603939393939394,34.699696969696966,15848.607575757575,49.919393939393935,33
