year,country,crop_type,projected_disease_probability,projected_yield_loss_percent,projected_outbreak_risk_90_days,projected_food_security_impact_score
2030,Argentina,Apple,0.494375,35.6125,0.5358499999999999,48.79
2030,Argentina,Banana,0.630275,44.33,0.665625,58.3025
2030,Argentina,Barley,0.54495,37.5225,0.60145,54.9925
2030,Argentina,Cabbage,0.548075,39.905,0.589475,55.77
2030,Argentina,Canola,0.47945,33.22,0.56355,48.7
2030,Argentina,Carrot,0.606275,41.915,0.6784,59.4725
2030,Argentina,Cauliflower,0.55915,41.1475,0.582475,59.07
2030,Argentina,Chickpea,0.525925,38.894999999999996,0.595575,56.5725
2030,Argentina,Chili,0.626325,40.4675,0.657175,60.735
2030,Argentina,Citrus,0.6083999999999999,37.145,0.642775,55.55
2030,Argentina,Cocoa,0.575075,40.375,0.607225,58.61
2030,Argentina,Coffee,0.584375,43.36,0.605875,59.7425
2030,Argentina,Cotton,0.6666,41.8925,0.702175,57.0775
2030,Argentina,Cucumber,0.552975,37.18,0.6068250000000001,54.315
2030,Argentina,Eggplant,0.5413749999999999,35.445,0.6194999999999999,53.1125
2030,Argentina,Garlic,0.5354,36.9025,0.55175,52.5725
2030,Argentina,Grapes,0.613075,39.8875,0.652725,57.075
2030,Argentina,Groundnut,0.494,33.14,0.4988,50.0025
2030,Argentina,Guava,0.6083000000000001,42.21,0.669475,59.855000000000004
2030,Argentina,Lentil,0.676925,44.655,0.722375,61.8475
2030,Argentina,Maize,0.6375500000000001,46.865,0.675675,65.5075
2030,Argentina,Mango,0.6346499999999999,45.4875,0.706575,62.1475
2030,Argentina,Millet,0.5423,35.4325,0.620925,52.2025
2030,Argentina,Mung Bean,0.59135,42.155,0.600175,60.8925
2030,Argentina,Okra,0.53865,34.64,0.5914,51.685
2030,Argentina,Onion,0.6204000000000001,44.0625,0.6998,60.0575
2030,Argentina,Pea,0.4671,32.855,0.497425,46.552499999999995
2030,Argentina,Pomegranate,0.550575,38.6075,0.62915,55.53
2030,Argentina,Potato,0.5347,37.7875,0.56675,55.6
2030,Argentina,Rice,0.55065,41.12,0.568325,57.1075
2030,Argentina,Sorghum,0.4678,35.629999999999995,0.52565,48.735
2030,Argentina,Soybean,0.61005,44.582499999999996,0.669275,59.5925
2030,Argentina,Sugarcane,0.54825,38.4475,0.640875,53.3125
2030,Argentina,Sunflower,0.665475,47.2,0.725175,65.92999999999999
2030,Argentina,Tea,0.583325,40.72,0.6174999999999999,58.7875
2030,Argentina,Tomato,0.5848,40.545,0.627775,58.665000000000006
2030,Argentina,Wheat,0.6381,48.4725,0.63095,65.8825
2030,Australia,Apple,0.48435,38.2975,0.5413,54.0725
2030,Australia,Banana,0.615225,42.6575,0.6765,60.597500000000004
2030,Australia,Barley,0.6506,46.3425,0.7141500000000001,66.37
2030,Australia,Cabbage,0.57235,42.86,0.6472249999999999,60.995000000000005
2030,Australia,Canola,0.6352,48.835,0.7239,66.41
2030,Australia,Carrot,0.5285,35.8125,0.598525,52.4325
2030,Australia,Cauliflower,0.54515,39.894999999999996,0.581825,58.21
2030,Australia,Chickpea,0.644225,42.475,0.70385,63.0025
2030,Australia,Chili,0.53845,43.405,0.6114999999999999,61.1575
2030,Australia,Citrus,0.617575,42.1175,0.63395,60.875
2030,Australia,Cocoa,0.5621,39.1275,0.608425,55.5675
2030,Australia,Coffee,0.54915,38.74,0.5730999999999999,59.335
2030,Australia,Cotton,0.612175,40.7525,0.6852,58.975
2030,Australia,Cucumber,0.643775,42.9875,0.67145,62.62
2030,Australia,Eggplant,0.632275,44.4925,0.720425,61.9525
2030,Australia,Garlic,0.426725,31.69,0.494225,49.1275
2030,Australia,Grapes,0.54375,37.485,0.572675,56.4825
2030,Australia,Groundnut,0.538875,38.855,0.62385,57.0125
2030,Australia,Guava,0.67775,51.9575,0.73565,71.975
2030,Australia,Lentil,0.539025,35.9675,0.578975,54.575
2030,Australia,Maize,0.47575,34.8325,0.5051749999999999,49.010000000000005
2030,Australia,Mango,0.5906,46.82,0.684275,66.1525
2030,Australia,Millet,0.58575,46.7625,0.643425,66.1
2030,Australia,Mung Bean,0.54355,37.74,0.5889,56.8475
2030,Australia,Okra,0.542525,38.42,0.645325,57.144999999999996
2030,Australia,Onion,0.5776,42.4125,0.6450750000000001,60.075
2030,Australia,Pea,0.602525,41.685,0.66425,59.235
2030,Australia,Pomegranate,0.6052500000000001,42.6075,0.6073999999999999,57.7125
2030,Australia,Potato,0.61265,42.695,0.653625,59.8575
2030,Australia,Rice,0.572175,39.4025,0.65715,57.44
2030,Australia,Sorghum,0.6387499999999999,47.6775,0.705275,66.77000000000001
2030,Australia,Soybean,0.580875,43.365,0.633075,61.8475
2030,Australia,Sugarcane,0.5102,38.0675,0.49505,56.845
2030,Australia,Sunflower,0.568975,43.005,0.598875,59.025
2030,Australia,Tea,0.5708,41.1225,0.5493750000000001,60.707499999999996
2030,Australia,Tomato,0.500725,34.4225,0.5262249999999999,54.682500000000005
2030,Australia,Wheat,0.58975,44.945,0.5851,63.6275
2030,Bangladesh,Apple,0.5693,40.6575,0.627325,57.6525
2030,Bangladesh,Banana,0.68845,48.82,0.715025,65.255
2030,Bangladesh,Barley,0.498275,32.675,0.5259,46.0475
2030,Bangladesh,Cabbage,0.6608,48.370000000000005,0.6779999999999999,64.4975
2030,Bangladesh,Canola,0.642825,48.5375,0.667025,65.32499999999999
2030,Bangladesh,Carrot,0.707375,47.805,0.7592,64.58250000000001
2030,Bangladesh,Cauliflower,0.66855,43.455,0.735425,60.26
2030,Bangladesh,Chickpea,0.67855,49.13,0.751425,63.067499999999995
2030,Bangladesh,Chili,0.5554250000000001,38.6375,0.6158250000000001,52.5225
2030,Bangladesh,Citrus,0.6152500000000001,43.667500000000004,0.6351,58.71
2030,Bangladesh,Cocoa,0.6386,42.2125,0.6803,58.957499999999996
2030,Bangladesh,Coffee,0.6264000000000001,38.519999999999996,0.659075,53.94
2030,Bangladesh,Cotton,0.59355,40.925,0.64115,55.515
2030,Bangladesh,Cucumber,0.604375,42.455,0.6766,57.802499999999995
2030,Bangladesh,Eggplant,0.66625,48.2,0.75465,63.1975
2030,Bangladesh,Garlic,0.56925,39.0825,0.59495,53.4725
2030,Bangladesh,Grapes,0.5987750000000001,42.8875,0.608725,59.947500000000005
2030,Bangladesh,Groundnut,0.55115,37.995000000000005,0.5898749999999999,53.9725
2030,Bangladesh,Guava,0.647675,47.0375,0.7017,62.1325
2030,Bangladesh,Lentil,0.57415,34.9075,0.67465,50.89
2030,Bangladesh,Maize,0.62715,42.3125,0.69055,58.1025
2030,Bangladesh,Mango,0.6416000000000001,47.445,0.6706,61.94
2030,Bangladesh,Millet,0.5916,42.6075,0.681025,56.8475
2030,Bangladesh,Mung Bean,0.61995,40.5875,0.655,57.7025
2030,Bangladesh,Okra,0.54965,35.545,0.624225,50.165
2030,Bangladesh,Onion,0.729125,51.745,0.809075,68.7125
2030,Bangladesh,Pea,0.59645,44.22,0.6471750000000001,55.695
2030,Bangladesh,Pomegranate,0.60385,40.445,0.666225,58.425000000000004
2030,Bangladesh,Potato,0.6073500000000001,40.7375,0.61525,57.76
2030,Bangladesh,Rice,0.66345,47.035000000000004,0.7138249999999999,63.09
2030,Bangladesh,Sorghum,0.610475,45.1875,0.663675,61.405
2030,Bangladesh,Soybean,0.715975,53.4375,0.752625,67.6175
2030,Bangladesh,Sugarcane,0.5453,39.8075,0.599525,50.17
2030,Bangladesh,Sunflower,0.649125,48.8225,0.69215,64.6
2030,Bangladesh,Tea,0.5433,41.12,0.6221749999999999,57.2675
2030,Bangladesh,Tomato,0.728025,50.04,0.75615,66.3675
2030,Bangladesh,Wheat,0.652875,47.239999999999995,0.719525,65.35249999999999
2030,Brazil,Apple,0.6016250000000001,43.6275,0.623275,59.7475
2030,Brazil,Banana,0.661975,41.962500000000006,0.711075,60.207499999999996
2030,Brazil,Barley,0.59625,42.52,0.6664,58.269999999999996
2030,Brazil,Cabbage,0.659575,48.7875,0.727225,65.27499999999999
2030,Brazil,Canola,0.516475,36.63,0.601425,50.44
2030,Brazil,Carrot,0.52625,41.442499999999995,0.5751999999999999,56.025
2030,Brazil,Cauliflower,0.5554749999999999,38.005,0.608775,55.8675
2030,Brazil,Chickpea,0.631775,42.04,0.7021999999999999,60.045
2030,Brazil,Chili,0.655025,47.0925,0.740175,64.02000000000001
2030,Brazil,Citrus,0.6493,44.52,0.702275,62.74
2030,Brazil,Cocoa,0.5851500000000001,43.545,0.621975,61.2325
2030,Brazil,Coffee,0.6853,44.4425,0.754175,61.965
2030,Brazil,Cotton,0.6654249999999999,48.114999999999995,0.7291,63.605000000000004
2030,Brazil,Cucumber,0.622825,45.255,0.71245,61.48
2030,Brazil,Eggplant,0.6793750000000001,50.8125,0.732175,67.0325
2030,Brazil,Garlic,0.553425,38.4675,0.593375,56.1025
2030,Brazil,Grapes,0.66685,42.43,0.723575,62.1275
2030,Brazil,Groundnut,0.624375,44.9725,0.690925,62.385
2030,Brazil,Guava,0.627925,46.05,0.68485,62.0775
2030,Brazil,Lentil,0.6136250000000001,43.1975,0.6742,58.71
2030,Brazil,Maize,0.597225,44.9,0.66315,61.152499999999996
2030,Brazil,Mango,0.577775,35.972500000000004,0.6171,54.6475
2030,Brazil,Millet,0.624125,45.5375,0.6776,63.84
2030,Brazil,Mung Bean,0.5830500000000001,40.3525,0.64095,55.5025
2030,Brazil,Okra,0.700975,48.4775,0.763375,65.245
2030,Brazil,Onion,0.6275,43.917500000000004,0.660775,62.625
2030,Brazil,Pea,0.579675,40.004999999999995,0.663425,58.957499999999996
2030,Brazil,Pomegranate,0.538675,35.4825,0.634775,53.495000000000005
2030,Brazil,Potato,0.673475,45.7575,0.788,63.504999999999995
2030,Brazil,Rice,0.7116750000000001,49.7575,0.779775,69.1725
2030,Brazil,Sorghum,0.6594249999999999,47.32,0.7211,66.81
2030,Brazil,Soybean,0.68495,48.1075,0.6753,67.69749999999999
2030,Brazil,Sugarcane,0.57825,36.3975,0.627825,51.5875
2030,Brazil,Sunflower,0.619475,44.2,0.62955,62.5025
2030,Brazil,Tea,0.66135,43.805,0.680675,58.55
2030,Brazil,Tomato,0.665225,45.625,0.727675,63.7725
2030,Brazil,Wheat,0.72315,50.1225,0.80005,67.52250000000001
2030,Canada,Apple,0.481525,32.1025,0.4959,45.489999999999995
2030,Canada,Banana,0.5701,37.96,0.6025,55.445
2030,Canada,Barley,0.522975,38.510000000000005,0.548675,54.519999999999996
2030,Canada,Cabbage,0.62385,42.230000000000004,0.69555,57.165000000000006
2030,Canada,Canola,0.62385,45.88,0.6964,61.0875
2030,Canada,Carrot,0.532375,37.057500000000005,0.599,52.339999999999996
2030,Canada,Cauliflower,0.5444500000000001,38.775,0.60125,54.4225
2030,Canada,Chickpea,0.583675,37.2125,0.667975,53.6325
2030,Canada,Chili,0.5506,37.0925,0.596075,50.69
2030,Canada,Citrus,0.616625,42.58,0.687125,58.785000000000004
2030,Canada,Cocoa,0.48765000000000003,39.6075,0.568425,50.9875
2030,Canada,Coffee,0.559725,37.325,0.5972,54.16
2030,Canada,Cotton,0.5165,40.62,0.58845,50.71
2030,Canada,Cucumber,0.5217,35.769999999999996,0.5783,53.260000000000005
2030,Canada,Eggplant,0.515925,36.955,0.55335,52.4725
2030,Canada,Garlic,0.5556,39.3225,0.65815,54.942499999999995
2030,Canada,Grapes,0.527775,38.2225,0.5951500000000001,52.105000000000004
2030,Canada,Groundnut,0.5568,41.87,0.5890500000000001,59.3975
2030,Canada,Guava,0.548825,38.94,0.5844,54.86
2030,Canada,Lentil,0.51465,37.24,0.5553,54.042500000000004
2030,Canada,Maize,0.561225,41.019999999999996,0.622375,56.1075
2030,Canada,Mango,0.5452,39.4025,0.569225,54.8425
2030,Canada,Millet,0.477375,30.8925,0.520575,46.19
2030,Canada,Mung Bean,0.5305,42.0025,0.597275,57.9825
2030,Canada,Okra,0.47652500000000003,35.9675,0.5334,49.980000000000004
2030,Canada,Onion,0.502975,34.835,0.539425,49.3525
2030,Canada,Pea,0.48685,36.5575,0.532625,52.4675
2030,Canada,Pomegranate,0.54005,37.7725,0.547,52.255
2030,Canada,Potato,0.623,44.355000000000004,0.68435,60.85
2030,Canada,Rice,0.6534249999999999,48.3475,0.730225,62.59
2030,Canada,Sorghum,0.48175,34.0775,0.468275,49.05
2030,Canada,Soybean,0.546325,38.06,0.5516,55.4975
2030,Canada,Sugarcane,0.573925,42.65,0.5901,58.54
2030,Canada,Sunflower,0.50685,36.7175,0.547175,53.5975
2030,Canada,Tea,0.475275,36.135000000000005,0.5367500000000001,48.2825
2030,Canada,Tomato,0.524075,33.7275,0.584525,48.125
2030,Canada,Wheat,0.5674,36.2625,0.59165,53.4425
2030,China,Apple,0.577375,41.405,0.62795,57.8725
2030,China,Banana,0.625775,41.230000000000004,0.644825,58.71
2030,China,Barley,0.618825,41.36,0.70385,56.8425
2030,China,Cabbage,0.611525,43.255,0.6423,61.76
2030,China,Canola,0.62115,42.2775,0.676725,58.8325
2030,China,Carrot,0.54365,36.8625,0.568875,51.89
2030,China,Cauliflower,0.529975,38.125,0.551825,52.692499999999995
2030,China,Chickpea,0.698025,45.27,0.780975,64.785
2030,China,Chili,0.598175,45.8775,0.606775,59.5475
2030,China,Citrus,0.623325,41.32,0.622075,57.3225
2030,China,Cocoa,0.49977499999999997,38.225,0.54295,56.125
2030,China,Coffee,0.59135,38.3375,0.67355,53.735
2030,China,Cotton,0.5217,35.6025,0.567725,51.275
2030,China,Cucumber,0.59405,47.385000000000005,0.655775,63.505
2030,China,Eggplant,0.5399499999999999,39.932500000000005,0.598,55.25
2030,China,Garlic,0.541175,37.425,0.639175,53.3675
2030,China,Grapes,0.555675,37.685,0.6055,54.97
2030,China,Groundnut,0.6496999999999999,48.817499999999995,0.6861,66.525
2030,China,Guava,0.573875,41.120000000000005,0.6254500000000001,55.42
2030,China,Lentil,0.572975,37.989999999999995,0.6040749999999999,55.177499999999995
2030,China,Maize,0.5567,40.2925,0.552225,57.9075
2030,China,Mango,0.5144,32.215,0.55705,47.167500000000004
2030,China,Millet,0.48912500000000003,38.1775,0.5435749999999999,54.0075
2030,China,Mung Bean,0.495475,35.352500000000006,0.5277,52.207499999999996
2030,China,Okra,0.585975,44.2125,0.6413249999999999,60.525
2030,China,Onion,0.656575,46.325,0.706375,63.0525
2030,China,Pea,0.5682,40.99,0.58775,57.8075
2030,China,Pomegranate,0.5174,38.6275,0.5794250000000001,54.192499999999995
2030,China,Potato,0.6159250000000001,46.147499999999994,0.6648499999999999,64.125
2030,China,Rice,0.51965,35.9225,0.542275,52.555
2030,China,Sorghum,0.566075,36.115,0.57655,52.44
2030,China,Soybean,0.7011499999999999,53.552499999999995,0.7656499999999999,69.85
2030,China,Sugarcane,0.5772999999999999,42.364999999999995,0.629875,60.127500000000005
2030,China,Sunflower,0.5917749999999999,42.235,0.6442749999999999,62.57
2030,China,Tea,0.610175,42.724999999999994,0.682625,56.34
2030,China,Tomato,0.605825,40.74,0.6611,58.667500000000004
2030,China,Wheat,0.550275,39.265,0.58245,57.8575
2030,Colombia,Apple,0.55855,39.9525,0.63635,56.392500000000005
2030,Colombia,Banana,0.6432249999999999,44.8725,0.719925,63.152499999999996
2030,Colombia,Barley,0.61285,42.975,0.66435,59.2925
2030,Colombia,Cabbage,0.581525,38.9525,0.63575,54.614999999999995
2030,Colombia,Canola,0.651825,46.55,0.719025,64.00750000000001
2030,Colombia,Carrot,0.554775,41.542500000000004,0.60425,60.407500000000006
2030,Colombia,Cauliflower,0.528375,36.905,0.582075,54.427499999999995
2030,Colombia,Chickpea,0.6512249999999999,44.4375,0.706175,62.5125
2030,Colombia,Chili,0.59735,43.0575,0.65445,59.72
2030,Colombia,Citrus,0.6562250000000001,46.2,0.6866,63.4775
2030,Colombia,Cocoa,0.560375,36.09,0.6170249999999999,51.302499999999995
2030,Colombia,Coffee,0.723725,48.0775,0.780425,67.22749999999999
2030,Colombia,Cotton,0.569125,40.6725,0.6261749999999999,58.6775
2030,Colombia,Cucumber,0.65265,48.625,0.745825,66.0
2030,Colombia,Eggplant,0.535025,36.9225,0.565175,53.7775
2030,Colombia,Garlic,0.5943499999999999,41.715,0.680875,58.86
2030,Colombia,Grapes,0.576175,43.975,0.64645,61.1025
2030,Colombia,Groundnut,0.5262249999999999,36.49,0.5431250000000001,51.605
2030,Colombia,Guava,0.700325,47.4525,0.774975,67.2975
2030,Colombia,Lentil,0.582,40.9525,0.5925,58.045
2030,Colombia,Maize,0.625525,43.415,0.66815,60.11
2030,Colombia,Mango,0.6412,42.45,0.713625,59.1875
2030,Colombia,Millet,0.645975,42.9125,0.718975,60.964999999999996
2030,Colombia,Mung Bean,0.5931,41.3675,0.673825,59.945
2030,Colombia,Okra,0.521425,41.5475,0.594975,58.67
2030,Colombia,Onion,0.5917,37.6,0.6358,56.755
2030,Colombia,Pea,0.515425,37.095,0.563575,51.6325
2030,Colombia,Pomegranate,0.64035,46.165,0.682575,62.9725
2030,Colombia,Potato,0.6214999999999999,40.2825,0.68615,58.337500000000006
2030,Colombia,Rice,0.71215,51.6475,0.77005,71.73
2030,Colombia,Sorghum,0.60155,41.677499999999995,0.66015,60.515
2030,Colombia,Soybean,0.61495,45.1925,0.65855,61.565
2030,Colombia,Sugarcane,0.654375,46.3425,0.750625,64.235
2030,Colombia,Sunflower,0.636775,47.03,0.693425,64.64750000000001
2030,Colombia,Tea,0.645475,42.6,0.691575,60.38
2030,Colombia,Tomato,0.66935,44.7375,0.68955,64.1075
2030,Colombia,Wheat,0.5458000000000001,38.1475,0.589175,55.83
2030,Egypt,Apple,0.514,37.065,0.53505,54.85
2030,Egypt,Banana,0.65635,42.265,0.69545,62.56999999999999
2030,Egypt,Barley,0.582925,42.5475,0.62225,60.82
2030,Egypt,Cabbage,0.589325,42.8125,0.650675,61.8
2030,Egypt,Canola,0.523225,41.275000000000006,0.5602,58.455000000000005
2030,Egypt,Carrot,0.623425,44.665,0.6586,65.5
2030,Egypt,Cauliflower,0.535225,40.4425,0.5834,58.2275
2030,Egypt,Chickpea,0.5822,39.9075,0.636475,60.6575
2030,Egypt,Chili,0.5423250000000001,40.035,0.604275,56.0325
2030,Egypt,Citrus,0.5279,44.307500000000005,0.613125,62.3575
2030,Egypt,Cocoa,0.609175,44.8575,0.6334,65.0625
2030,Egypt,Coffee,0.586175,42.745,0.658075,62.5125
2030,Egypt,Cotton,0.551425,35.035,0.623175,54.0775
2030,Egypt,Cucumber,0.62605,44.6875,0.649075,65.6175
2030,Egypt,Eggplant,0.515575,40.15,0.537425,59.945
2030,Egypt,Garlic,0.52115,38.995000000000005,0.593725,59.512499999999996
2030,Egypt,Grapes,0.5796250000000001,42.915,0.5996,60.22
2030,Egypt,Groundnut,0.5518,39.28,0.5894,57.9775
2030,Egypt,Guava,0.6857,46.4575,0.753375,67.2475
2030,Egypt,Lentil,0.6259,43.1075,0.6642,64.1575
2030,Egypt,Maize,0.5116,42.4375,0.532525,60.717499999999994
2030,Egypt,Mango,0.72125,49.2225,0.7641249999999999,69.03999999999999
2030,Egypt,Millet,0.651,47.4475,0.6954,67.72
2030,Egypt,Mung Bean,0.63335,49.082499999999996,0.679125,67.3675
2030,Egypt,Okra,0.5005,38.9975,0.50205,55.337500000000006
2030,Egypt,Onion,0.5653,42.6725,0.60105,60.5175
2030,Egypt,Pea,0.616575,43.1775,0.647775,63.9425
2030,Egypt,Pomegranate,0.57545,37.42,0.618325,55.4975
2030,Egypt,Potato,0.660625,49.84,0.7417750000000001,67.2375
2030,Egypt,Rice,0.654325,46.0725,0.7302500000000001,65.11
2030,Egypt,Sorghum,0.5847249999999999,40.3525,0.6453,57.51
2030,Egypt,Soybean,0.59865,46.9325,0.655375,64.6625
2030,Egypt,Sugarcane,0.573125,44.605,0.6312249999999999,64.5375
2030,Egypt,Sunflower,0.45207499999999995,34.114999999999995,0.522025,51.902499999999996
2030,Egypt,Tea,0.499675,39.769999999999996,0.51605,57.9775
2030,Egypt,Tomato,0.62995,44.615,0.683475,63.44
2030,Egypt,Wheat,0.451575,30.98,0.49565000000000003,48.245
2030,Ethiopia,Apple,0.636725,45.6475,0.675475,61.775
2030,Ethiopia,Banana,0.65815,49.3075,0.6993,64.67750000000001
2030,Ethiopia,Barley,0.543625,37.335,0.583075,55.5075
2030,Ethiopia,Cabbage,0.561175,42.8475,0.6208,59.83
2030,Ethiopia,Canola,0.667025,45.37,0.7099500000000001,61.662499999999994
2030,Ethiopia,Carrot,0.639525,45.6025,0.657375,62.1175
2030,Ethiopia,Cauliflower,0.679025,46.1325,0.7221500000000001,64.3575
2030,Ethiopia,Chickpea,0.743375,49.417500000000004,0.78025,67.685
2030,Ethiopia,Chili,0.6456500000000001,43.64,0.729325,60.80500000000001
2030,Ethiopia,Citrus,0.6198,43.955,0.6758,59.1075
2030,Ethiopia,Cocoa,0.5354,39.41,0.565625,54.605000000000004
2030,Ethiopia,Coffee,0.6322249999999999,50.222500000000004,0.73335,67.9375
2030,Ethiopia,Cotton,0.5438000000000001,37.405,0.591,54.7525
2030,Ethiopia,Cucumber,0.611225,45.3825,0.6633,59.2675
2030,Ethiopia,Eggplant,0.57865,42.0075,0.636225,58.065
2030,Ethiopia,Garlic,0.6119,43.515,0.6740999999999999,59.685
2030,Ethiopia,Grapes,0.565525,40.4075,0.586175,54.675
2030,Ethiopia,Groundnut,0.5670499999999999,39.745,0.623525,53.6225
2030,Ethiopia,Guava,0.650625,46.285,0.7165,65.8975
2030,Ethiopia,Lentil,0.584325,40.0875,0.6017,56.1
2030,Ethiopia,Maize,0.6048,40.335,0.6665,58.055
2030,Ethiopia,Mango,0.7106,46.91,0.76255,63.0175
2030,Ethiopia,Millet,0.6140749999999999,41.685,0.6928,57.9075
2030,Ethiopia,Mung Bean,0.625525,45.7775,0.6763,63.0625
2030,Ethiopia,Okra,0.6051,43.0125,0.65465,59.7925
2030,Ethiopia,Onion,0.593675,41.2225,0.63795,56.74
2030,Ethiopia,Pea,0.623575,44.355000000000004,0.6467499999999999,63.964999999999996
2030,Ethiopia,Pomegranate,0.512525,34.8975,0.5456,50.3125
2030,Ethiopia,Potato,0.677825,44.6075,0.72795,63.17
2030,Ethiopia,Rice,0.545875,39.32,0.57905,55.8375
2030,Ethiopia,Sorghum,0.56945,39.105000000000004,0.624175,55.977500000000006
2030,Ethiopia,Soybean,0.662175,47.1975,0.7341,64.7075
2030,Ethiopia,Sugarcane,0.6589499999999999,42.5275,0.717325,61.1225
2030,Ethiopia,Sunflower,0.626475,46.7975,0.655825,61.2
2030,Ethiopia,Tea,0.5898749999999999,41.93,0.61805,60.252500000000005
2030,Ethiopia,Tomato,0.6517499999999999,41.3575,0.7033,59.010000000000005
2030,Ethiopia,Wheat,0.667025,47.9475,0.7351,66.39750000000001
2030,France,Apple,0.610225,47.065,0.6409750000000001,63.824999999999996
2030,France,Banana,0.6780999999999999,46.480000000000004,0.738925,65.41
2030,France,Barley,0.57065,40.2325,0.669425,57.2225
2030,France,Cabbage,0.577025,39.739999999999995,0.63625,55.425
2030,France,Canola,0.5623750000000001,41.6725,0.61955,57.155
2030,France,Carrot,0.549975,38.165,0.607175,53.825
2030,France,Cauliflower,0.533175,38.2825,0.632225,53.3925
2030,France,Chickpea,0.661725,47.665,0.6875,66.42750000000001
2030,France,Chili,0.600025,43.7625,0.606425,59.61
2030,France,Citrus,0.547075,37.315,0.555875,54.775
2030,France,Cocoa,0.52655,40.11,0.574325,55.067499999999995
2030,France,Coffee,0.689075,47.99,0.733175,66.7875
2030,France,Cotton,0.675475,45.31,0.71105,62.7025
2030,France,Cucumber,0.6169,43.0475,0.6997249999999999,60.629999999999995
2030,France,Eggplant,0.507425,39.9775,0.566775,55.4925
2030,France,Garlic,0.6315500000000001,43.2875,0.66725,59.30499999999999
2030,France,Grapes,0.5713,38.885000000000005,0.693675,52.2725
2030,France,Groundnut,0.548125,39.4975,0.580025,55.305
2030,France,Guava,0.5363,35.93,0.5724,52.9125
2030,France,Lentil,0.55765,40.5775,0.59285,58.022499999999994
2030,France,Maize,0.5976,40.910000000000004,0.6438,58.465
2030,France,Mango,0.517,35.6725,0.522775,51.89
2030,France,Millet,0.5213,36.3,0.5918,54.0625
2030,France,Mung Bean,0.450125,32.3225,0.46775,48.49
2030,France,Okra,0.5175,36.7325,0.554025,53.045
2030,France,Onion,0.48945000000000005,35.585,0.496375,50.3475
2030,France,Pea,0.54895,39.92,0.618,58.08
2030,France,Pomegranate,0.551325,38.629999999999995,0.61155,54.512499999999996
2030,France,Potato,0.5768249999999999,43.43,0.63125,61.415
2030,France,Rice,0.630525,41.6325,0.687025,60.6925
2030,France,Sorghum,0.57255,40.5325,0.6109,56.31
2030,France,Soybean,0.58385,46.722500000000004,0.65285,64.625
2030,France,Sugarcane,0.586575,40.7,0.687,57.535
2030,France,Sunflower,0.5116,38.0075,0.5237,51.8675
2030,France,Tea,0.610675,43.575,0.6750499999999999,60.165
2030,France,Tomato,0.55965,34.1375,0.5851500000000001,50.9675
2030,France,Wheat,0.592125,40.32,0.657,58.472500000000004
2030,Germany,Apple,0.543125,39.7625,0.5725750000000001,57.0275
2030,Germany,Banana,0.60025,44.71,0.63715,60.82
2030,Germany,Barley,0.559525,38.725,0.5807,53.57
2030,Germany,Cabbage,0.582325,37.1325,0.6528499999999999,53.94
2030,Germany,Canola,0.545875,40.1975,0.587525,58.114999999999995
2030,Germany,Carrot,0.58855,42.855000000000004,0.631575,60.935
2030,Germany,Cauliflower,0.628525,44.4475,0.688775,61.6175
2030,Germany,Chickpea,0.613525,41.8525,0.705275,58.0
2030,Germany,Chili,0.5461499999999999,37.4075,0.58645,55.260000000000005
2030,Germany,Citrus,0.5720000000000001,41.61,0.6653249999999999,56.8625
2030,Germany,Cocoa,0.5078,36.8775,0.5468,53.3425
2030,Germany,Coffee,0.60465,44.17,0.6499,61.2425
2030,Germany,Cotton,0.6162,48.75,0.67855,66.8525
2030,Germany,Cucumber,0.550975,41.13,0.5910500000000001,58.64
2030,Germany,Eggplant,0.62595,45.15,0.682075,60.71
2030,Germany,Garlic,0.5244249999999999,38.075,0.55755,52.7725
2030,Germany,Grapes,0.536875,39.870000000000005,0.55295,56.19
2030,Germany,Groundnut,0.566075,42.86,0.6136,60.5925
2030,Germany,Guava,0.542325,40.3425,0.5859,56.795
2030,Germany,Lentil,0.5238750000000001,38.7975,0.569225,53.792500000000004
2030,Germany,Maize,0.488825,38.1725,0.60195,54.165
2030,Germany,Mango,0.69955,49.18,0.74705,66.6
2030,Germany,Millet,0.654425,44.1325,0.7065,63.332499999999996
2030,Germany,Mung Bean,0.596975,41.315,0.608875,60.332499999999996
2030,Germany,Okra,0.520775,35.6725,0.553675,51.1775
2030,Germany,Onion,0.589525,38.480000000000004,0.629425,55.845
2030,Germany,Pea,0.5739000000000001,41.28,0.599025,55.61
2030,Germany,Pomegranate,0.649975,46.315,0.7066749999999999,64.75999999999999
2030,Germany,Potato,0.589125,42.6275,0.6390750000000001,60.1375
2030,Germany,Rice,0.594175,38.807500000000005,0.6697500000000001,57.295
2030,Germany,Sorghum,0.620525,42.2675,0.681975,58.599999999999994
2030,Germany,Soybean,0.620675,42.725,0.668,61.575
2030,Germany,Sugarcane,0.593375,39.255,0.6681,54.07
2030,Germany,Sunflower,0.551275,38.0525,0.635625,53.4375
2030,Germany,Tea,0.461725,35.935,0.5293749999999999,51.120000000000005
2030,Germany,Tomato,0.661375,46.089999999999996,0.74105,63.1
2030,Germany,Wheat,0.51135,38.21,0.58645,52.795
2030,Ghana,Apple,0.6056,39.1375,0.662425,57.6
2030,Ghana,Banana,0.60075,44.1375,0.61025,60.5125
2030,Ghana,Barley,0.6375,47.11,0.6595,63.5875
2030,Ghana,Cabbage,0.6168750000000001,44.27,0.65235,61.7825
2030,Ghana,Canola,0.592525,40.98,0.6366,61.11
2030,Ghana,Carrot,0.5941000000000001,41.5875,0.6621,60.105
2030,Ghana,Cauliflower,0.6292,44.455,0.72005,59.067499999999995
2030,Ghana,Chickpea,0.64015,48.8775,0.65395,64.045
2030,Ghana,Chili,0.625775,44.3875,0.638725,62.4725
2030,Ghana,Citrus,0.580225,41.8775,0.604225,59.815
2030,Ghana,Cocoa,0.64445,41.3775,0.6777,60.3225
2030,Ghana,Coffee,0.6515,46.735,0.716575,62.7975
2030,Ghana,Cotton,0.6618499999999999,44.6225,0.7115,61.057500000000005
2030,Ghana,Cucumber,0.6721,49.052499999999995,0.6795249999999999,65.91
2030,Ghana,Eggplant,0.673,48.2875,0.757425,67.985
2030,Ghana,Garlic,0.580125,37.445,0.6062,53.635
2030,Ghana,Grapes,0.638925,43.3475,0.664975,62.1375
2030,Ghana,Groundnut,0.566025,37.9525,0.5978,54.485
2030,Ghana,Guava,0.464475,37.985,0.528875,54.295
2030,Ghana,Lentil,0.594725,46.2475,0.63425,63.8175
2030,Ghana,Maize,0.55385,39.1975,0.615125,55.1025
2030,Ghana,Mango,0.693225,52.1175,0.70215,70.31
2030,Ghana,Millet,0.611125,44.2825,0.6451,61.75
2030,Ghana,Mung Bean,0.524775,36.71,0.6128,52.535000000000004
2030,Ghana,Okra,0.6091,35.315,0.68875,53.8675
2030,Ghana,Onion,0.6052500000000001,42.14,0.701675,61.1825
2030,Ghana,Pea,0.730075,53.4475,0.778075,71.7825
2030,Ghana,Pomegranate,0.5870500000000001,41.94,0.6410750000000001,59.0925
2030,Ghana,Potato,0.6633,44.55,0.696625,63.205
2030,Ghana,Rice,0.600025,41.0075,0.70025,56.34
2030,Ghana,Sorghum,0.585675,43.0925,0.5950249999999999,58.5475
2030,Ghana,Soybean,0.568575,41.0,0.59695,57.417500000000004
2030,Ghana,Sugarcane,0.563975,40.832499999999996,0.565425,56.355000000000004
2030,Ghana,Sunflower,0.631425,46.5875,0.683675,61.5625
2030,Ghana,Tea,0.60085,41.817499999999995,0.626025,57.39
2030,Ghana,Tomato,0.5777,40.0775,0.647875,57.815
2030,Ghana,Wheat,0.575275,38.5875,0.63195,52.1325
2030,India,Apple,0.6482,48.0275,0.72455,66.4875
2030,India,Banana,0.638775,46.8775,0.7121500000000001,62.57
2030,India,Barley,0.569225,40.595,0.659775,56.6475
2030,India,Cabbage,0.67955,46.31,0.7202999999999999,64.95
2030,India,Canola,0.5474,38.33,0.613475,53.9875
2030,India,Carrot,0.5972500000000001,43.295,0.68805,58.99
2030,India,Cauliflower,0.59485,48.35,0.673925,64.13
2030,India,Chickpea,0.6621,46.8025,0.69395,65.2
2030,India,Chili,0.645375,46.105000000000004,0.711425,62.432500000000005
2030,India,Citrus,0.663375,43.68,0.7172,63.345000000000006
2030,India,Cocoa,0.7161,49.8275,0.75395,69.655
2030,India,Coffee,0.6595,48.3425,0.7265250000000001,64.6975
2030,India,Cotton,0.695275,53.7775,0.745125,72.045
2030,India,Cucumber,0.6099749999999999,44.37,0.67325,60.695
2030,India,Eggplant,0.606475,41.4725,0.723175,58.785
2030,India,Garlic,0.558075,36.925,0.61105,53.06
2030,India,Grapes,0.594075,44.7775,0.66055,61.8325
2030,India,Groundnut,0.707975,52.802499999999995,0.75025,71.235
2030,India,Guava,0.65195,46.425,0.6994,64.845
2030,India,Lentil,0.51695,35.36,0.59745,52.8775
2030,India,Maize,0.622475,41.2425,0.699075,61.3975
2030,India,Mango,0.624375,43.805,0.68815,60.7675
2030,India,Millet,0.5903499999999999,39.83,0.623225,56.480000000000004
2030,India,Mung Bean,0.637475,45.845,0.7312,63.677499999999995
2030,India,Okra,0.7106250000000001,50.01,0.74075,66.1625
2030,India,Onion,0.62685,42.019999999999996,0.70465,58.8575
2030,India,Pea,0.61995,45.465,0.665675,62.465
2030,India,Pomegranate,0.5361,42.28,0.5767,56.2825
2030,India,Potato,0.56435,41.7875,0.595475,56.6975
2030,India,Rice,0.623725,46.55,0.707675,63.8975
2030,India,Sorghum,0.54895,40.4475,0.6111,57.275
2030,India,Soybean,0.572725,43.019999999999996,0.64545,60.112500000000004
2030,India,Sugarcane,0.5402,34.584999999999994,0.587125,51.2575
2030,India,Sunflower,0.658225,48.09,0.690875,66.145
2030,India,Tea,0.5256000000000001,35.69,0.625625,50.3275
2030,India,Tomato,0.6864,49.985,0.76265,67.42
2030,India,Wheat,0.66095,45.43,0.7081999999999999,62.057500000000005
2030,Indonesia,Apple,0.6303,45.9975,0.7315499999999999,65.46
2030,Indonesia,Banana,0.67345,46.8475,0.719,63.975
2030,Indonesia,Barley,0.652275,45.9,0.689575,59.6375
2030,Indonesia,Cabbage,0.54605,38.245000000000005,0.5966,52.3375
2030,Indonesia,Canola,0.67855,45.9125,0.714725,61.470000000000006
2030,Indonesia,Carrot,0.6301,40.410000000000004,0.688775,54.93
2030,Indonesia,Cauliflower,0.66365,48.39,0.6850499999999999,67.6725
2030,Indonesia,Chickpea,0.6827749999999999,46.15,0.7389749999999999,62.2925
2030,Indonesia,Chili,0.6167750000000001,45.0925,0.651375,60.3025
2030,Indonesia,Citrus,0.6632750000000001,45.8875,0.688275,60.269999999999996
2030,Indonesia,Cocoa,0.6787,49.3725,0.739525,64.1675
2030,Indonesia,Coffee,0.6434249999999999,42.1775,0.71575,56.004999999999995
2030,Indonesia,Cotton,0.629475,45.987500000000004,0.66955,61.2125
2030,Indonesia,Cucumber,0.603675,41.5225,0.6551750000000001,58.0825
2030,Indonesia,Eggplant,0.6786,52.42,0.76645,67.6675
2030,Indonesia,Garlic,0.536325,35.03,0.5461499999999999,51.82
2030,Indonesia,Grapes,0.59335,39.355,0.65685,52.879999999999995
2030,Indonesia,Groundnut,0.515475,37.14,0.5563,53.095
2030,Indonesia,Guava,0.69975,46.94,0.7928,62.7625
2030,Indonesia,Lentil,0.63165,43.1025,0.6571,60.54
2030,Indonesia,Maize,0.6355999999999999,41.75,0.6922999999999999,58.2875
2030,Indonesia,Mango,0.66315,44.68,0.7495499999999999,61.7175
2030,Indonesia,Millet,0.614475,40.58,0.6835249999999999,57.4925
2030,Indonesia,Mung Bean,0.657,47.1,0.7404999999999999,63.455000000000005
2030,Indonesia,Okra,0.582875,41.41,0.609275,58.415
2030,Indonesia,Onion,0.587675,43.37,0.623475,58.925
2030,Indonesia,Pea,0.72005,54.472500000000004,0.815825,72.745
2030,Indonesia,Pomegranate,0.761725,52.2825,0.828225,68.9975
2030,Indonesia,Potato,0.617475,43.74,0.643375,58.865
2030,Indonesia,Rice,0.737975,50.8775,0.799625,67.00750000000001
2030,Indonesia,Sorghum,0.636525,46.0375,0.67335,60.565
2030,Indonesia,Soybean,0.62915,45.935,0.66335,63.2725
2030,Indonesia,Sugarcane,0.67335,48.0225,0.71755,64.89
2030,Indonesia,Sunflower,0.672275,46.945,0.738075,62.4025
2030,Indonesia,Tea,0.5918,40.6275,0.662775,55.832499999999996
2030,Indonesia,Tomato,0.580425,39.8175,0.64525,57.4
2030,Indonesia,Wheat,0.5856,42.385,0.6289,57.845
2030,Iran,Apple,0.6226,49.635000000000005,0.6622,66.8575
2030,Iran,Banana,0.580525,44.4,0.65535,63.402499999999996
2030,Iran,Barley,0.46415,35.0125,0.531525,51.905
2030,Iran,Cabbage,0.581475,43.3025,0.59335,61.949999999999996
2030,Iran,Canola,0.5334,40.4525,0.608625,59.25
2030,Iran,Carrot,0.5185500000000001,36.7275,0.5392,53.1975
2030,Iran,Cauliflower,0.54815,37.455,0.627525,55.0
2030,Iran,Chickpea,0.6166,45.552499999999995,0.685425,65.2
2030,Iran,Chili,0.52325,41.1475,0.580275,61.1075
2030,Iran,Citrus,0.5525249999999999,38.2975,0.60425,57.08
2030,Iran,Cocoa,0.62275,48.417500000000004,0.699825,69.2075
2030,Iran,Coffee,0.5136000000000001,35.19,0.5577,55.17
2030,Iran,Cotton,0.677975,46.3975,0.727625,66.965
2030,Iran,Cucumber,0.537775,36.442499999999995,0.59405,55.89
2030,Iran,Eggplant,0.66055,49.425,0.707525,67.7575
2030,Iran,Garlic,0.5463,38.0275,0.61685,56.4675
2030,Iran,Grapes,0.5367,38.135,0.68835,56.379999999999995
2030,Iran,Groundnut,0.525025,34.2,0.559825,53.49
2030,Iran,Guava,0.56155,40.9475,0.6354,61.224999999999994
2030,Iran,Lentil,0.5563750000000001,41.2125,0.6293,59.1625
2030,Iran,Maize,0.65185,48.22,0.7152499999999999,65.605
2030,Iran,Mango,0.5733,43.445,0.565975,63.025
2030,Iran,Millet,0.602375,43.692499999999995,0.657,62.2975
2030,Iran,Mung Bean,0.51095,36.105000000000004,0.578975,53.042500000000004
2030,Iran,Okra,0.60105,48.5475,0.62775,65.4525
2030,Iran,Onion,0.4667,30.775,0.548225,48.9675
2030,Iran,Pea,0.5871999999999999,42.7775,0.583225,60.4075
2030,Iran,Pomegranate,0.5516,40.8675,0.6069,58.21
2030,Iran,Potato,0.46775,36.8,0.5227499999999999,53.9875
2030,Iran,Rice,0.5849249999999999,44.715,0.660425,62.6875
2030,Iran,Sorghum,0.547075,39.5125,0.600625,57.005
2030,Iran,Soybean,0.585175,39.68,0.6380750000000001,57.59
2030,Iran,Sugarcane,0.48824999999999996,36.775,0.562125,53.775
2030,Iran,Sunflower,0.58035,40.0175,0.6403749999999999,56.69
2030,Iran,Tea,0.564825,39.345,0.59885,59.275
2030,Iran,Tomato,0.566125,37.8,0.621,56.235
2030,Iran,Wheat,0.519,35.06,0.5702,52.4375
2030,Italy,Apple,0.537525,36.7125,0.599375,54.8725
2030,Italy,Banana,0.664375,45.705,0.7445999999999999,62.295
2030,Italy,Barley,0.630325,42.505,0.68205,60.09
2030,Italy,Cabbage,0.64665,45.525,0.65035,62.99
2030,Italy,Canola,0.5346,39.2275,0.579375,54.989999999999995
2030,Italy,Carrot,0.57635,43.575,0.6404,57.7475
2030,Italy,Cauliflower,0.5272749999999999,37.8075,0.5816250000000001,53.6075
2030,Italy,Chickpea,0.53995,43.1,0.6180749999999999,59.9225
2030,Italy,Chili,0.592475,39.85,0.644775,55.8475
2030,Italy,Citrus,0.514525,32.9375,0.529075,48.7
2030,Italy,Cocoa,0.456975,32.5525,0.5153,49.057500000000005
2030,Italy,Coffee,0.628175,43.35,0.708,59.4875
2030,Italy,Cotton,0.575925,38.8975,0.592475,54.825
2030,Italy,Cucumber,0.566425,39.72,0.5818,57.237500000000004
2030,Italy,Eggplant,0.56455,42.0225,0.634675,59.8775
2030,Italy,Garlic,0.462875,32.4775,0.491375,47.245
2030,Italy,Grapes,0.574775,41.5225,0.6752,54.4675
2030,Italy,Groundnut,0.677675,48.045,0.7212000000000001,65.1875
2030,Italy,Guava,0.5232,30.865000000000002,0.568525,48.86
2030,Italy,Lentil,0.56565,38.605000000000004,0.570225,52.565
2030,Italy,Maize,0.5592,39.847500000000004,0.5884,53.8125
2030,Italy,Mango,0.58955,38.965,0.628825,54.105
2030,Italy,Millet,0.58755,42.56,0.611525,59.31
2030,Italy,Mung Bean,0.531725,34.114999999999995,0.559925,50.395
2030,Italy,Okra,0.570325,38.339999999999996,0.58335,54.435
2030,Italy,Onion,0.5247999999999999,39.2425,0.62215,57.0075
2030,Italy,Pea,0.562275,38.980000000000004,0.6217,55.3325
2030,Italy,Pomegranate,0.57975,37.635000000000005,0.61585,56.0025
2030,Italy,Potato,0.558825,42.3175,0.618825,57.1625
2030,Italy,Rice,0.560525,38.565,0.61775,52.4325
2030,Italy,Sorghum,0.620575,41.635,0.67615,58.7025
2030,Italy,Soybean,0.519925,35.145,0.5319,56.0
2030,Italy,Sugarcane,0.583075,42.89,0.6107,56.9375
2030,Italy,Sunflower,0.570125,37.565,0.659175,52.535
2030,Italy,Tea,0.49335,34.2475,0.544575,49.5975
2030,Italy,Tomato,0.624275,45.0675,0.69965,61.707499999999996
2030,Italy,Wheat,0.502825,35.9475,0.56915,51.6725
2030,Kenya,Apple,0.653825,45.7625,0.7263999999999999,61.1175
2030,Kenya,Banana,0.7326,51.565,0.793625,70.23
2030,Kenya,Barley,0.594525,46.0775,0.70785,62.38
2030,Kenya,Cabbage,0.64435,45.025,0.6854750000000001,63.28
2030,Kenya,Canola,0.70995,48.58,0.772525,68.8
2030,Kenya,Carrot,0.693575,47.8025,0.72225,64.0475
2030,Kenya,Cauliflower,0.602375,46.7775,0.63915,65.81
2030,Kenya,Chickpea,0.59385,46.81,0.6315999999999999,63.010000000000005
2030,Kenya,Chili,0.6391,48.0375,0.71705,63.3875
2030,Kenya,Citrus,0.602375,43.8375,0.6711,61.7
2030,Kenya,Cocoa,0.47205,33.817499999999995,0.513525,50.2
2030,Kenya,Coffee,0.625625,43.82,0.66805,58.765
2030,Kenya,Cotton,0.5703,37.4275,0.6072,54.08
2030,Kenya,Cucumber,0.5666249999999999,41.6025,0.605925,59.3625
2030,Kenya,Eggplant,0.589075,41.8925,0.7145,58.7175
2030,Kenya,Garlic,0.572,41.355000000000004,0.6456999999999999,57.5125
2030,Kenya,Grapes,0.5857749999999999,41.4925,0.626575,59.185
2030,Kenya,Groundnut,0.6128750000000001,42.82,0.660725,59.2175
2030,Kenya,Guava,0.60695,45.31,0.6569,63.2725
2030,Kenya,Lentil,0.5782499999999999,40.307500000000005,0.6455,56.072500000000005
2030,Kenya,Maize,0.6220249999999999,46.542500000000004,0.66415,63.805
2030,Kenya,Mango,0.6731,48.07,0.7156250000000001,67.1825
2030,Kenya,Millet,0.646325,45.4725,0.731625,60.3275
2030,Kenya,Mung Bean,0.56585,41.1575,0.630275,58.485
2030,Kenya,Okra,0.6041000000000001,45.5375,0.63475,62.935
2030,Kenya,Onion,0.63685,39.9,0.686275,56.699999999999996
2030,Kenya,Pea,0.69415,47.739999999999995,0.735875,64.465
2030,Kenya,Pomegranate,0.542875,37.845,0.576075,53.042500000000004
2030,Kenya,Potato,0.6274500000000001,44.35,0.66035,60.7575
2030,Kenya,Rice,0.662625,48.0,0.771925,65.1325
2030,Kenya,Sorghum,0.65175,46.2925,0.710025,64.595
2030,Kenya,Soybean,0.6039,45.6175,0.6692750000000001,63.6875
2030,Kenya,Sugarcane,0.605725,44.8575,0.6664,63.13
2030,Kenya,Sunflower,0.565175,41.745,0.6219750000000001,57.7575
2030,Kenya,Tea,0.6281749999999999,47.97,0.693075,62.64
2030,Kenya,Tomato,0.6194,41.945,0.694125,59.3625
2030,Kenya,Wheat,0.6647000000000001,44.6,0.738575,63.0275
2030,Mexico,Apple,0.47254999999999997,36.24,0.5266,51.76
2030,Mexico,Banana,0.70415,49.2625,0.7464500000000001,69.995
2030,Mexico,Barley,0.552725,37.760000000000005,0.56505,56.8025
2030,Mexico,Cabbage,0.578775,42.385,0.689125,63.2375
2030,Mexico,Canola,0.5446,38.6525,0.6064,58.2425
2030,Mexico,Carrot,0.620375,44.7175,0.698225,64.55
2030,Mexico,Cauliflower,0.614475,42.78,0.67485,64.36500000000001
2030,Mexico,Chickpea,0.66475,50.28,0.76435,67.275
2030,Mexico,Chili,0.633175,45.1425,0.68535,64.6225
2030,Mexico,Citrus,0.621625,41.585,0.667875,59.415
2030,Mexico,Cocoa,0.616475,44.78,0.714175,65.3425
2030,Mexico,Coffee,0.652775,47.2125,0.674725,64.9575
2030,Mexico,Cotton,0.706225,51.7325,0.8074250000000001,71.50999999999999
2030,Mexico,Cucumber,0.5792,46.417500000000004,0.570575,65.3475
2030,Mexico,Eggplant,0.5350250000000001,38.88,0.561175,58.1575
2030,Mexico,Garlic,0.596375,45.49,0.665225,62.29
2030,Mexico,Grapes,0.526125,39.7625,0.5767,58.2675
2030,Mexico,Groundnut,0.6369750000000001,43.685,0.6619999999999999,64.45
2030,Mexico,Guava,0.56485,42.9875,0.6186,62.075
2030,Mexico,Lentil,0.5473,45.2675,0.6426499999999999,62.22
2030,Mexico,Maize,0.5521,38.8975,0.603675,58.665
2030,Mexico,Mango,0.5063,40.54,0.52815,59.28
2030,Mexico,Millet,0.586375,43.105000000000004,0.59495,63.405
2030,Mexico,Mung Bean,0.5744750000000001,39.615,0.63405,58.7225
2030,Mexico,Okra,0.60605,46.1425,0.628675,64.6175
2030,Mexico,Onion,0.64265,44.44,0.722,63.325
2030,Mexico,Pea,0.662925,50.945,0.703825,69.3475
2030,Mexico,Pomegranate,0.645025,44.6475,0.69945,62.489999999999995
2030,Mexico,Potato,0.554075,35.6175,0.576925,53.99
2030,Mexico,Rice,0.6190249999999999,43.615,0.6602,62.865
2030,Mexico,Sorghum,0.60015,45.74,0.66855,63.5925
2030,Mexico,Soybean,0.642875,43.245,0.707875,63.622499999999995
2030,Mexico,Sugarcane,0.562875,45.83,0.663625,63.6175
2030,Mexico,Sunflower,0.548025,40.975,0.6145499999999999,57.415
2030,Mexico,Tea,0.59885,43.1425,0.6574,60.0275
2030,Mexico,Tomato,0.57185,39.245,0.6657,55.5875
2030,Mexico,Wheat,0.6332,48.7725,0.68355,70.0625
2030,Morocco,Apple,0.536025,39.0725,0.6004750000000001,56.2575
2030,Morocco,Banana,0.64415,48.5675,0.659125,66.555
2030,Morocco,Barley,0.55945,41.425,0.5479750000000001,58.75750000000001
2030,Morocco,Cabbage,0.605675,44.025,0.63205,63.5225
2030,Morocco,Canola,0.57245,43.8775,0.579675,63.4475
2030,Morocco,Carrot,0.4627,33.6525,0.5233,50.3475
2030,Morocco,Cauliflower,0.5223,36.5625,0.573125,56.8675
2030,Morocco,Chickpea,0.544925,40.394999999999996,0.570975,57.765
2030,Morocco,Chili,0.6104499999999999,45.2525,0.62895,65.1975
2030,Morocco,Citrus,0.643,50.3725,0.667575,68.36
2030,Morocco,Cocoa,0.4693,32.8675,0.52585,50.925
2030,Morocco,Coffee,0.625325,46.82,0.6743,66.22
2030,Morocco,Cotton,0.616575,46.09,0.68045,63.57
2030,Morocco,Cucumber,0.697925,45.685,0.72905,66.14750000000001
2030,Morocco,Eggplant,0.5626,42.697500000000005,0.652525,60.3125
2030,Morocco,Garlic,0.5383,35.0225,0.54685,54.085
2030,Morocco,Grapes,0.608025,43.0175,0.612125,61.0925
2030,Morocco,Groundnut,0.58805,44.1125,0.6531750000000001,63.945
2030,Morocco,Guava,0.5979000000000001,44.085,0.68365,63.98
2030,Morocco,Lentil,0.6078749999999999,43.53,0.69365,62.7625
2030,Morocco,Maize,0.5239,38.04,0.54035,57.712500000000006
2030,Morocco,Mango,0.587325,38.7675,0.602575,58.405
2030,Morocco,Millet,0.5962000000000001,42.57,0.63125,63.0475
2030,Morocco,Mung Bean,0.6508499999999999,46.095,0.70025,65.215
2030,Morocco,Okra,0.5401750000000001,37.762499999999996,0.616625,55.62
2030,Morocco,Onion,0.5886,44.9925,0.6642250000000001,63.730000000000004
2030,Morocco,Pea,0.559825,40.1725,0.60835,58.2625
2030,Morocco,Pomegranate,0.618525,44.305,0.667,63.567499999999995
2030,Morocco,Potato,0.640825,41.8175,0.71105,60.11
2030,Morocco,Rice,0.575125,37.39,0.632425,56.18
2030,Morocco,Sorghum,0.54455,39.78,0.6178,56.087500000000006
2030,Morocco,Soybean,0.715225,48.8275,0.751325,67.6625
2030,Morocco,Sugarcane,0.5083,34.9,0.59155,52.6725
2030,Morocco,Sunflower,0.5413749999999999,37.9775,0.581325,56.4675
2030,Morocco,Tea,0.532975,39.42,0.5794,57.025
2030,Morocco,Tomato,0.4799,38.035,0.5594250000000001,56.2375
2030,Morocco,Wheat,0.539925,38.2975,0.56775,57.7425
2030,New Zealand,Apple,0.438925,32.665,0.5196000000000001,47.01
2030,New Zealand,Banana,0.593675,39.58,0.698125,57.92
2030,New Zealand,Barley,0.573775,36.8625,0.621725,52.2475
2030,New Zealand,Cabbage,0.515325,36.805,0.586775,53.455
2030,New Zealand,Canola,0.49755,34.575,0.540775,51.1025
2030,New Zealand,Carrot,0.530675,33.6675,0.582925,52.515
2030,New Zealand,Cauliflower,0.54185,38.4425,0.564225,53.43
2030,New Zealand,Chickpea,0.655975,44.94,0.731,63.785
2030,New Zealand,Chili,0.621275,40.1175,0.6442,55.485
2030,New Zealand,Citrus,0.651525,47.08,0.7257750000000001,64.39500000000001
2030,New Zealand,Cocoa,0.662275,49.1125,0.72615,65.63
2030,New Zealand,Coffee,0.54175,38.025,0.6229,53.6675
2030,New Zealand,Cotton,0.5577,41.47,0.6335,56.5775
2030,New Zealand,Cucumber,0.6003499999999999,42.1975,0.6194500000000001,59.7375
2030,New Zealand,Eggplant,0.48315,38.17,0.583225,54.65
2030,New Zealand,Garlic,0.647775,45.894999999999996,0.6386000000000001,64.8
2030,New Zealand,Grapes,0.659125,45.315,0.72255,63.902499999999996
2030,New Zealand,Groundnut,0.61865,42.065,0.6576,59.745
2030,New Zealand,Guava,0.579225,43.025,0.596575,59.8425
2030,New Zealand,Lentil,0.579725,44.72,0.627425,57.705
2030,New Zealand,Maize,0.579925,44.265,0.6474500000000001,60.3775
2030,New Zealand,Mango,0.50445,33.805,0.55705,48.725
2030,New Zealand,Millet,0.595025,42.285,0.68375,58.7125
2030,New Zealand,Mung Bean,0.515875,35.525,0.568775,50.6025
2030,New Zealand,Okra,0.5809500000000001,37.427499999999995,0.6146,55.035
2030,New Zealand,Onion,0.62415,43.05,0.682725,60.665
2030,New Zealand,Pea,0.5548,40.655,0.6426000000000001,56.5525
2030,New Zealand,Pomegranate,0.45685000000000003,32.055,0.5311250000000001,46.345
2030,New Zealand,Potato,0.5465,41.6175,0.60865,58.66
2030,New Zealand,Rice,0.549925,39.9525,0.6141749999999999,57.6325
2030,New Zealand,Sorghum,0.614125,45.965,0.713025,63.862500000000004
2030,New Zealand,Soybean,0.612625,39.665,0.63575,55.6525
2030,New Zealand,Sugarcane,0.5784499999999999,38.655,0.6261,55.705
2030,New Zealand,Sunflower,0.5137,39.14,0.5599999999999999,54.6975
2030,New Zealand,Tea,0.566575,40.2125,0.616875,55.245
2030,New Zealand,Tomato,0.5953999999999999,41.1075,0.6044,57.715
2030,New Zealand,Wheat,0.586275,42.0,0.633525,59.184999999999995
2030,Nigeria,Apple,0.653725,44.7375,0.7097,61.745
2030,Nigeria,Banana,0.649375,47.552499999999995,0.719875,64.825
2030,Nigeria,Barley,0.493525,36.455,0.529925,52.365
2030,Nigeria,Cabbage,0.543125,36.4,0.62735,53.6125
2030,Nigeria,Canola,0.5919,39.17,0.667125,57.307500000000005
2030,Nigeria,Carrot,0.536575,38.947500000000005,0.5951500000000001,54.3525
2030,Nigeria,Cauliflower,0.5719,41.3725,0.576025,56.9125
2030,Nigeria,Chickpea,0.6839,49.5725,0.753125,67.5325
2030,Nigeria,Chili,0.6007,41.637499999999996,0.66255,59.085
2030,Nigeria,Citrus,0.58655,39.864999999999995,0.6593249999999999,55.959999999999994
2030,Nigeria,Cocoa,0.6188750000000001,43.2475,0.685975,61.1025
2030,Nigeria,Coffee,0.66205,45.8275,0.741125,64.66499999999999
2030,Nigeria,Cotton,0.709525,49.11,0.751,67.34
2030,Nigeria,Cucumber,0.657025,48.4475,0.7015750000000001,67.9125
2030,Nigeria,Eggplant,0.6204,45.86,0.68005,61.800000000000004
2030,Nigeria,Garlic,0.606025,41.695,0.699475,58.945
2030,Nigeria,Grapes,0.5756,41.65,0.6238,58.6125
2030,Nigeria,Groundnut,0.595425,39.245000000000005,0.653775,55.4375
2030,Nigeria,Guava,0.588125,39.7625,0.6516,53.7125
2030,Nigeria,Lentil,0.614175,41.845,0.662725,61.2825
2030,Nigeria,Maize,0.554125,38.7325,0.588025,55.394999999999996
2030,Nigeria,Mango,0.687125,45.205,0.728175,62.17
2030,Nigeria,Millet,0.68115,50.022499999999994,0.716225,68.36
2030,Nigeria,Mung Bean,0.5765,42.9925,0.669975,59.83
2030,Nigeria,Okra,0.587125,44.265,0.6119,59.3125
2030,Nigeria,Onion,0.5436749999999999,39.6025,0.5917250000000001,55.5775
2030,Nigeria,Pea,0.587275,38.652499999999996,0.67155,57.0625
2030,Nigeria,Pomegranate,0.5452250000000001,39.905,0.556525,53.595
2030,Nigeria,Potato,0.71205,49.3125,0.7827999999999999,67.19500000000001
2030,Nigeria,Rice,0.641275,47.91,0.696475,63.2925
2030,Nigeria,Sorghum,0.59535,40.63,0.6234,57.599999999999994
2030,Nigeria,Soybean,0.69795,47.685,0.766675,63.4275
2030,Nigeria,Sugarcane,0.601775,40.7125,0.643725,57.942499999999995
2030,Nigeria,Sunflower,0.62585,42.375,0.6665,60.9725
2030,Nigeria,Tea,0.632925,40.5825,0.6832,56.0775
2030,Nigeria,Tomato,0.677075,48.515,0.7078249999999999,67.4825
2030,Nigeria,Wheat,0.6221000000000001,42.5875,0.70665,59.7625
2030,Pakistan,Apple,0.6312,42.16,0.688625,62.015
2030,Pakistan,Banana,0.5924,42.9275,0.7047,63.2
2030,Pakistan,Barley,0.5853,43.415,0.679,63.295
2030,Pakistan,Cabbage,0.548875,42.7175,0.609675,59.12
2030,Pakistan,Canola,0.53335,39.32,0.6092,57.17
2030,Pakistan,Carrot,0.684825,49.34,0.770925,69.9425
2030,Pakistan,Cauliflower,0.5411,39.855000000000004,0.6147,59.155
2030,Pakistan,Chickpea,0.58335,40.307500000000005,0.593125,57.1425
2030,Pakistan,Chili,0.5081,38.92,0.53295,56.7825
2030,Pakistan,Citrus,0.5866,43.81,0.6119749999999999,60.0925
2030,Pakistan,Cocoa,0.5586,41.5625,0.5927,59.667500000000004
2030,Pakistan,Coffee,0.5719,41.0675,0.635775,57.2175
2030,Pakistan,Cotton,0.624325,42.4825,0.6882,62.629999999999995
2030,Pakistan,Cucumber,0.5676,35.4875,0.623,53.22
2030,Pakistan,Eggplant,0.602025,42.1175,0.64705,60.59
2030,Pakistan,Garlic,0.5842,40.66,0.628275,57.6375
2030,Pakistan,Grapes,0.5451,37.89,0.5622,56.2275
2030,Pakistan,Groundnut,0.55255,38.325,0.6582250000000001,57.06
2030,Pakistan,Guava,0.61715,45.5325,0.684525,63.8425
2030,Pakistan,Lentil,0.582675,43.395,0.634475,61.0
2030,Pakistan,Maize,0.5963499999999999,42.29,0.6582749999999999,60.605
2030,Pakistan,Mango,0.584325,43.195,0.6368,61.56
2030,Pakistan,Millet,0.5351,39.6225,0.59425,59.6575
2030,Pakistan,Mung Bean,0.58685,41.26,0.641275,59.6375
2030,Pakistan,Okra,0.711925,48.545,0.76,69.875
2030,Pakistan,Onion,0.509575,42.2225,0.552175,60.0575
2030,Pakistan,Pea,0.53575,41.055,0.59185,58.525
2030,Pakistan,Pomegranate,0.53615,38.085,0.568825,54.8725
2030,Pakistan,Potato,0.650925,51.375,0.722125,70.105
2030,Pakistan,Rice,0.6611,44.099999999999994,0.7193499999999999,64.275
2030,Pakistan,Sorghum,0.5888,41.025,0.644925,58.83
2030,Pakistan,Soybean,0.595275,45.0075,0.671375,63.2575
2030,Pakistan,Sugarcane,0.576425,41.845,0.67935,56.745000000000005
2030,Pakistan,Sunflower,0.48355,37.595,0.5287,55.7
2030,Pakistan,Tea,0.579075,38.8025,0.6572,59.085
2030,Pakistan,Tomato,0.549525,39.85,0.59365,57.394999999999996
2030,Pakistan,Wheat,0.587225,42.205,0.648725,60.2675
2030,Papua New Guinea,Apple,0.6227,42.875,0.679725,57.9825
2030,Papua New Guinea,Banana,0.618325,41.7325,0.6354,56.65
2030,Papua New Guinea,Barley,0.655225,47.129999999999995,0.69855,61.3575
2030,Papua New Guinea,Cabbage,0.5866,40.0075,0.6205499999999999,56.942499999999995
2030,Papua New Guinea,Canola,0.58845,39.675,0.63685,55.457499999999996
2030,Papua New Guinea,Carrot,0.566325,33.545,0.6256,48.7375
2030,Papua New Guinea,Cauliflower,0.6552,49.965,0.677125,63.905
2030,Papua New Guinea,Chickpea,0.71335,49.8975,0.752875,65.0325
2030,Papua New Guinea,Chili,0.6305999999999999,43.975,0.696425,58.7675
2030,Papua New Guinea,Citrus,0.6099,41.817499999999995,0.6556,56.86
2030,Papua New Guinea,Cocoa,0.6789499999999999,46.12,0.704925,62.275
2030,Papua New Guinea,Coffee,0.67825,47.519999999999996,0.745975,60.945
2030,Papua New Guinea,Cotton,0.680525,46.4675,0.735525,62.0825
2030,Papua New Guinea,Cucumber,0.5646,41.0575,0.57945,56.3425
2030,Papua New Guinea,Eggplant,0.643225,45.1625,0.6745,62.2225
2030,Papua New Guinea,Garlic,0.578625,40.7,0.6440750000000001,54.4275
2030,Papua New Guinea,Grapes,0.5474,39.557500000000005,0.563375,55.662499999999994
2030,Papua New Guinea,Groundnut,0.65245,44.085,0.7286250000000001,61.235
2030,Papua New Guinea,Guava,0.613425,40.114999999999995,0.6707000000000001,57.07
2030,Papua New Guinea,Lentil,0.540625,41.9075,0.579,55.2425
2030,Papua New Guinea,Maize,0.60875,41.7425,0.63805,57.825
2030,Papua New Guinea,Mango,0.68085,49.6425,0.72885,67.6825
2030,Papua New Guinea,Millet,0.6031500000000001,39.6425,0.67615,54.1325
2030,Papua New Guinea,Mung Bean,0.5968,40.1025,0.64585,58.71
2030,Papua New Guinea,Okra,0.513325,35.887499999999996,0.5761499999999999,50.0325
2030,Papua New Guinea,Onion,0.536975,31.189999999999998,0.544275,46.35
2030,Papua New Guinea,Pea,0.565425,41.71,0.630225,57.945
2030,Papua New Guinea,Pomegranate,0.57445,36.1525,0.614975,51.7825
2030,Papua New Guinea,Potato,0.6679,47.265,0.76305,63.6725
2030,Papua New Guinea,Rice,0.590025,42.195,0.639975,54.655
2030,Papua New Guinea,Sorghum,0.65835,43.335,0.7241249999999999,60.4125
2030,Papua New Guinea,Soybean,0.750775,52.69,0.837175,67.9175
2030,Papua New Guinea,Sugarcane,0.6107750000000001,38.715,0.63895,56.005
2030,Papua New Guinea,Sunflower,0.512475,38.3125,0.590375,54.7225
2030,Papua New Guinea,Tea,0.6159250000000001,44.504999999999995,0.6517,61.75
2030,Papua New Guinea,Tomato,0.6518499999999999,47.7375,0.6960999999999999,60.7825
2030,Papua New Guinea,Wheat,0.61615,42.0625,0.654025,58.9525
2030,South Africa,Apple,0.665925,52.212500000000006,0.712925,69.85249999999999
2030,South Africa,Banana,0.59765,45.645,0.6824250000000001,60.6625
2030,South Africa,Barley,0.565675,44.957499999999996,0.57425,62.9075
2030,South Africa,Cabbage,0.5428999999999999,38.245,0.5860000000000001,57.615
2030,South Africa,Canola,0.4744,36.1075,0.53085,50.6725
2030,South Africa,Carrot,0.5706,40.7675,0.60335,59.095
2030,South Africa,Cauliflower,0.4838,37.8925,0.5182,55.175
2030,South Africa,Chickpea,0.55835,38.1625,0.625975,56.345
2030,South Africa,Chili,0.60225,44.495,0.6370750000000001,62.8425
2030,South Africa,Citrus,0.591825,39.645,0.68335,60.42
2030,South Africa,Cocoa,0.5889,45.8525,0.613375,64.1775
2030,South Africa,Coffee,0.63765,47.265,0.6918,67.925
2030,South Africa,Cotton,0.639625,47.0625,0.7175,65.8675
2030,South Africa,Cucumber,0.579025,45.1875,0.6146,61.9625
2030,South Africa,Eggplant,0.50735,35.692499999999995,0.55875,54.4125
2030,South Africa,Garlic,0.5711999999999999,42.295,0.614875,59.01
2030,South Africa,Grapes,0.511925,37.682500000000005,0.52555,56.8925
2030,South Africa,Groundnut,0.6063,43.5525,0.6421749999999999,62.8425
2030,South Africa,Guava,0.579725,39.7975,0.6220749999999999,59.300000000000004
2030,South Africa,Lentil,0.585175,44.39,0.667375,62.655
2030,South Africa,Maize,0.5870500000000001,41.295,0.5939,60.1425
2030,South Africa,Mango,0.64125,41.7975,0.7369,60.695
2030,South Africa,Millet,0.5664250000000001,41.972500000000004,0.6026,60.28
2030,South Africa,Mung Bean,0.567175,38.2425,0.5997750000000001,55.2
2030,South Africa,Okra,0.530875,40.195,0.585725,56.307500000000005
2030,South Africa,Onion,0.6312,43.5875,0.65955,61.8025
2030,South Africa,Pea,0.49455,38.6,0.528625,54.055
2030,South Africa,Pomegranate,0.564675,37.355000000000004,0.621375,57.135
2030,South Africa,Potato,0.6725,50.9475,0.8096,68.1325
2030,South Africa,Rice,0.674525,46.425,0.7797499999999999,66.7975
2030,South Africa,Sorghum,0.50705,36.785,0.555625,51.2375
2030,South Africa,Soybean,0.6237,45.28,0.68955,66.35499999999999
2030,South Africa,Sugarcane,0.5408,40.629999999999995,0.564675,58.1425
2030,South Africa,Sunflower,0.515025,36.7725,0.554175,52.817499999999995
2030,South Africa,Tea,0.53755,41.5825,0.56485,59.9125
2030,South Africa,Tomato,0.56625,41.625,0.6359250000000001,61.6775
2030,South Africa,Wheat,0.5983499999999999,41.504999999999995,0.677775,61.25
2030,Spain,Apple,0.5569999999999999,43.1025,0.5983499999999999,56.38
2030,Spain,Banana,0.599475,41.405,0.6608499999999999,58.445
2030,Spain,Barley,0.53625,39.875,0.591775,56.7775
2030,Spain,Cabbage,0.5558000000000001,41.964999999999996,0.572375,59.3025
2030,Spain,Canola,0.597575,41.625,0.6383,57.074999999999996
2030,Spain,Carrot,0.636175,42.2625,0.63755,60.6525
2030,Spain,Cauliflower,0.600475,40.315,0.656075,57.75
2030,Spain,Chickpea,0.647775,45.86,0.677825,62.957499999999996
2030,Spain,Chili,0.56475,37.045,0.606875,54.58
2030,Spain,Citrus,0.635275,42.29,0.687875,60.885
2030,Spain,Cocoa,0.58735,43.1925,0.61995,58.394999999999996
2030,Spain,Coffee,0.56405,41.9125,0.6079,54.6725
2030,Spain,Cotton,0.60005,45.0,0.6293500000000001,64.5075
2030,Spain,Cucumber,0.579425,40.0,0.6095,52.68000000000001
2030,Spain,Eggplant,0.629325,47.985,0.6695249999999999,62.9025
2030,Spain,Garlic,0.61585,42.1125,0.655625,58.0675
2030,Spain,Grapes,0.585775,40.5575,0.587425,58.957499999999996
2030,Spain,Groundnut,0.548125,37.8575,0.61365,53.02
2030,Spain,Guava,0.54495,40.135,0.620125,54.2125
2030,Spain,Lentil,0.563175,42.4025,0.5422750000000001,60.7175
2030,Spain,Maize,0.594475,41.045,0.6339,61.9075
2030,Spain,Mango,0.5373749999999999,38.34,0.578825,55.1825
2030,Spain,Millet,0.47145000000000004,31.18,0.52935,46.1375
2030,Spain,Mung Bean,0.556975,41.3925,0.598025,56.0325
2030,Spain,Okra,0.506925,36.3875,0.577075,52.0575
2030,Spain,Onion,0.596875,40.825,0.6332,56.735
2030,Spain,Pea,0.613375,44.9725,0.62875,60.4625
2030,Spain,Pomegranate,0.512875,37.04,0.56265,53.9225
2030,Spain,Potato,0.59145,40.59,0.6386000000000001,56.8575
2030,Spain,Rice,0.5524,40.41,0.6229,55.6325
2030,Spain,Sorghum,0.5365,42.55,0.622225,56.71
2030,Spain,Soybean,0.491975,41.055,0.5716,54.817499999999995
2030,Spain,Sugarcane,0.5479,39.32,0.564875,57.655
2030,Spain,Sunflower,0.595475,38.95,0.6309,55.394999999999996
2030,Spain,Tea,0.5178,38.075,0.535575,52.975
2030,Spain,Tomato,0.583375,41.5775,0.650425,59.46
2030,Spain,Wheat,0.5159,38.019999999999996,0.549275,55.015
2030,Thailand,Apple,0.641975,43.125,0.729,61.0275
2030,Thailand,Banana,0.6956749999999999,48.1075,0.7855,66.37
2030,Thailand,Barley,0.50165,35.9,0.608625,51.72
2030,Thailand,Cabbage,0.652975,43.5625,0.67905,60.4075
2030,Thailand,Canola,0.6175999999999999,42.7675,0.70475,60.13250000000001
2030,Thailand,Carrot,0.572175,38.302499999999995,0.646075,55.125
2030,Thailand,Cauliflower,0.6967749999999999,48.4725,0.781625,66.1875
2030,Thailand,Chickpea,0.654375,46.504999999999995,0.69775,63.095
2030,Thailand,Chili,0.557175,45.57,0.58825,60.06
2030,Thailand,Citrus,0.61315,45.332499999999996,0.674075,61.5025
2030,Thailand,Cocoa,0.6608499999999999,44.1725,0.72145,62.56
2030,Thailand,Coffee,0.58995,40.64,0.6663749999999999,58.815
2030,Thailand,Cotton,0.628675,43.1275,0.66955,58.0975
2030,Thailand,Cucumber,0.586125,35.5725,0.62095,52.3575
2030,Thailand,Eggplant,0.612025,45.495000000000005,0.680575,60.375
2030,Thailand,Garlic,0.5971,42.519999999999996,0.6423,60.045
2030,Thailand,Grapes,0.70155,48.1925,0.7832250000000001,64.78
2030,Thailand,Groundnut,0.6177,48.015,0.70385,65.5975
2030,Thailand,Guava,0.5955,43.15,0.614225,61.6175
2030,Thailand,Lentil,0.574575,40.222500000000004,0.659825,59.185
2030,Thailand,Maize,0.631975,43.92,0.671775,61.3425
2030,Thailand,Mango,0.60795,45.985,0.6102,62.230000000000004
2030,Thailand,Millet,0.63585,44.41,0.69075,62.085
2030,Thailand,Mung Bean,0.683325,45.61,0.694475,64.85249999999999
2030,Thailand,Okra,0.532775,38.2975,0.5681,54.167500000000004
2030,Thailand,Onion,0.590475,42.825,0.648675,60.974999999999994
2030,Thailand,Pea,0.620875,44.6175,0.702425,62.375
2030,Thailand,Pomegranate,0.67395,45.332499999999996,0.693675,62.334999999999994
2030,Thailand,Potato,0.630925,42.865,0.679825,59.0825
2030,Thailand,Rice,0.651125,42.475,0.7766,62.75750000000001
2030,Thailand,Sorghum,0.528725,36.5375,0.543925,52.5125
2030,Thailand,Soybean,0.698925,50.3825,0.765025,65.84
2030,Thailand,Sugarcane,0.6776,46.0625,0.7269,62.885
2030,Thailand,Sunflower,0.6388,44.995000000000005,0.711275,64.10249999999999
2030,Thailand,Tea,0.612425,42.8875,0.65285,61.09
2030,Thailand,Tomato,0.7125,49.1375,0.79785,67.36
2030,Thailand,Wheat,0.672025,50.94,0.7585,70.8825
2030,Turkey,Apple,0.51985,38.16,0.618575,53.1275
2030,Turkey,Banana,0.6449750000000001,42.865,0.6700999999999999,61.9925
2030,Turkey,Barley,0.5371,37.85,0.584625,53.5125
2030,Turkey,Cabbage,0.609275,45.3525,0.659075,61.855
2030,Turkey,Canola,0.5326,36.4025,0.5165,51.9925
2030,Turkey,Carrot,0.5862499999999999,40.0825,0.61155,58.614999999999995
2030,Turkey,Cauliflower,0.65,43.269999999999996,0.6695500000000001,59.88
2030,Turkey,Chickpea,0.58935,40.21,0.6250749999999999,54.94
2030,Turkey,Chili,0.592025,42.3575,0.6488,56.887499999999996
2030,Turkey,Citrus,0.6229750000000001,45.4125,0.7075,62.25749999999999
2030,Turkey,Cocoa,0.674675,47.4725,0.748075,66.445
2030,Turkey,Coffee,0.560625,37.9325,0.5936,54.4375
2030,Turkey,Cotton,0.634775,46.205,0.69065,63.91
2030,Turkey,Cucumber,0.585475,40.1325,0.6386499999999999,55.8725
2030,Turkey,Eggplant,0.5784,39.35,0.6546,53.637499999999996
2030,Turkey,Garlic,0.5413250000000001,39.3525,0.6366,56.6025
2030,Turkey,Grapes,0.5124,37.9325,0.504525,55.2
2030,Turkey,Groundnut,0.5743,41.0625,0.616875,56.2025
2030,Turkey,Guava,0.47705,36.185,0.5221,52.4125
2030,Turkey,Lentil,0.547975,39.1,0.629775,56.3275
2030,Turkey,Maize,0.617525,44.0175,0.691675,61.625
2030,Turkey,Mango,0.627875,45.9,0.6408750000000001,64.1375
2030,Turkey,Millet,0.528775,33.2075,0.593375,48.14
2030,Turkey,Mung Bean,0.592,45.6425,0.643,61.7125
2030,Turkey,Okra,0.542,37.0525,0.567325,53.3675
2030,Turkey,Onion,0.5512,37.4275,0.6286,54.465
2030,Turkey,Pea,0.594325,41.04,0.6629,58.542500000000004
2030,Turkey,Pomegranate,0.5426,41.370000000000005,0.602675,58.1275
2030,Turkey,Potato,0.63045,46.78,0.679225,62.175
2030,Turkey,Rice,0.575325,38.1625,0.6195999999999999,54.85
2030,Turkey,Sorghum,0.5801000000000001,40.53,0.62505,56.935
2030,Turkey,Soybean,0.593125,41.074999999999996,0.65635,56.82
2030,Turkey,Sugarcane,0.56325,38.5775,0.6161,53.6925
2030,Turkey,Sunflower,0.57315,38.96,0.619025,52.589999999999996
2030,Turkey,Tea,0.49179999999999996,34.425,0.525275,50.2225
2030,Turkey,Tomato,0.54285,39.7,0.6441,54.0975
2030,Turkey,Wheat,0.54695,36.5875,0.6038,54.6425
2030,USA,Apple,0.4633,35.8125,0.4945,51.0
2030,USA,Banana,0.5706249999999999,41.695,0.61825,57.5025
2030,USA,Barley,0.613575,45.515,0.6688,61.235
2030,USA,Cabbage,0.5806,43.8925,0.622025,58.89
2030,USA,Canola,0.57565,39.9425,0.6803250000000001,54.817499999999995
2030,USA,Carrot,0.534475,38.6625,0.602475,54.685
2030,USA,Cauliflower,0.5925,41.584999999999994,0.6753,56.510000000000005
2030,USA,Chickpea,0.6018,42.085,0.687675,58.7
2030,USA,Chili,0.6467499999999999,41.019999999999996,0.684175,57.057500000000005
2030,USA,Citrus,0.5409,36.7175,0.6133500000000001,51.335
2030,USA,Cocoa,0.581425,39.725,0.609275,57.77
2030,USA,Coffee,0.62045,43.015,0.646725,60.59
2030,USA,Cotton,0.6536,45.315,0.688875,63.175
2030,USA,Cucumber,0.63175,46.6075,0.686175,64.58500000000001
2030,USA,Eggplant,0.6188,44.8575,0.65345,64.13
2030,USA,Garlic,0.547625,37.66,0.58815,53.1175
2030,USA,Grapes,0.639275,46.207499999999996,0.706075,62.345
2030,USA,Groundnut,0.531725,41.53,0.5939,55.3625
2030,USA,Guava,0.556025,38.805,0.5859,56.2275
2030,USA,Lentil,0.6052,42.305,0.6893750000000001,59.625
2030,USA,Maize,0.4541,31.3125,0.501575,46.51
2030,USA,Mango,0.5492250000000001,38.5525,0.64565,54.29
2030,USA,Millet,0.51915,36.78,0.59855,51.165
2030,USA,Mung Bean,0.5294,37.322500000000005,0.5795250000000001,52.785
2030,USA,Okra,0.500775,37.03,0.54115,52.1375
2030,USA,Onion,0.6094,46.1075,0.6460750000000001,62.542500000000004
2030,USA,Pea,0.61615,43.6225,0.64625,60.9525
2030,USA,Pomegranate,0.573,40.870000000000005,0.560275,57.455
2030,USA,Potato,0.5725,42.0,0.58445,58.17
2030,USA,Rice,0.58615,39.53,0.6208,57.48
2030,USA,Sorghum,0.6460250000000001,43.435,0.6769499999999999,61.8775
2030,USA,Soybean,0.628225,44.805,0.68215,60.722500000000004
2030,USA,Sugarcane,0.5563,41.582499999999996,0.64095,58.025
2030,USA,Sunflower,0.575925,40.207499999999996,0.6196999999999999,55.66
2030,USA,Tea,0.5095000000000001,38.345,0.56735,49.7125
2030,USA,Tomato,0.592075,42.9425,0.6484,58.2075
2030,USA,Wheat,0.54345,34.2325,0.603275,53.1
2030,Ukraine,Apple,0.560575,38.055,0.619375,54.125
2030,Ukraine,Banana,0.627725,47.31,0.6938,66.355
2030,Ukraine,Barley,0.54685,38.79,0.6009,52.115
2030,Ukraine,Cabbage,0.572925,41.43,0.609025,57.620000000000005
2030,Ukraine,Canola,0.506975,35.265,0.5826,51.6725
2030,Ukraine,Carrot,0.5682750000000001,37.815,0.598325,53.005
2030,Ukraine,Cauliflower,0.49177499999999996,30.95,0.538425,45.185
2030,Ukraine,Chickpea,0.584525,40.0075,0.63655,60.1275
2030,Ukraine,Chili,0.6088,41.42,0.6557,57.015
2030,Ukraine,Citrus,0.61275,41.245000000000005,0.701125,61.6275
2030,Ukraine,Cocoa,0.556125,35.82,0.63535,52.8075
2030,Ukraine,Coffee,0.619,43.095,0.6877,58.285
2030,Ukraine,Cotton,0.6355999999999999,41.4725,0.67145,58.74
2030,Ukraine,Cucumber,0.589675,40.3925,0.6621999999999999,56.905
2030,Ukraine,Eggplant,0.574175,38.2875,0.6144000000000001,54.7975
2030,Ukraine,Garlic,0.57365,38.81,0.673975,52.0925
2030,Ukraine,Grapes,0.58385,44.9775,0.6605,59.525
2030,Ukraine,Groundnut,0.6105,43.8775,0.698375,60.695
2030,Ukraine,Guava,0.64705,46.5875,0.7378,62.185
2030,Ukraine,Lentil,0.5373749999999999,42.144999999999996,0.62075,58.5375
2030,Ukraine,Maize,0.5687,40.682500000000005,0.595325,59.042500000000004
2030,Ukraine,Mango,0.640675,43.295,0.701325,61.325
2030,Ukraine,Millet,0.62565,45.3225,0.742675,62.894999999999996
2030,Ukraine,Mung Bean,0.5621,41.4375,0.5644,55.3775
2030,Ukraine,Okra,0.49515,33.765,0.5458000000000001,50.71
2030,Ukraine,Onion,0.591175,40.4675,0.661225,58.815
2030,Ukraine,Pea,0.5083,35.5925,0.5688,51.8575
2030,Ukraine,Pomegranate,0.624375,49.0375,0.67855,62.8225
2030,Ukraine,Potato,0.6935,49.6225,0.7714,66.78999999999999
2030,Ukraine,Rice,0.608425,44.177499999999995,0.66725,60.6675
2030,Ukraine,Sorghum,0.42910000000000004,30.9775,0.47507499999999997,45.15
2030,Ukraine,Soybean,0.648375,47.575,0.7039500000000001,65.0125
2030,Ukraine,Sugarcane,0.654075,51.62,0.6675,69.2525
2030,Ukraine,Sunflower,0.5644,39.9625,0.632125,58.135
2030,Ukraine,Tea,0.47350000000000003,31.535,0.54225,48.9225
2030,Ukraine,Tomato,0.6429,46.7775,0.645375,62.7375
2030,Ukraine,Wheat,0.537675,40.44,0.559525,55.440000000000005
2030,Vietnam,Apple,0.5901,40.4275,0.6418,54.1025
2030,Vietnam,Banana,0.6576,46.285,0.74495,61.4975
2030,Vietnam,Barley,0.585875,40.0325,0.608575,54.894999999999996
2030,Vietnam,Cabbage,0.6791,44.97,0.7291,60.275000000000006
2030,Vietnam,Canola,0.583575,38.9325,0.6467,54.68
2030,Vietnam,Carrot,0.579,43.935,0.652975,58.945
2030,Vietnam,Cauliflower,0.581775,42.5325,0.6112,58.54
2030,Vietnam,Chickpea,0.6543749999999999,51.87,0.7146250000000001,64.095
2030,Vietnam,Chili,0.6378,43.864999999999995,0.6687000000000001,60.8675
2030,Vietnam,Citrus,0.6141,44.175,0.65885,59.5825
2030,Vietnam,Cocoa,0.5413749999999999,40.2975,0.60355,52.567499999999995
2030,Vietnam,Coffee,0.6601250000000001,46.865,0.7272000000000001,64.7825
2030,Vietnam,Cotton,0.671725,47.8775,0.71035,62.56999999999999
2030,Vietnam,Cucumber,0.5497000000000001,37.0875,0.621625,52.22
2030,Vietnam,Eggplant,0.617425,43.925,0.659075,58.6175
2030,Vietnam,Garlic,0.5761499999999999,40.52,0.573075,54.912499999999994
2030,Vietnam,Grapes,0.627475,40.295,0.72845,56.6575
2030,Vietnam,Groundnut,0.616525,46.2475,0.671925,61.5725
2030,Vietnam,Guava,0.584375,39.8475,0.62015,56.205
2030,Vietnam,Lentil,0.623275,46.769999999999996,0.700075,62.9375
2030,Vietnam,Maize,0.61265,45.6825,0.656425,57.785
2030,Vietnam,Mango,0.664275,42.695,0.721025,57.19
2030,Vietnam,Millet,0.635175,44.4075,0.6467499999999999,61.74
2030,Vietnam,Mung Bean,0.663075,46.1725,0.6724,60.9225
2030,Vietnam,Okra,0.632325,44.5875,0.695375,62.0275
2030,Vietnam,Onion,0.503325,35.03,0.5744,53.315
2030,Vietnam,Pea,0.62375,41.77,0.6704749999999999,58.0475
2030,Vietnam,Pomegranate,0.6967,48.8,0.72,64.2325
2030,Vietnam,Potato,0.6106750000000001,43.4225,0.675075,59.662499999999994
2030,Vietnam,Rice,0.6342,44.72,0.688925,60.22
2030,Vietnam,Sorghum,0.643675,47.0675,0.5987,63.037499999999994
2030,Vietnam,Soybean,0.59935,36.557500000000005,0.644625,54.9375
2030,Vietnam,Sugarcane,0.6240749999999999,42.3775,0.6484749999999999,58.8525
2030,Vietnam,Sunflower,0.6023499999999999,40.6225,0.631575,57.730000000000004
2030,Vietnam,Tea,0.58815,40.265,0.6877,53.4
2030,Vietnam,Tomato,0.599325,43.995,0.660675,60.2625
2030,Vietnam,Wheat,0.630725,40.5475,0.716075,57.5275
2050,Argentina,Apple,0.5091,35.6825,0.5511,50.917500000000004
2050,Argentina,Banana,0.5242249999999999,37.29,0.5495,54.76
2050,Argentina,Barley,0.6413,45.265,0.7068749999999999,64.2875
2050,Argentina,Cabbage,0.64115,42.269999999999996,0.65655,57.3775
2050,Argentina,Canola,0.49005,31.765,0.523625,45.565
2050,Argentina,Carrot,0.505575,32.515,0.57135,49.9925
2050,Argentina,Cauliflower,0.5287,38.535,0.60895,54.5075
2050,Argentina,Chickpea,0.6689,46.1125,0.7114499999999999,61.86
2050,Argentina,Chili,0.524575,36.71,0.567275,52.8425
2050,Argentina,Citrus,0.55515,37.900000000000006,0.597375,53.96
2050,Argentina,Cocoa,0.558925,41.1275,0.588125,57.565
2050,Argentina,Coffee,0.5528,38.9375,0.632025,55.480000000000004
2050,Argentina,Cotton,0.6096,41.8475,0.6572,58.415
2050,Argentina,Cucumber,0.677275,46.0125,0.7121500000000001,63.3675
2050,Argentina,Eggplant,0.563175,44.225,0.6386000000000001,61.0825
2050,Argentina,Garlic,0.62235,44.129999999999995,0.68645,59.1825
2050,Argentina,Grapes,0.620275,41.145,0.645,54.81
2050,Argentina,Groundnut,0.4857,35.2575,0.56125,48.5875
2050,Argentina,Guava,0.565475,38.205,0.629025,55.36
2050,Argentina,Lentil,0.516975,37.1875,0.57125,51.885
2050,Argentina,Maize,0.505675,37.6425,0.5449999999999999,53.575
2050,Argentina,Mango,0.531475,37.644999999999996,0.61185,54.78
2050,Argentina,Millet,0.5997750000000001,43.004999999999995,0.63595,59.2275
2050,Argentina,Mung Bean,0.541975,39.1775,0.6354500000000001,53.754999999999995
2050,Argentina,Okra,0.505125,40.295,0.5807249999999999,54.9125
2050,Argentina,Onion,0.554025,41.2425,0.658875,58.6225
2050,Argentina,Pea,0.611925,47.4225,0.655525,62.082499999999996
2050,Argentina,Pomegranate,0.55345,33.307500000000005,0.610825,48.915
2050,Argentina,Potato,0.527475,37.315,0.591575,50.1275
2050,Argentina,Rice,0.573275,41.3175,0.6150249999999999,58.410000000000004
2050,Argentina,Sorghum,0.5754,40.545,0.6066,58.317499999999995
2050,Argentina,Soybean,0.637825,46.28,0.7449749999999999,64.5575
2050,Argentina,Sugarcane,0.588775,43.910000000000004,0.6389750000000001,59.207499999999996
2050,Argentina,Sunflower,0.59205,42.965,0.615525,60.5225
2050,Argentina,Tea,0.5901,39.235,0.6472249999999999,57.0475
2050,Argentina,Tomato,0.5933999999999999,46.4975,0.66995,63.345
2050,Argentina,Wheat,0.52525,33.7875,0.627725,51.745
2050,Australia,Apple,0.5173,37.18,0.57265,58.845
2050,Australia,Banana,0.646725,40.995,0.71405,60.745000000000005
2050,Australia,Barley,0.573375,37.8275,0.6085499999999999,58.917500000000004
2050,Australia,Cabbage,0.5346,33.3475,0.6382749999999999,52.7875
2050,Australia,Canola,0.5675749999999999,40.8625,0.659475,60.0375
2050,Australia,Carrot,0.5751,38.730000000000004,0.64135,55.695
2050,Australia,Cauliflower,0.625475,46.5475,0.71475,64.7325
2050,Australia,Chickpea,0.6416,47.865,0.6783250000000001,67.2625
2050,Australia,Chili,0.541825,36.92,0.62465,55.835
2050,Australia,Citrus,0.596375,39.9775,0.6836,58.5375
2050,Australia,Cocoa,0.47347500000000003,35.12,0.552925,53.55
2050,Australia,Coffee,0.613325,43.2375,0.66245,63.662499999999994
2050,Australia,Cotton,0.646825,42.4475,0.715975,63.6725
2050,Australia,Cucumber,0.5847249999999999,43.5775,0.6636,62.8075
2050,Australia,Eggplant,0.51245,36.015,0.5841,52.0925
2050,Australia,Garlic,0.482825,36.07,0.5362,55.427499999999995
2050,Australia,Grapes,0.5574,40.03,0.64285,56.03
2050,Australia,Groundnut,0.620525,44.349999999999994,0.69705,65.9
2050,Australia,Guava,0.5529,40.725,0.5965750000000001,58.45
2050,Australia,Lentil,0.560325,40.78,0.618075,56.825
2050,Australia,Maize,0.486,38.9275,0.59125,57.0075
2050,Australia,Mango,0.570625,39.995000000000005,0.583475,57.59
2050,Australia,Millet,0.5489,40.0475,0.6045,56.58
2050,Australia,Mung Bean,0.5468999999999999,37.6,0.5987,54.385
2050,Australia,Okra,0.540625,40.165,0.595675,58.6475
2050,Australia,Onion,0.5297499999999999,40.805,0.6038250000000001,59.75
2050,Australia,Pea,0.508325,35.9475,0.583775,55.19
2050,Australia,Pomegranate,0.6017,42.4625,0.665775,61.4375
2050,Australia,Potato,0.640625,50.81,0.702125,71.035
2050,Australia,Rice,0.612125,43.025,0.6773,61.655
2050,Australia,Sorghum,0.552225,36.935,0.628225,54.0075
2050,Australia,Soybean,0.6011,45.925,0.6573,62.55
2050,Australia,Sugarcane,0.5932999999999999,40.8825,0.666825,58.870000000000005
2050,Australia,Sunflower,0.6140749999999999,43.48,0.673075,65.015
2050,Australia,Tea,0.49895,38.535,0.603225,56.335
2050,Australia,Tomato,0.61775,42.805,0.707375,63.0075
2050,Australia,Wheat,0.551375,37.7975,0.6406999999999999,57.59
2050,Bangladesh,Apple,0.55355,38.495,0.622675,53.2225
2050,Bangladesh,Banana,0.7268,49.0075,0.80125,67.9
2050,Bangladesh,Barley,0.5847,36.91,0.669,54.0525
2050,Bangladesh,Cabbage,0.6109249999999999,43.23,0.6784,61.34
2050,Bangladesh,Canola,0.6440250000000001,40.1825,0.7038249999999999,54.175
2050,Bangladesh,Carrot,0.58035,44.347500000000004,0.64235,56.2875
2050,Bangladesh,Cauliflower,0.4931,36.7025,0.56665,51.53
2050,Bangladesh,Chickpea,0.6525,40.72,0.7012499999999999,58.685
2050,Bangladesh,Chili,0.64505,47.7825,0.684975,61.8425
2050,Bangladesh,Citrus,0.558725,41.0875,0.61135,56.457499999999996
2050,Bangladesh,Cocoa,0.617725,43.042500000000004,0.711,58.6325
2050,Bangladesh,Coffee,0.701675,48.7275,0.776125,67.69500000000001
2050,Bangladesh,Cotton,0.75275,54.2875,0.8024249999999999,72.48
2050,Bangladesh,Cucumber,0.6527,41.295,0.7176750000000001,57.85
2050,Bangladesh,Eggplant,0.5978749999999999,38.69,0.6735249999999999,52.515
2050,Bangladesh,Garlic,0.539625,37.1475,0.596125,53.1525
2050,Bangladesh,Grapes,0.6111,42.435,0.657825,59.037499999999994
2050,Bangladesh,Groundnut,0.61185,42.475,0.69865,58.572500000000005
2050,Bangladesh,Guava,0.5991500000000001,41.005,0.6584749999999999,53.3575
2050,Bangladesh,Lentil,0.617075,43.125,0.708325,60.405
2050,Bangladesh,Maize,0.631275,46.1075,0.69585,63.595
2050,Bangladesh,Mango,0.681475,44.1875,0.7516499999999999,61.55
2050,Bangladesh,Millet,0.6736,46.88,0.7404,64.2075
2050,Bangladesh,Mung Bean,0.517825,38.0225,0.580825,53.7025
2050,Bangladesh,Okra,0.6614,42.95,0.7263999999999999,61.035000000000004
2050,Bangladesh,Onion,0.6434500000000001,43.4625,0.70885,59.95
2050,Bangladesh,Pea,0.607725,40.535,0.6794,57.31
2050,Bangladesh,Pomegranate,0.638625,43.11,0.697175,58.335
2050,Bangladesh,Potato,0.5748,38.3675,0.641425,53.832499999999996
2050,Bangladesh,Rice,0.565875,42.595,0.62595,57.3375
2050,Bangladesh,Sorghum,0.579125,40.7225,0.6347,54.95
2050,Bangladesh,Soybean,0.72175,49.957499999999996,0.76205,66.515
2050,Bangladesh,Sugarcane,0.6528499999999999,44.1375,0.726175,59.04
2050,Bangladesh,Sunflower,0.619725,40.62,0.685275,57.1325
2050,Bangladesh,Tea,0.524725,37.79,0.603125,52.835
2050,Bangladesh,Tomato,0.6408,46.82,0.7243499999999999,61.7875
2050,Bangladesh,Wheat,0.579575,38.015,0.6005,54.957499999999996
2050,Brazil,Apple,0.617375,43.06,0.653125,60.05
2050,Brazil,Banana,0.6214,41.4675,0.743175,60.6175
2050,Brazil,Barley,0.5428999999999999,39.0775,0.64285,55.120000000000005
2050,Brazil,Cabbage,0.645325,44.004999999999995,0.68215,60.1175
2050,Brazil,Canola,0.61105,38.7,0.687425,56.255
2050,Brazil,Carrot,0.6361,45.519999999999996,0.6935,62.85
2050,Brazil,Cauliflower,0.61985,48.1,0.7126250000000001,63.4075
2050,Brazil,Chickpea,0.62885,43.36,0.705025,58.8425
2050,Brazil,Chili,0.713075,51.917500000000004,0.765925,67.5975
2050,Brazil,Citrus,0.6334500000000001,39.6025,0.707425,57.9275
2050,Brazil,Cocoa,0.5891,44.2575,0.653075,61.5525
2050,Brazil,Coffee,0.60495,45.652499999999996,0.675575,61.8825
2050,Brazil,Cotton,0.640475,48.3925,0.672175,64.445
2050,Brazil,Cucumber,0.600375,37.7675,0.6798500000000001,56.3725
2050,Brazil,Eggplant,0.6471,45.105000000000004,0.7133,61.32
2050,Brazil,Garlic,0.640625,45.135,0.7205,60.5625
2050,Brazil,Grapes,0.550925,39.72,0.630725,56.545
2050,Brazil,Groundnut,0.57675,38.0175,0.6331,54.9925
2050,Brazil,Guava,0.655375,49.1075,0.772975,65.905
2050,Brazil,Lentil,0.55045,36.004999999999995,0.60545,54.61
2050,Brazil,Maize,0.681025,44.4825,0.69755,60.325
2050,Brazil,Mango,0.64015,42.915,0.707675,62.1425
2050,Brazil,Millet,0.593025,40.695,0.652075,57.6725
2050,Brazil,Mung Bean,0.5618000000000001,44.1,0.6242749999999999,59.43
2050,Brazil,Okra,0.6129249999999999,46.9325,0.682775,63.8225
2050,Brazil,Onion,0.5929,42.14,0.671975,59.16
2050,Brazil,Pea,0.6350750000000001,42.027499999999996,0.683425,58.61
2050,Brazil,Pomegranate,0.6093999999999999,42.480000000000004,0.6713,58.4525
2050,Brazil,Potato,0.618275,44.4775,0.6178250000000001,63.214999999999996
2050,Brazil,Rice,0.644175,44.875,0.7171,60.5375
2050,Brazil,Sorghum,0.520425,33.175,0.5821500000000001,51.43
2050,Brazil,Soybean,0.6051,44.0675,0.64585,63.105000000000004
2050,Brazil,Sugarcane,0.619675,46.4225,0.700875,62.085
2050,Brazil,Sunflower,0.654275,47.6575,0.699,66.2125
2050,Brazil,Tea,0.594425,45.4225,0.630075,62.697500000000005
2050,Brazil,Tomato,0.737,54.7525,0.8606499999999999,72.42
2050,Brazil,Wheat,0.692925,47.3525,0.74635,65.81
2050,Canada,Apple,0.606,44.2725,0.673175,60.957499999999996
2050,Canada,Banana,0.6342,42.6425,0.7094,59.995000000000005
2050,Canada,Barley,0.453775,30.994999999999997,0.514775,44.41
2050,Canada,Cabbage,0.543375,41.082499999999996,0.598375,57.46
2050,Canada,Canola,0.5285,37.0375,0.594925,51.417500000000004
2050,Canada,Carrot,0.553025,38.25,0.6236,52.962500000000006
2050,Canada,Cauliflower,0.578075,44.8275,0.61875,59.25
2050,Canada,Chickpea,0.57895,40.5375,0.6293,58.917500000000004
2050,Canada,Chili,0.597175,40.1925,0.65075,55.345
2050,Canada,Citrus,0.5728249999999999,41.9075,0.60055,56.95
2050,Canada,Cocoa,0.548975,37.042500000000004,0.606475,54.339999999999996
2050,Canada,Coffee,0.598975,39.485,0.6492749999999999,53.2425
2050,Canada,Cotton,0.548925,33.4975,0.619775,48.855000000000004
2050,Canada,Cucumber,0.578975,42.6325,0.65235,57.792500000000004
2050,Canada,Eggplant,0.50655,40.885,0.614975,55.685
2050,Canada,Garlic,0.47367499999999996,32.8075,0.539675,46.95
2050,Canada,Grapes,0.49887499999999996,34.7475,0.5763,51.69
2050,Canada,Groundnut,0.56465,35.485,0.64485,52.1225
2050,Canada,Guava,0.5216,34.2325,0.574725,51.285
2050,Canada,Lentil,0.57245,34.2475,0.61695,49.25
2050,Canada,Maize,0.470225,32.71,0.5327500000000001,49.8975
2050,Canada,Mango,0.5608500000000001,38.3475,0.686075,53.2325
2050,Canada,Millet,0.56665,41.1575,0.65835,56.85
2050,Canada,Mung Bean,0.508375,36.8625,0.5565249999999999,52.93
2050,Canada,Okra,0.5024,36.7325,0.571525,52.695
2050,Canada,Onion,0.57515,37.712500000000006,0.6303,53.1875
2050,Canada,Pea,0.598175,44.7775,0.6485,61.2875
2050,Canada,Pomegranate,0.459475,31.0075,0.525575,44.0475
2050,Canada,Potato,0.493575,33.4325,0.5569999999999999,49.18
2050,Canada,Rice,0.52725,37.615,0.6381,53.8725
2050,Canada,Sorghum,0.567075,40.9425,0.6195999999999999,55.6375
2050,Canada,Soybean,0.51465,37.36,0.56435,54.03
2050,Canada,Sugarcane,0.578175,38.089999999999996,0.6616,53.9075
2050,Canada,Sunflower,0.559875,41.2575,0.63915,54.97
2050,Canada,Tea,0.450625,29.19,0.4844,43.02
2050,Canada,Tomato,0.54065,38.582499999999996,0.61345,51.4975
2050,Canada,Wheat,0.5509,39.1125,0.6621,54.94
2050,China,Apple,0.55665,39.07,0.61865,55.8675
2050,China,Banana,0.656975,46.47,0.714275,62.6025
2050,China,Barley,0.634375,45.7575,0.658,63.769999999999996
2050,China,Cabbage,0.581025,37.1475,0.628225,53.94
2050,China,Canola,0.680925,46.725,0.730125,65.59
2050,China,Carrot,0.5719,40.0775,0.64525,56.285
2050,China,Cauliflower,0.559825,39.515,0.595025,55.635000000000005
2050,China,Chickpea,0.721425,51.16,0.784,70.32249999999999
2050,China,Chili,0.71785,48.63,0.768825,65.1075
2050,China,Citrus,0.58945,42.3225,0.6710499999999999,57.2425
2050,China,Cocoa,0.52395,36.535,0.60065,50.14
2050,China,Coffee,0.664425,44.6475,0.701125,62.5475
2050,China,Cotton,0.608925,41.057500000000005,0.664525,57.4225
2050,China,Cucumber,0.5885,45.84,0.61115,61.9675
2050,China,Eggplant,0.607675,44.665,0.714575,61.9575
2050,China,Garlic,0.6596,44.519999999999996,0.7146750000000001,62.445
2050,China,Grapes,0.54075,36.54,0.5701499999999999,52.605
2050,China,Groundnut,0.604175,40.8375,0.6699999999999999,58.2225
2050,China,Guava,0.514575,35.4475,0.560875,52.870000000000005
2050,China,Lentil,0.5593,41.315,0.590075,58.457499999999996
2050,China,Maize,0.5482750000000001,34.825,0.625425,53.7825
2050,China,Mango,0.579075,38.3375,0.6379,54.34
2050,China,Millet,0.5203,38.165,0.588175,54.1525
2050,China,Mung Bean,0.6173,39.405,0.745825,57.8
2050,China,Okra,0.596475,43.3775,0.647025,59.7025
2050,China,Onion,0.5278,37.485,0.593625,52.2225
2050,China,Pea,0.449125,34.5275,0.537525,50.2275
2050,China,Pomegranate,0.6448,46.105,0.715,61.8225
2050,China,Potato,0.554025,36.5625,0.657025,52.777499999999996
2050,China,Rice,0.489525,34.3925,0.521825,51.1125
2050,China,Sorghum,0.5678,39.575,0.616975,56.3375
2050,China,Soybean,0.5212749999999999,36.535,0.581925,51.6625
2050,China,Sugarcane,0.5286500000000001,37.2475,0.58075,53.535
2050,China,Sunflower,0.6125999999999999,42.3425,0.69335,59.6175
2050,China,Tea,0.5615249999999999,42.015,0.586275,58.885
2050,China,Tomato,0.6285000000000001,43.8725,0.709225,61.160000000000004
2050,China,Wheat,0.5422250000000001,37.735,0.6165,54.11
2050,Colombia,Apple,0.60875,44.865,0.6453249999999999,64.4325
2050,Colombia,Banana,0.7226250000000001,49.8975,0.783725,70.41
2050,Colombia,Barley,0.622575,44.4275,0.7152499999999999,60.805
2050,Colombia,Cabbage,0.6312,44.870000000000005,0.683825,59.4625
2050,Colombia,Canola,0.55585,39.6875,0.61085,56.745000000000005
2050,Colombia,Carrot,0.7116750000000001,49.56,0.79115,68.3875
2050,Colombia,Cauliflower,0.6695249999999999,43.585,0.7202999999999999,60.567499999999995
2050,Colombia,Chickpea,0.643825,47.1225,0.671525,65.6725
2050,Colombia,Chili,0.6507,44.91,0.711825,60.315
2050,Colombia,Citrus,0.6557499999999999,45.04,0.737,62.995
2050,Colombia,Cocoa,0.681325,48.917500000000004,0.7695000000000001,65.405
2050,Colombia,Coffee,0.6648499999999999,42.769999999999996,0.7565500000000001,59.3625
2050,Colombia,Cotton,0.66255,43.775,0.726675,63.730000000000004
2050,Colombia,Cucumber,0.7162999999999999,50.2225,0.786675,67.245
2050,Colombia,Eggplant,0.625025,47.91,0.682425,64.99000000000001
2050,Colombia,Garlic,0.6373249999999999,43.8,0.7097,62.07
2050,Colombia,Grapes,0.50565,32.1025,0.581225,47.3525
2050,Colombia,Groundnut,0.62565,46.0325,0.67755,65.22749999999999
2050,Colombia,Guava,0.61905,41.9775,0.69485,59.8525
2050,Colombia,Lentil,0.533,39.364999999999995,0.612125,55.42
2050,Colombia,Maize,0.513525,37.66,0.587575,55.834999999999994
2050,Colombia,Mango,0.5484249999999999,39.1175,0.622275,55.0275
2050,Colombia,Millet,0.6542,49.815,0.7286,67.755
2050,Colombia,Mung Bean,0.7003,47.9375,0.827625,65.905
2050,Colombia,Okra,0.578175,43.7975,0.647,59.834999999999994
2050,Colombia,Onion,0.5962000000000001,44.6475,0.67655,61.685
2050,Colombia,Pea,0.582775,42.6725,0.606475,57.495
2050,Colombia,Pomegranate,0.568775,39.3225,0.6512249999999999,57.0075
2050,Colombia,Potato,0.640725,44.582499999999996,0.7089,61.8025
2050,Colombia,Rice,0.676025,48.465,0.713325,65.5675
2050,Colombia,Sorghum,0.616125,43.39,0.67925,60.7725
2050,Colombia,Soybean,0.610775,46.870000000000005,0.700275,63.7025
2050,Colombia,Sugarcane,0.636,44.12,0.69435,62.1975
2050,Colombia,Sunflower,0.610225,43.480000000000004,0.71035,61.692499999999995
2050,Colombia,Tea,0.5976,42.364999999999995,0.65815,58.9
2050,Colombia,Tomato,0.519575,39.88249999999999,0.53645,57.927499999999995
2050,Colombia,Wheat,0.549825,40.0275,0.623525,54.825
2050,Egypt,Apple,0.5389999999999999,40.365,0.6171,58.08
2050,Egypt,Banana,0.596275,44.7875,0.6363,65.67
2050,Egypt,Barley,0.6658,45.7625,0.713875,65.255
2050,Egypt,Cabbage,0.558025,40.004999999999995,0.6185499999999999,59.4975
2050,Egypt,Canola,0.583975,42.3525,0.607925,63.25750000000001
2050,Egypt,Carrot,0.593,41.550000000000004,0.6922,60.2325
2050,Egypt,Cauliflower,0.5994,43.045,0.650875,62.325
2050,Egypt,Chickpea,0.53855,36.9825,0.61235,55.3525
2050,Egypt,Chili,0.56555,41.167500000000004,0.5993999999999999,61.175
2050,Egypt,Citrus,0.57655,46.0225,0.6547499999999999,65.69
2050,Egypt,Cocoa,0.582025,40.6175,0.658675,59.72
2050,Egypt,Coffee,0.508325,37.7725,0.57525,55.18
2050,Egypt,Cotton,0.681825,51.3025,0.7475499999999999,71.9025
2050,Egypt,Cucumber,0.56265,47.625,0.627425,67.3625
2050,Egypt,Eggplant,0.6228,40.7525,0.669725,60.005
2050,Egypt,Garlic,0.551675,40.095,0.615275,57.8925
2050,Egypt,Grapes,0.5809,41.4875,0.652425,57.6125
2050,Egypt,Groundnut,0.5344249999999999,39.5025,0.60195,57.542500000000004
2050,Egypt,Guava,0.548125,42.485,0.555375,58.875
2050,Egypt,Lentil,0.56875,43.9075,0.649,63.01
2050,Egypt,Maize,0.5401499999999999,40.8225,0.602025,57.4875
2050,Egypt,Mango,0.5855,41.86,0.617475,60.0975
2050,Egypt,Millet,0.589225,40.22,0.625575,58.405
2050,Egypt,Mung Bean,0.641125,46.8025,0.697775,65.74249999999999
2050,Egypt,Okra,0.522225,41.905,0.5764,59.17
2050,Egypt,Onion,0.5157499999999999,42.0075,0.566125,58.6275
2050,Egypt,Pea,0.5264,39.1825,0.5998,56.14
2050,Egypt,Pomegranate,0.44532499999999997,33.43,0.5303249999999999,51.5925
2050,Egypt,Potato,0.5567249999999999,42.765,0.58345,60.11
2050,Egypt,Rice,0.5971500000000001,43.6175,0.6216999999999999,63.5225
2050,Egypt,Sorghum,0.617375,41.7425,0.659175,59.62
2050,Egypt,Soybean,0.593525,46.91,0.68265,65.8725
2050,Egypt,Sugarcane,0.542325,39.175,0.577125,58.1725
2050,Egypt,Sunflower,0.577425,44.394999999999996,0.641525,60.1425
2050,Egypt,Tea,0.551875,36.7525,0.609475,55.655
2050,Egypt,Tomato,0.664025,46.4825,0.7357,65.6625
2050,Egypt,Wheat,0.57645,43.8975,0.694725,61.9125
2050,Ethiopia,Apple,0.587675,45.56,0.687325,61.575
2050,Ethiopia,Banana,0.605775,43.4025,0.652875,59.2125
2050,Ethiopia,Barley,0.59985,39.542500000000004,0.65965,57.5875
2050,Ethiopia,Cabbage,0.622775,41.917500000000004,0.73005,61.8275
2050,Ethiopia,Canola,0.585325,44.625,0.676025,62.1375
2050,Ethiopia,Carrot,0.61365,44.1375,0.6517,61.1725
2050,Ethiopia,Cauliflower,0.551625,37.7575,0.653575,54.0075
2050,Ethiopia,Chickpea,0.655775,47.76,0.6762,64.31
2050,Ethiopia,Chili,0.5681499999999999,34.6,0.615475,52.4675
2050,Ethiopia,Citrus,0.709275,45.42,0.75595,63.075
2050,Ethiopia,Cocoa,0.611975,42.05,0.726425,58.42
2050,Ethiopia,Coffee,0.643175,42.88,0.71275,60.120000000000005
2050,Ethiopia,Cotton,0.63,45.089999999999996,0.698125,63.1475
2050,Ethiopia,Cucumber,0.6003000000000001,45.015,0.6690499999999999,62.980000000000004
2050,Ethiopia,Eggplant,0.583725,42.6575,0.654125,59.894999999999996
2050,Ethiopia,Garlic,0.5442,41.81,0.609025,59.1525
2050,Ethiopia,Grapes,0.6077,44.33,0.7239,60.07
2050,Ethiopia,Groundnut,0.60415,40.2625,0.734175,58.06
2050,Ethiopia,Guava,0.48672499999999996,34.620000000000005,0.547225,51.2325
2050,Ethiopia,Lentil,0.635725,44.66,0.7363999999999999,62.410000000000004
2050,Ethiopia,Maize,0.60295,39.7125,0.640625,57.495000000000005
2050,Ethiopia,Mango,0.5660499999999999,38.71,0.6066,56.0525
2050,Ethiopia,Millet,0.6026750000000001,46.129999999999995,0.629875,62.38
2050,Ethiopia,Mung Bean,0.656775,47.269999999999996,0.757775,66.0975
2050,Ethiopia,Okra,0.61915,41.345,0.678825,57.95
2050,Ethiopia,Onion,0.5816250000000001,39.6725,0.66795,55.769999999999996
2050,Ethiopia,Pea,0.615475,45.26,0.703225,62.4775
2050,Ethiopia,Pomegranate,0.64945,43.945,0.709325,62.122499999999995
2050,Ethiopia,Potato,0.6443,42.682500000000005,0.684725,60.94
2050,Ethiopia,Rice,0.6093999999999999,43.1125,0.661125,59.377500000000005
2050,Ethiopia,Sorghum,0.533325,37.415,0.59325,56.0275
2050,Ethiopia,Soybean,0.63215,47.03,0.719625,64.265
2050,Ethiopia,Sugarcane,0.693525,48.84,0.780175,67.795
2050,Ethiopia,Sunflower,0.585075,43.1525,0.6565,59.727500000000006
2050,Ethiopia,Tea,0.6913,45.557500000000005,0.763325,62.595
2050,Ethiopia,Tomato,0.614975,46.042500000000004,0.660675,61.7625
2050,Ethiopia,Wheat,0.5541499999999999,38.32,0.6397999999999999,53.6175
2050,France,Apple,0.614425,39.2,0.647525,57.4825
2050,France,Banana,0.65125,43.7675,0.747525,61.7375
2050,France,Barley,0.60555,41.5225,0.6709499999999999,61.082499999999996
2050,France,Cabbage,0.57185,43.3325,0.6174,61.0
2050,France,Canola,0.565125,41.5775,0.5868,57.6925
2050,France,Carrot,0.57315,43.485,0.60715,60.587500000000006
2050,France,Cauliflower,0.5128,35.7675,0.557625,51.427499999999995
2050,France,Chickpea,0.551175,41.120000000000005,0.64595,57.835
2050,France,Chili,0.65065,41.0725,0.660275,59.1925
2050,France,Citrus,0.59015,47.4675,0.629775,64.71
2050,France,Cocoa,0.524775,33.6075,0.63615,50.9975
2050,France,Coffee,0.58445,40.765,0.66235,59.175
2050,France,Cotton,0.560825,41.652499999999996,0.66665,58.9975
2050,France,Cucumber,0.559625,41.332499999999996,0.6082,57.87
2050,France,Eggplant,0.514875,39.7575,0.53555,53.065
2050,France,Garlic,0.604675,40.8125,0.658875,58.2475
2050,France,Grapes,0.587375,39.832499999999996,0.6335999999999999,57.010000000000005
2050,France,Groundnut,0.67125,51.4425,0.745525,69.1575
2050,France,Guava,0.47914999999999996,32.855,0.58835,47.6475
2050,France,Lentil,0.46797500000000003,34.5375,0.556975,47.9425
2050,France,Maize,0.601325,45.3925,0.633325,62.235
2050,France,Mango,0.5751,39.6875,0.600575,56.6225
2050,France,Millet,0.549,38.0525,0.6171249999999999,54.792500000000004
2050,France,Mung Bean,0.507525,36.18,0.57875,52.165
2050,France,Okra,0.57935,39.76,0.6739,53.5525
2050,France,Onion,0.46430000000000005,29.572499999999998,0.52035,46.2825
2050,France,Pea,0.584775,39.5175,0.6208750000000001,55.8625
2050,France,Pomegranate,0.566025,38.7675,0.652075,52.335
2050,France,Potato,0.5999,42.005,0.6628499999999999,60.3975
2050,France,Rice,0.506075,33.7825,0.5563750000000001,49.207499999999996
2050,France,Sorghum,0.5382,42.055,0.5624,57.075
2050,France,Soybean,0.6032500000000001,41.4825,0.6382749999999999,57.78
2050,France,Sugarcane,0.57865,41.1925,0.627075,57.052499999999995
2050,France,Sunflower,0.6183,44.045,0.6827,60.42
2050,France,Tea,0.48819999999999997,37.6775,0.578,55.1825
2050,France,Tomato,0.580525,44.555,0.665,59.787499999999994
2050,France,Wheat,0.5333749999999999,36.2925,0.6045,54.375
2050,Germany,Apple,0.5824750000000001,40.7175,0.6206,57.6275
2050,Germany,Banana,0.71785,54.805,0.798475,72.195
2050,Germany,Barley,0.5725750000000001,39.9475,0.6373,54.175
2050,Germany,Cabbage,0.5395,39.3775,0.618275,55.94
2050,Germany,Canola,0.555725,42.82,0.650725,57.4925
2050,Germany,Carrot,0.5144,39.7625,0.56085,53.545
2050,Germany,Cauliflower,0.608875,44.8725,0.661075,62.7675
2050,Germany,Chickpea,0.57155,38.085,0.582575,54.79
2050,Germany,Chili,0.601925,43.435,0.660725,59.05
2050,Germany,Citrus,0.5169250000000001,35.25,0.5483,51.24
2050,Germany,Cocoa,0.548725,38.025,0.603975,56.935
2050,Germany,Coffee,0.6247,43.5125,0.739025,61.447500000000005
2050,Germany,Cotton,0.594125,39.8875,0.63615,59.5925
2050,Germany,Cucumber,0.551775,39.29,0.57065,56.335
2050,Germany,Eggplant,0.588075,43.63,0.6259,62.28
2050,Germany,Garlic,0.62195,43.6275,0.71885,61.019999999999996
2050,Germany,Grapes,0.57105,43.9825,0.6372,61.6275
2050,Germany,Groundnut,0.5174,37.63,0.631125,52.345
2050,Germany,Guava,0.5635749999999999,40.17,0.681325,55.1875
2050,Germany,Lentil,0.5835,37.4425,0.606325,55.8125
2050,Germany,Maize,0.496925,33.215,0.59675,48.285
2050,Germany,Mango,0.54105,42.9375,0.6346,59.125
2050,Germany,Millet,0.595175,36.9075,0.6791,56.1975
2050,Germany,Mung Bean,0.532475,34.980000000000004,0.579775,48.167500000000004
2050,Germany,Okra,0.5195,35.6825,0.552575,54.41
2050,Germany,Onion,0.628025,44.515,0.6612750000000001,58.9975
2050,Germany,Pea,0.5081,33.504999999999995,0.5867,50.3425
2050,Germany,Pomegranate,0.4691,33.442499999999995,0.46185,48.765
2050,Germany,Potato,0.593025,45.9725,0.6297,63.712500000000006
2050,Germany,Rice,0.610275,47.120000000000005,0.669425,63.565
2050,Germany,Sorghum,0.599575,42.265,0.62495,58.2975
2050,Germany,Soybean,0.5244,39.015,0.5735,54.2625
2050,Germany,Sugarcane,0.6117750000000001,43.1,0.6409,60.127500000000005
2050,Germany,Sunflower,0.5204,41.3025,0.5424,54.43
2050,Germany,Tea,0.539825,38.8725,0.56135,55.9075
2050,Germany,Tomato,0.568825,41.85,0.628725,57.412499999999994
2050,Germany,Wheat,0.5694250000000001,38.3875,0.60895,54.1275
2050,Ghana,Apple,0.645425,43.545,0.692725,62.022499999999994
2050,Ghana,Banana,0.583775,40.24,0.65965,56.3425
2050,Ghana,Barley,0.66365,46.47,0.7255,63.17
2050,Ghana,Cabbage,0.608175,45.085,0.6744,62.177499999999995
2050,Ghana,Canola,0.6083,43.9025,0.65785,60.965
2050,Ghana,Carrot,0.58025,41.07,0.68495,56.08
2050,Ghana,Cauliflower,0.727625,49.93,0.79895,68.9225
2050,Ghana,Chickpea,0.6796249999999999,45.1025,0.731,61.1225
2050,Ghana,Chili,0.599425,42.01,0.6859500000000001,56.3425
2050,Ghana,Citrus,0.64635,46.4625,0.7042999999999999,63.78
2050,Ghana,Cocoa,0.6567500000000001,45.095,0.71035,65.53
2050,Ghana,Coffee,0.61825,42.33,0.6746,61.0075
2050,Ghana,Cotton,0.675975,45.81,0.7815000000000001,62.917500000000004
2050,Ghana,Cucumber,0.553125,39.6625,0.609425,56.927499999999995
2050,Ghana,Eggplant,0.6088,40.635,0.6802,58.6375
2050,Ghana,Garlic,0.6823,50.927499999999995,0.8204,70.3
2050,Ghana,Grapes,0.58075,41.3125,0.63585,59.335
2050,Ghana,Groundnut,0.669125,48.095,0.72565,65.50999999999999
2050,Ghana,Guava,0.5904,38.245000000000005,0.6295999999999999,55.92
2050,Ghana,Lentil,0.6778,49.445,0.738675,68.7675
2050,Ghana,Maize,0.5917,40.225,0.65855,57.105000000000004
2050,Ghana,Mango,0.6473,43.91,0.715775,62.03
2050,Ghana,Millet,0.547475,38.85,0.62035,54.214999999999996
2050,Ghana,Mung Bean,0.6960500000000001,48.4075,0.7537,64.72749999999999
2050,Ghana,Okra,0.63205,41.9875,0.7361,62.525000000000006
2050,Ghana,Onion,0.56135,38.105,0.6046,54.01
2050,Ghana,Pea,0.6064499999999999,41.315,0.651275,55.8775
2050,Ghana,Pomegranate,0.621925,45.5525,0.706975,63.072500000000005
2050,Ghana,Potato,0.6359250000000001,44.9125,0.7073499999999999,63.54
2050,Ghana,Rice,0.6986,49.28,0.7731250000000001,68.56
2050,Ghana,Sorghum,0.5626249999999999,38.7475,0.679275,54.86
2050,Ghana,Soybean,0.6112,44.295,0.68125,62.7125
2050,Ghana,Sugarcane,0.61355,38.66,0.662,56.2725
2050,Ghana,Sunflower,0.696,46.64,0.779925,65.25
2050,Ghana,Tea,0.6571,46.6275,0.7089,63.692499999999995
2050,Ghana,Tomato,0.658675,48.3225,0.747725,67.7475
2050,Ghana,Wheat,0.642825,41.2825,0.7262,60.2175
2050,India,Apple,0.5397500000000001,42.2525,0.6174,57.7175
2050,India,Banana,0.63785,45.082499999999996,0.744675,64.7925
2050,India,Barley,0.70025,44.6825,0.76115,63.3875
2050,India,Cabbage,0.618025,46.55,0.679625,64.1725
2050,India,Canola,0.562075,42.7325,0.590125,59.08
2050,India,Carrot,0.532725,38.6275,0.5865750000000001,56.1675
2050,India,Cauliflower,0.57755,39.542500000000004,0.6134999999999999,57.63
2050,India,Chickpea,0.59735,43.7025,0.632375,60.115
2050,India,Chili,0.696375,47.6525,0.725725,67.9425
2050,India,Citrus,0.639075,43.9525,0.6859500000000001,61.08
2050,India,Cocoa,0.651325,45.0075,0.7182,61.67
2050,India,Coffee,0.592375,37.9775,0.663725,56.302499999999995
2050,India,Cotton,0.6856249999999999,44.305,0.7382,63.5625
2050,India,Cucumber,0.67815,48.572500000000005,0.737175,66.96
2050,India,Eggplant,0.6691,51.325,0.7400500000000001,69.4
2050,India,Garlic,0.6517499999999999,44.714999999999996,0.677875,59.92
2050,India,Grapes,0.540525,35.8775,0.6563,53.345
2050,India,Groundnut,0.56705,43.5025,0.5807,60.7675
2050,India,Guava,0.6396,46.545,0.72005,62.35
2050,India,Lentil,0.611075,41.365,0.7301500000000001,57.974999999999994
2050,India,Maize,0.590175,43.9625,0.6627000000000001,59.805
2050,India,Mango,0.70995,49.195,0.728375,65.7175
2050,India,Millet,0.6193,45.1725,0.689275,62.2375
2050,India,Mung Bean,0.5830500000000001,42.02,0.6586,59.6125
2050,India,Okra,0.6299250000000001,38.705,0.709,57.269999999999996
2050,India,Onion,0.619,44.83,0.692975,60.525
2050,India,Pea,0.60215,43.9675,0.6765,60.345
2050,India,Pomegranate,0.5252249999999999,37.555,0.5738,51.7175
2050,India,Potato,0.669725,47.415,0.7268749999999999,64.0075
2050,India,Rice,0.615875,43.29,0.6955,61.24
2050,India,Sorghum,0.525075,37.945,0.584225,53.682500000000005
2050,India,Soybean,0.666975,50.575,0.71595,68.815
2050,India,Sugarcane,0.5871500000000001,39.87,0.659625,59.565
2050,India,Sunflower,0.63575,44.8575,0.7081500000000001,61.4125
2050,India,Tea,0.68475,46.4825,0.719125,63.9525
2050,India,Tomato,0.606375,46.605000000000004,0.646875,62.985
2050,India,Wheat,0.6003499999999999,43.5925,0.644,61.8525
2050,Indonesia,Apple,0.63955,44.5875,0.723125,59.6725
2050,Indonesia,Banana,0.678525,46.11,0.7513,63.0925
2050,Indonesia,Barley,0.5783,39.3425,0.644,57.557500000000005
2050,Indonesia,Cabbage,0.627775,43.4775,0.7417,58.845
2050,Indonesia,Canola,0.59885,38.94,0.711525,56.385
2050,Indonesia,Carrot,0.5745750000000001,41.9375,0.662925,55.11
2050,Indonesia,Cauliflower,0.631325,47.7625,0.7374,62.345
2050,Indonesia,Chickpea,0.747,52.082499999999996,0.8329,69.9675
2050,Indonesia,Chili,0.6057250000000001,44.0575,0.672675,59.4025
2050,Indonesia,Citrus,0.671875,44.615,0.7352,62.11
2050,Indonesia,Cocoa,0.65305,43.582499999999996,0.7223999999999999,58.455
2050,Indonesia,Coffee,0.6720999999999999,44.942499999999995,0.7137249999999999,59.8825
2050,Indonesia,Cotton,0.5836749999999999,42.5975,0.64505,57.985
2050,Indonesia,Cucumber,0.587925,43.97,0.62045,60.792500000000004
2050,Indonesia,Eggplant,0.60905,47.707499999999996,0.6501,62.8
2050,Indonesia,Garlic,0.658975,45.71,0.7208,61.005
2050,Indonesia,Grapes,0.5856,38.59,0.661475,53.7875
2050,Indonesia,Groundnut,0.59375,40.7525,0.668675,56.665
2050,Indonesia,Guava,0.636725,46.8225,0.686525,62.6975
2050,Indonesia,Lentil,0.604425,40.92,0.704925,58.2225
2050,Indonesia,Maize,0.57395,40.8425,0.6522749999999999,58.0375
2050,Indonesia,Mango,0.579475,41.465,0.633875,55.215
2050,Indonesia,Millet,0.612075,44.49,0.65685,58.85
2050,Indonesia,Mung Bean,0.579975,41.4525,0.64835,59.6425
2050,Indonesia,Okra,0.5640999999999999,36.4825,0.610325,50.555
2050,Indonesia,Onion,0.7346,48.339999999999996,0.7741,65.275
2050,Indonesia,Pea,0.59065,40.2025,0.665375,53.885
2050,Indonesia,Pomegranate,0.653725,45.5175,0.6658,62.5225
2050,Indonesia,Potato,0.6430750000000001,42.1925,0.699325,59.7275
2050,Indonesia,Rice,0.622375,43.7125,0.664625,58.4775
2050,Indonesia,Sorghum,0.6032,44.5525,0.7044,59.25
2050,Indonesia,Soybean,0.662875,44.3525,0.7078,60.5075
2050,Indonesia,Sugarcane,0.6528,44.457499999999996,0.67725,61.324999999999996
2050,Indonesia,Sunflower,0.60315,45.91,0.6754249999999999,61.260000000000005
2050,Indonesia,Tea,0.556025,40.1725,0.6268,55.8725
2050,Indonesia,Tomato,0.6069,38.9275,0.6931,55.795
2050,Indonesia,Wheat,0.5794250000000001,40.3425,0.7022,56.26
2050,Iran,Apple,0.558775,39.6025,0.5943,59.2525
2050,Iran,Banana,0.6188,41.932500000000005,0.6563,62.705
2050,Iran,Barley,0.49645,37.1975,0.524625,57.055
2050,Iran,Cabbage,0.60445,44.9075,0.6589,63.105000000000004
2050,Iran,Canola,0.457525,29.125,0.493975,46.13
2050,Iran,Carrot,0.53245,38.3575,0.584775,56.26
2050,Iran,Cauliflower,0.573825,40.0575,0.63665,60.68
2050,Iran,Chickpea,0.633925,41.7725,0.737225,59.9875
2050,Iran,Chili,0.5072749999999999,37.5075,0.61075,57.985
2050,Iran,Citrus,0.6431,47.9125,0.7088,68.28
2050,Iran,Cocoa,0.5363,41.2975,0.58335,59.495
2050,Iran,Coffee,0.660575,49.3375,0.7441249999999999,69.16
2050,Iran,Cotton,0.6245499999999999,41.9825,0.746075,62.8225
2050,Iran,Cucumber,0.589775,41.565,0.667975,59.34
2050,Iran,Eggplant,0.5106999999999999,38.5975,0.54845,57.45
2050,Iran,Garlic,0.61045,40.0175,0.655275,57.302499999999995
2050,Iran,Grapes,0.644325,44.655,0.683925,64.11
2050,Iran,Groundnut,0.543175,41.6825,0.652,57.56
2050,Iran,Guava,0.569225,36.675,0.5946,57.217499999999994
2050,Iran,Lentil,0.533725,41.0725,0.5946,58.14
2050,Iran,Maize,0.5435000000000001,41.31,0.618275,55.965
2050,Iran,Mango,0.670825,47.015,0.7101999999999999,62.455
2050,Iran,Millet,0.549625,41.6575,0.5923,60.83
2050,Iran,Mung Bean,0.5560499999999999,40.345,0.569025,61.36
2050,Iran,Okra,0.5387,40.0125,0.61325,60.275000000000006
2050,Iran,Onion,0.538825,42.1575,0.592225,60.21
2050,Iran,Pea,0.583875,43.065,0.635875,60.34
2050,Iran,Pomegranate,0.43935,32.0875,0.511525,45.4275
2050,Iran,Potato,0.57175,37.589999999999996,0.6745,54.2375
2050,Iran,Rice,0.563875,39.8925,0.610475,58.1325
2050,Iran,Sorghum,0.518775,41.2725,0.6347,57.8825
2050,Iran,Soybean,0.579,46.235,0.634825,66.10249999999999
2050,Iran,Sugarcane,0.55535,33.585,0.617475,52.445
2050,Iran,Sunflower,0.605725,41.1775,0.6542250000000001,60.432500000000005
2050,Iran,Tea,0.6456500000000001,42.817499999999995,0.70855,61.72
2050,Iran,Tomato,0.6153000000000001,41.8925,0.66875,62.655
2050,Iran,Wheat,0.47440000000000004,38.644999999999996,0.567675,57.155
2050,Italy,Apple,0.5098,37.275,0.5824,52.0825
2050,Italy,Banana,0.5847,41.8375,0.651725,56.43
2050,Italy,Barley,0.521925,38.855000000000004,0.59735,55.94
2050,Italy,Cabbage,0.5241250000000001,32.71,0.63165,50.9075
2050,Italy,Canola,0.513,39.192499999999995,0.562025,56.575
2050,Italy,Carrot,0.597275,44.36,0.6562749999999999,61.0375
2050,Italy,Cauliflower,0.49617500000000003,39.5375,0.5537,54.7275
2050,Italy,Chickpea,0.622075,47.71,0.7014,64.6675
2050,Italy,Chili,0.587025,39.5475,0.6107750000000001,54.667500000000004
2050,Italy,Citrus,0.5355,40.7275,0.5863499999999999,57.1875
2050,Italy,Cocoa,0.60655,42.415,0.645025,59.8025
2050,Italy,Coffee,0.667025,48.8875,0.7225,64.75
2050,Italy,Cotton,0.514625,41.385,0.6055,55.199999999999996
2050,Italy,Cucumber,0.60085,40.4375,0.6601,58.72
2050,Italy,Eggplant,0.52055,37.295,0.596275,53.5125
2050,Italy,Garlic,0.580775,40.8625,0.644875,60.65
2050,Italy,Grapes,0.53435,32.980000000000004,0.5635249999999999,50.1875
2050,Italy,Groundnut,0.5585,41.7175,0.63225,56.815
2050,Italy,Guava,0.53725,36.572500000000005,0.655225,54.0575
2050,Italy,Lentil,0.510975,37.6025,0.55055,53.5
2050,Italy,Maize,0.614425,42.0325,0.65085,57.64
2050,Italy,Mango,0.618825,40.575,0.692825,58.8925
2050,Italy,Millet,0.5318,38.5,0.5868,54.08
2050,Italy,Mung Bean,0.6408750000000001,47.195,0.7209,63.394999999999996
2050,Italy,Okra,0.5843,37.8575,0.6434249999999999,56.519999999999996
2050,Italy,Onion,0.57765,40.605000000000004,0.5902499999999999,57.9875
2050,Italy,Pea,0.4848,34.99,0.536625,47.18
2050,Italy,Pomegranate,0.504575,35.0275,0.5345,51.845
2050,Italy,Potato,0.7134499999999999,49.4325,0.767175,67.31
2050,Italy,Rice,0.582575,41.3975,0.683025,57.662499999999994
2050,Italy,Sorghum,0.603925,42.41,0.7201,60.2525
2050,Italy,Soybean,0.576775,43.0625,0.6314,57.5025
2050,Italy,Sugarcane,0.575175,39.115,0.619425,55.49
2050,Italy,Sunflower,0.5984,41.4725,0.664925,56.6
2050,Italy,Tea,0.526825,39.4825,0.583925,56.17
2050,Italy,Tomato,0.627575,47.3425,0.6943,63.095
2050,Italy,Wheat,0.56735,41.7675,0.602625,57.087500000000006
2050,Kenya,Apple,0.665275,49.675,0.736725,67.025
2050,Kenya,Banana,0.6663250000000001,49.8375,0.725025,67.16
2050,Kenya,Barley,0.5071,40.542500000000004,0.539025,57.17
2050,Kenya,Cabbage,0.5872,40.0225,0.6995750000000001,57.285
2050,Kenya,Canola,0.62905,44.0925,0.723425,60.254999999999995
2050,Kenya,Carrot,0.67425,48.0775,0.803025,65.62
2050,Kenya,Cauliflower,0.629025,41.485,0.697675,61.275
2050,Kenya,Chickpea,0.678525,49.72,0.75625,66.3725
2050,Kenya,Chili,0.627775,42.067499999999995,0.6914750000000001,58.625
2050,Kenya,Citrus,0.57645,38.2625,0.602525,56.2425
2050,Kenya,Cocoa,0.6485,49.3725,0.6946749999999999,66.5475
2050,Kenya,Coffee,0.65685,47.8775,0.70165,65.17750000000001
2050,Kenya,Cotton,0.66125,50.302499999999995,0.782475,69.6775
2050,Kenya,Cucumber,0.5801499999999999,39.754999999999995,0.6430750000000001,55.432500000000005
2050,Kenya,Eggplant,0.528925,38.2175,0.599025,55.385
2050,Kenya,Garlic,0.676175,51.957499999999996,0.75785,70.235
2050,Kenya,Grapes,0.622925,45.415,0.6999500000000001,62.6475
2050,Kenya,Groundnut,0.596,40.375,0.677075,57.5025
2050,Kenya,Guava,0.59655,46.585,0.716275,60.5225
2050,Kenya,Lentil,0.6058,45.115,0.6707000000000001,62.6925
2050,Kenya,Maize,0.628825,42.644999999999996,0.687125,62.5325
2050,Kenya,Mango,0.6117250000000001,41.1875,0.6818,60.94
2050,Kenya,Millet,0.5443,37.644999999999996,0.62115,56.1775
2050,Kenya,Mung Bean,0.63725,44.980000000000004,0.7440249999999999,61.96000000000001
2050,Kenya,Okra,0.65935,47.6575,0.673225,66.4825
2050,Kenya,Onion,0.6027,41.7475,0.69525,58.855000000000004
2050,Kenya,Pea,0.5652,38.2875,0.6236999999999999,50.3375
2050,Kenya,Pomegranate,0.6242,42.255,0.737425,59.545
2050,Kenya,Potato,0.68045,46.4825,0.723325,63.415
2050,Kenya,Rice,0.695225,48.6825,0.780575,69.965
2050,Kenya,Sorghum,0.659525,47.0775,0.7371,64.3225
2050,Kenya,Soybean,0.572275,36.4975,0.6348,54.165
2050,Kenya,Sugarcane,0.6855249999999999,47.225,0.779825,63.832499999999996
2050,Kenya,Sunflower,0.655025,50.42,0.764675,66.545
2050,Kenya,Tea,0.568275,42.5175,0.6555,59.44
2050,Kenya,Tomato,0.60325,40.8425,0.6461,57.115
2050,Kenya,Wheat,0.6488499999999999,42.285,0.67525,59.7225
2050,Mexico,Apple,0.55775,40.3025,0.6320749999999999,58.755
2050,Mexico,Banana,0.63935,44.07,0.763425,63.195
2050,Mexico,Barley,0.726675,54.292500000000004,0.812075,73.53999999999999
2050,Mexico,Cabbage,0.7298,54.0375,0.8049,73.2575
2050,Mexico,Canola,0.6355,43.605000000000004,0.71695,63.1075
2050,Mexico,Carrot,0.557225,40.8775,0.672875,59.027499999999996
2050,Mexico,Cauliflower,0.5345500000000001,40.5875,0.561975,57.2975
2050,Mexico,Chickpea,0.6676,45.67,0.7129,64.6375
2050,Mexico,Chili,0.67865,48.84,0.781525,65.755
2050,Mexico,Citrus,0.6276999999999999,46.4325,0.681,62.85
2050,Mexico,Cocoa,0.617675,47.6725,0.69215,66.3775
2050,Mexico,Coffee,0.61605,44.04,0.690525,64.5775
2050,Mexico,Cotton,0.6953,50.9875,0.781025,69.94749999999999
2050,Mexico,Cucumber,0.6592,49.2375,0.78795,67.305
2050,Mexico,Eggplant,0.6664,49.39,0.729,66.71
2050,Mexico,Garlic,0.57065,42.1275,0.618925,58.9875
2050,Mexico,Grapes,0.6162,46.442499999999995,0.711925,66.14
2050,Mexico,Groundnut,0.542525,40.59,0.605025,58.74
2050,Mexico,Guava,0.697875,50.945,0.7349,69.9725
2050,Mexico,Lentil,0.54165,39.265,0.620575,56.302499999999995
2050,Mexico,Maize,0.6342749999999999,42.25,0.7017,59.6725
2050,Mexico,Mango,0.60275,42.95,0.677025,62.0775
2050,Mexico,Millet,0.6377,49.2975,0.7167,67.075
2050,Mexico,Mung Bean,0.55155,39.480000000000004,0.6312249999999999,55.785
2050,Mexico,Okra,0.643725,44.0225,0.716925,63.93
2050,Mexico,Onion,0.6549,46.4925,0.69905,67.75999999999999
2050,Mexico,Pea,0.6720999999999999,49.995,0.698025,70.415
2050,Mexico,Pomegranate,0.5886,39.79,0.6634,57.3175
2050,Mexico,Potato,0.6838,49.1,0.7055750000000001,65.7825
2050,Mexico,Rice,0.705925,46.86,0.755275,66.44
2050,Mexico,Sorghum,0.72795,51.3325,0.803975,72.33500000000001
2050,Mexico,Soybean,0.6067750000000001,41.11,0.6647,58.285000000000004
2050,Mexico,Sugarcane,0.5999,45.38,0.6916,63.6775
2050,Mexico,Sunflower,0.568225,45.0175,0.63965,64.015
2050,Mexico,Tea,0.562575,42.6725,0.616725,60.185
2050,Mexico,Tomato,0.69225,48.625,0.747125,68.91
2050,Mexico,Wheat,0.5577,40.04,0.62795,58.0325
2050,Morocco,Apple,0.5246,40.6325,0.559175,59.477500000000006
2050,Morocco,Banana,0.636975,45.735,0.7166,62.435
2050,Morocco,Barley,0.57055,43.894999999999996,0.6356999999999999,61.5675
2050,Morocco,Cabbage,0.6109249999999999,40.955,0.72505,58.9125
2050,Morocco,Canola,0.61625,43.5125,0.7016,59.879999999999995
2050,Morocco,Carrot,0.555025,40.0125,0.6433,58.9475
2050,Morocco,Cauliflower,0.51715,39.14,0.573275,57.555
2050,Morocco,Chickpea,0.50685,40.1775,0.5305,57.6825
2050,Morocco,Chili,0.570075,38.2275,0.6167,56.37
2050,Morocco,Citrus,0.620525,42.525,0.697375,64.6625
2050,Morocco,Cocoa,0.57035,42.985,0.6006,59.207499999999996
2050,Morocco,Coffee,0.597075,43.697500000000005,0.6612,60.84
2050,Morocco,Cotton,0.48460000000000003,35.152499999999996,0.583225,51.595
2050,Morocco,Cucumber,0.6007750000000001,40.3225,0.70965,60.8675
2050,Morocco,Eggplant,0.5095,33.972500000000004,0.537875,51.9125
2050,Morocco,Garlic,0.612575,49.160000000000004,0.6911499999999999,66.5
2050,Morocco,Grapes,0.606025,45.3825,0.668175,63.54
2050,Morocco,Groundnut,0.616525,41.964999999999996,0.70025,59.317499999999995
2050,Morocco,Guava,0.54565,38.9025,0.5894,57.395
2050,Morocco,Lentil,0.471825,36.6475,0.5611999999999999,53.7575
2050,Morocco,Maize,0.555025,36.7825,0.636025,55.11
2050,Morocco,Mango,0.59845,43.7575,0.6974750000000001,62.81
2050,Morocco,Millet,0.56925,43.3425,0.6384,60.660000000000004
2050,Morocco,Mung Bean,0.588325,42.76,0.6648499999999999,58.78
2050,Morocco,Okra,0.664825,49.129999999999995,0.7228,68.88
2050,Morocco,Onion,0.5750500000000001,40.445,0.6205499999999999,58.6575
2050,Morocco,Pea,0.47457499999999997,30.4175,0.48050000000000004,48.754999999999995
2050,Morocco,Pomegranate,0.593825,43.3525,0.6577,61.695
2050,Morocco,Potato,0.6153500000000001,38.9525,0.6471750000000001,58.915
2050,Morocco,Rice,0.63735,44.06,0.6776,64.52250000000001
2050,Morocco,Sorghum,0.5831500000000001,40.75,0.6463749999999999,59.417500000000004
2050,Morocco,Soybean,0.549875,40.0325,0.6418,59.2625
2050,Morocco,Sugarcane,0.60525,43.34,0.6617500000000001,62.769999999999996
2050,Morocco,Sunflower,0.532775,38.76,0.596375,55.245
2050,Morocco,Tea,0.5741,38.815,0.67735,54.96
2050,Morocco,Tomato,0.669725,49.185,0.7787999999999999,66.35249999999999
2050,Morocco,Wheat,0.562175,39.05,0.60965,57.650000000000006
2050,New Zealand,Apple,0.562525,42.2225,0.5806749999999999,59.9075
2050,New Zealand,Banana,0.667025,44.71,0.7283999999999999,62.254999999999995
2050,New Zealand,Barley,0.49322499999999997,35.199999999999996,0.5548,51.365
2050,New Zealand,Cabbage,0.66905,44.69,0.8160499999999999,61.6125
2050,New Zealand,Canola,0.565675,41.825,0.59035,59.735
2050,New Zealand,Carrot,0.643825,45.945,0.72265,63.817499999999995
2050,New Zealand,Cauliflower,0.547475,37.2775,0.591025,49.7175
2050,New Zealand,Chickpea,0.636775,46.385,0.676525,61.975
2050,New Zealand,Chili,0.6337,45.355000000000004,0.71965,61.4825
2050,New Zealand,Citrus,0.5022,35.260000000000005,0.56145,51.765
2050,New Zealand,Cocoa,0.504,33.64,0.578775,53.2725
2050,New Zealand,Coffee,0.578025,47.489999999999995,0.6562,64.03
2050,New Zealand,Cotton,0.596325,40.96,0.68855,58.5775
2050,New Zealand,Cucumber,0.560525,39.370000000000005,0.6157250000000001,56.4925
2050,New Zealand,Eggplant,0.542925,35.92,0.624425,51.495
2050,New Zealand,Garlic,0.54145,39.9625,0.5870500000000001,58.175
2050,New Zealand,Grapes,0.6445,45.29,0.749675,62.84
2050,New Zealand,Groundnut,0.5464,40.9625,0.583475,58.0375
2050,New Zealand,Guava,0.6077,44.185,0.73195,61.1725
2050,New Zealand,Lentil,0.5974,40.75,0.642725,56.3775
2050,New Zealand,Maize,0.5473,41.05,0.667375,54.845
2050,New Zealand,Mango,0.5744,41.745,0.6654249999999999,57.6225
2050,New Zealand,Millet,0.611325,44.46,0.7162999999999999,62.269999999999996
2050,New Zealand,Mung Bean,0.61675,38.72,0.669025,55.3525
2050,New Zealand,Okra,0.60375,44.245,0.644475,61.775
2050,New Zealand,Onion,0.5109,35.105000000000004,0.5655749999999999,50.485
2050,New Zealand,Pea,0.5265,34.3825,0.594875,51.1425
2050,New Zealand,Pomegranate,0.506625,31.892500000000002,0.5551250000000001,50.015
2050,New Zealand,Potato,0.641375,43.975,0.705925,60.2975
2050,New Zealand,Rice,0.589475,41.325,0.6261,56.725
2050,New Zealand,Sorghum,0.508625,36.97,0.57375,54.5825
2050,New Zealand,Soybean,0.6033499999999999,45.3625,0.6552,61.85249999999999
2050,New Zealand,Sugarcane,0.602925,43.307500000000005,0.62215,57.197500000000005
2050,New Zealand,Sunflower,0.471375,32.6525,0.52285,48.987500000000004
2050,New Zealand,Tea,0.5405500000000001,41.83,0.600275,58.135000000000005
2050,New Zealand,Tomato,0.604,45.332499999999996,0.6239250000000001,62.515
2050,New Zealand,Wheat,0.48375,34.870000000000005,0.5633250000000001,49.6875
2050,Nigeria,Apple,0.61515,42.1025,0.702325,59.495
2050,Nigeria,Banana,0.61285,46.2225,0.713525,65.505
2050,Nigeria,Barley,0.601825,42.1175,0.699825,58.8625
2050,Nigeria,Cabbage,0.525725,35.4475,0.612725,54.1625
2050,Nigeria,Canola,0.501475,36.0575,0.60425,51.595
2050,Nigeria,Carrot,0.6965250000000001,45.625,0.766175,63.7975
2050,Nigeria,Cauliflower,0.569875,41.59,0.6142,59.625
2050,Nigeria,Chickpea,0.682975,45.5675,0.7651,63.77
2050,Nigeria,Chili,0.5622750000000001,42.38,0.6542,59.235
2050,Nigeria,Citrus,0.6452249999999999,47.19,0.67425,63.332499999999996
2050,Nigeria,Cocoa,0.64825,40.225,0.680325,57.9325
2050,Nigeria,Coffee,0.649875,47.3725,0.694225,63.66
2050,Nigeria,Cotton,0.624475,39.9775,0.692975,58.125
2050,Nigeria,Cucumber,0.6563749999999999,46.045,0.7216,64.7175
2050,Nigeria,Eggplant,0.683225,49.925,0.7339249999999999,68.0375
2050,Nigeria,Garlic,0.5534250000000001,40.56,0.624175,58.8625
2050,Nigeria,Grapes,0.6054,42.5,0.6826749999999999,59.0475
2050,Nigeria,Groundnut,0.61305,45.0225,0.656725,62.965
2050,Nigeria,Guava,0.613775,41.6875,0.657675,59.28
2050,Nigeria,Lentil,0.586625,40.91,0.654575,59.0725
2050,Nigeria,Maize,0.687275,45.8675,0.726525,64.6375
2050,Nigeria,Mango,0.642075,46.8275,0.706375,65.32
2050,Nigeria,Millet,0.621175,43.74,0.672075,59.5925
2050,Nigeria,Mung Bean,0.736775,52.277499999999996,0.857025,72.135
2050,Nigeria,Okra,0.660625,44.0225,0.74635,62.339999999999996
2050,Nigeria,Onion,0.6591,46.6225,0.7027749999999999,62.4125
2050,Nigeria,Pea,0.628625,45.1175,0.6953,60.2975
2050,Nigeria,Pomegranate,0.643825,43.6775,0.7070000000000001,63.0
2050,Nigeria,Potato,0.602375,41.9325,0.648625,58.615
2050,Nigeria,Rice,0.707075,51.74,0.751525,65.865
2050,Nigeria,Sorghum,0.5403,36.855000000000004,0.6007750000000001,54.072500000000005
2050,Nigeria,Soybean,0.616975,41.557500000000005,0.6449750000000001,54.675
2050,Nigeria,Sugarcane,0.6653,52.05,0.737325,70.2825
2050,Nigeria,Sunflower,0.526575,40.230000000000004,0.617375,58.725
2050,Nigeria,Tea,0.6517999999999999,44.575,0.7356,60.9375
2050,Nigeria,Tomato,0.58935,43.325,0.665125,63.3225
2050,Nigeria,Wheat,0.65735,46.6025,0.678525,64.7025
2050,Pakistan,Apple,0.5170750000000001,38.425000000000004,0.621675,56.85
2050,Pakistan,Banana,0.6381749999999999,42.8375,0.693025,59.9875
2050,Pakistan,Barley,0.505325,38.864999999999995,0.567375,57.3925
2050,Pakistan,Cabbage,0.5633,39.405,0.618825,58.7775
2050,Pakistan,Canola,0.4521,32.150000000000006,0.515325,51.18
2050,Pakistan,Carrot,0.560175,43.3925,0.590875,62.6375
2050,Pakistan,Cauliflower,0.578075,42.55,0.62405,63.375
2050,Pakistan,Chickpea,0.63005,42.519999999999996,0.6500750000000001,61.2425
2050,Pakistan,Chili,0.5691,39.2375,0.611325,58.795
2050,Pakistan,Citrus,0.561625,41.665000000000006,0.6394500000000001,61.1525
2050,Pakistan,Cocoa,0.61345,43.44,0.68535,58.6275
2050,Pakistan,Coffee,0.707525,50.22,0.794425,69.0775
2050,Pakistan,Cotton,0.661525,43.2925,0.740225,61.817499999999995
2050,Pakistan,Cucumber,0.59845,41.1325,0.6705,62.1025
2050,Pakistan,Eggplant,0.57235,43.675,0.6721,61.0575
2050,Pakistan,Garlic,0.59625,41.61,0.66455,59.480000000000004
2050,Pakistan,Grapes,0.5828,40.9625,0.6198250000000001,59.505
2050,Pakistan,Groundnut,0.5765750000000001,37.95,0.626525,58.1225
2050,Pakistan,Guava,0.576925,43.4725,0.6355500000000001,60.85
2050,Pakistan,Lentil,0.564225,39.7375,0.6277,56.8
2050,Pakistan,Maize,0.47605,36.975,0.502975,55.089999999999996
2050,Pakistan,Mango,0.5977250000000001,40.0375,0.6629750000000001,58.785
2050,Pakistan,Millet,0.624275,50.87,0.6983,70.4975
2050,Pakistan,Mung Bean,0.513625,35.5125,0.5865,54.120000000000005
2050,Pakistan,Okra,0.657225,49.62,0.7245250000000001,67.6
2050,Pakistan,Onion,0.5263,38.85,0.5838,56.51
2050,Pakistan,Pea,0.571,41.1025,0.635325,59.8575
2050,Pakistan,Pomegranate,0.504675,34.63,0.57435,52.3025
2050,Pakistan,Potato,0.5775,44.485,0.625175,63.4675
2050,Pakistan,Rice,0.6327,44.375,0.68365,65.6525
2050,Pakistan,Sorghum,0.5569,40.214999999999996,0.60485,59.89
2050,Pakistan,Soybean,0.553325,41.665,0.5859,61.9125
2050,Pakistan,Sugarcane,0.606075,44.6425,0.671125,64.24
2050,Pakistan,Sunflower,0.5302,38.0375,0.62965,53.54
2050,Pakistan,Tea,0.629725,51.6325,0.67795,67.80250000000001
2050,Pakistan,Tomato,0.601275,41.364999999999995,0.631075,60.824999999999996
2050,Pakistan,Wheat,0.5483,43.945,0.604225,61.2375
2050,Papua New Guinea,Apple,0.545375,39.8375,0.624075,54.480000000000004
2050,Papua New Guinea,Banana,0.7311,45.3775,0.77555,65.1175
2050,Papua New Guinea,Barley,0.65385,44.2925,0.7059249999999999,62.2025
2050,Papua New Guinea,Cabbage,0.608,43.724999999999994,0.688725,60.875
2050,Papua New Guinea,Canola,0.580175,41.5375,0.6512249999999999,57.477500000000006
2050,Papua New Guinea,Carrot,0.571725,35.6225,0.641975,50.515
2050,Papua New Guinea,Cauliflower,0.511275,33.295,0.608175,48.9725
2050,Papua New Guinea,Chickpea,0.6597,42.7675,0.727575,58.8425
2050,Papua New Guinea,Chili,0.626025,44.5025,0.68665,61.0975
2050,Papua New Guinea,Citrus,0.664725,50.3975,0.743275,66.7175
2050,Papua New Guinea,Cocoa,0.670675,46.442499999999995,0.7282,64.61
2050,Papua New Guinea,Coffee,0.6166,43.582499999999996,0.729475,56.22
2050,Papua New Guinea,Cotton,0.6976,45.62,0.764,64.02
2050,Papua New Guinea,Cucumber,0.572275,42.817499999999995,0.657675,55.5175
2050,Papua New Guinea,Eggplant,0.6503249999999999,43.505,0.6995,57.927499999999995
2050,Papua New Guinea,Garlic,0.60585,43.9225,0.7039,57.3625
2050,Papua New Guinea,Grapes,0.6586,44.7425,0.75285,61.63
2050,Papua New Guinea,Groundnut,0.6505000000000001,47.6525,0.746175,62.4975
2050,Papua New Guinea,Guava,0.6325000000000001,46.965,0.680075,63.21
2050,Papua New Guinea,Lentil,0.5846,40.3575,0.67205,56.727500000000006
2050,Papua New Guinea,Maize,0.60845,40.815,0.67275,57.370000000000005
2050,Papua New Guinea,Mango,0.63635,45.695,0.686825,62.5
2050,Papua New Guinea,Millet,0.52455,34.925,0.645375,47.1975
2050,Papua New Guinea,Mung Bean,0.563825,39.660000000000004,0.627975,57.21
2050,Papua New Guinea,Okra,0.62835,43.41,0.6777500000000001,60.9375
2050,Papua New Guinea,Onion,0.61555,44.555,0.647375,60.6175
2050,Papua New Guinea,Pea,0.5736749999999999,38.230000000000004,0.67475,55.0475
2050,Papua New Guinea,Pomegranate,0.5952500000000001,41.42,0.708075,58.5075
2050,Papua New Guinea,Potato,0.6555500000000001,45.1075,0.721525,61.964999999999996
2050,Papua New Guinea,Rice,0.6737,46.0775,0.7895,63.55
2050,Papua New Guinea,Sorghum,0.593925,42.1325,0.63825,56.222500000000004
2050,Papua New Guinea,Soybean,0.601375,36.7525,0.67065,51.7175
2050,Papua New Guinea,Sugarcane,0.6574249999999999,42.78,0.72305,61.4475
2050,Papua New Guinea,Sunflower,0.619725,45.055,0.66845,61.06
2050,Papua New Guinea,Tea,0.584625,44.4,0.675525,58.8125
2050,Papua New Guinea,Tomato,0.555275,38.6775,0.6101,52.9675
2050,Papua New Guinea,Wheat,0.61655,43.2675,0.704975,60.504999999999995
2050,South Africa,Apple,0.5725750000000001,39.51,0.657875,58.12
2050,South Africa,Banana,0.55735,46.465,0.63215,67.0575
2050,South Africa,Barley,0.55315,40.1325,0.571875,56.3925
2050,South Africa,Cabbage,0.582375,41.5975,0.671,59.480000000000004
2050,South Africa,Canola,0.6744,46.77,0.70875,67.0975
2050,South Africa,Carrot,0.5786,42.4125,0.60865,60.125
2050,South Africa,Cauliflower,0.495975,34.0,0.6002500000000001,51.605000000000004
2050,South Africa,Chickpea,0.62645,40.1675,0.7025250000000001,57.395
2050,South Africa,Chili,0.6592,47.055,0.70845,65.56
2050,South Africa,Citrus,0.590125,43.81,0.6555,60.665
2050,South Africa,Cocoa,0.473875,32.535,0.5113,52.1575
2050,South Africa,Coffee,0.5594,35.957499999999996,0.608325,54.535000000000004
2050,South Africa,Cotton,0.647775,44.57,0.66865,65.3575
2050,South Africa,Cucumber,0.59675,43.3675,0.6805,60.635
2050,South Africa,Eggplant,0.594225,44.65,0.6910000000000001,64.395
2050,South Africa,Garlic,0.604025,43.36,0.6998,62.0925
2050,South Africa,Grapes,0.5222249999999999,41.442499999999995,0.590725,58.337500000000006
2050,South Africa,Groundnut,0.532725,36.052499999999995,0.549075,53.230000000000004
2050,South Africa,Guava,0.4864,35.8025,0.549075,52.6475
2050,South Africa,Lentil,0.583825,37.545,0.6573249999999999,54.05
2050,South Africa,Maize,0.54215,41.8775,0.5963,58.24
2050,South Africa,Mango,0.590175,43.4375,0.6175999999999999,61.65
2050,South Africa,Millet,0.602425,38.4025,0.67425,59.8175
2050,South Africa,Mung Bean,0.584375,42.36,0.67125,62.412499999999994
2050,South Africa,Okra,0.694275,50.2575,0.75065,71.31
2050,South Africa,Onion,0.560425,39.415,0.64435,58.9475
2050,South Africa,Pea,0.619625,44.072500000000005,0.6772750000000001,64.7375
2050,South Africa,Pomegranate,0.6536,49.2125,0.7368,69.75
2050,South Africa,Potato,0.501675,36.71,0.541125,55.3975
2050,South Africa,Rice,0.621175,43.69,0.68975,63.81
2050,South Africa,Sorghum,0.537675,40.9925,0.57925,58.2675
2050,South Africa,Soybean,0.5914,40.315,0.6841999999999999,58.7675
2050,South Africa,Sugarcane,0.488425,37.345,0.50865,53.785
2050,South Africa,Sunflower,0.446725,31.7125,0.51185,48.8675
2050,South Africa,Tea,0.62415,43.2125,0.6848,62.27
2050,South Africa,Tomato,0.6333,43.3075,0.6839,61.252500000000005
2050,South Africa,Wheat,0.6077,44.8825,0.6594,63.4075
2050,Spain,Apple,0.572475,44.6025,0.5943,60.6825
2050,Spain,Banana,0.543675,33.82,0.60495,48.957499999999996
2050,Spain,Barley,0.5716,37.925,0.613075,55.42
2050,Spain,Cabbage,0.534975,45.2,0.591825,58.415
2050,Spain,Canola,0.4645,34.92,0.5325500000000001,48.870000000000005
2050,Spain,Carrot,0.542775,34.620000000000005,0.624775,52.7275
2050,Spain,Cauliflower,0.576875,40.6075,0.625875,57.050000000000004
2050,Spain,Chickpea,0.658475,42.43,0.6636,58.97
2050,Spain,Chili,0.548075,37.3525,0.6062,54.2625
2050,Spain,Citrus,0.570025,36.505,0.624425,50.195
2050,Spain,Cocoa,0.622775,37.1775,0.711,58.41
2050,Spain,Coffee,0.6086,45.255,0.692125,58.7275
2050,Spain,Cotton,0.5998,41.0225,0.645025,57.665
2050,Spain,Cucumber,0.536725,35.425,0.6071,50.9225
2050,Spain,Eggplant,0.4762,31.45,0.521675,47.120000000000005
2050,Spain,Garlic,0.511675,31.909999999999997,0.59305,48.8625
2050,Spain,Grapes,0.489525,35.41,0.5545,51.665
2050,Spain,Groundnut,0.571,42.917500000000004,0.6435,60.97
2050,Spain,Guava,0.54265,39.335,0.608325,55.805
2050,Spain,Lentil,0.58635,46.1825,0.627425,62.677499999999995
2050,Spain,Maize,0.44265,31.99,0.5084500000000001,48.2775
2050,Spain,Mango,0.54735,41.035,0.593475,57.5475
2050,Spain,Millet,0.632425,47.8875,0.682025,66.0075
2050,Spain,Mung Bean,0.47404999999999997,36.3,0.541225,51.042500000000004
2050,Spain,Okra,0.570475,35.167500000000004,0.61435,53.44
2050,Spain,Onion,0.6724,46.4525,0.729775,65.035
2050,Spain,Pea,0.6043000000000001,40.94,0.68415,59.9525
2050,Spain,Pomegranate,0.5289,38.845,0.561625,56.405
2050,Spain,Potato,0.71805,48.545,0.782275,65.4175
2050,Spain,Rice,0.6433,46.785,0.740525,62.8425
2050,Spain,Sorghum,0.5675749999999999,40.03,0.61265,57.1625
2050,Spain,Soybean,0.6574249999999999,44.8925,0.7204999999999999,63.207499999999996
2050,Spain,Sugarcane,0.64485,44.175,0.68085,63.195
2050,Spain,Sunflower,0.60275,40.457499999999996,0.679125,57.089999999999996
2050,Spain,Tea,0.53225,42.535,0.632325,58.9825
2050,Spain,Tomato,0.567,42.5475,0.5936,58.2025
2050,Spain,Wheat,0.60025,40.947500000000005,0.67405,57.6575
2050,Thailand,Apple,0.5554,38.785000000000004,0.614675,53.855
2050,Thailand,Banana,0.64915,45.464999999999996,0.71715,62.3275
2050,Thailand,Barley,0.659075,48.975,0.72645,66.7975
2050,Thailand,Cabbage,0.650225,46.5375,0.734675,63.815
2050,Thailand,Canola,0.606425,42.394999999999996,0.6967,61.7225
2050,Thailand,Carrot,0.6389,45.6325,0.68775,63.275
2050,Thailand,Cauliflower,0.539175,43.93,0.578725,60.035
2050,Thailand,Chickpea,0.705525,51.225,0.747175,70.3625
2050,Thailand,Chili,0.632625,44.7375,0.70975,65.0325
2050,Thailand,Citrus,0.604575,41.8,0.66325,58.775
2050,Thailand,Cocoa,0.65735,43.36,0.709525,61.6025
2050,Thailand,Coffee,0.556575,37.9125,0.625875,54.7175
2050,Thailand,Cotton,0.658875,45.4225,0.732775,63.5625
2050,Thailand,Cucumber,0.657725,43.3175,0.7585500000000001,58.3375
2050,Thailand,Eggplant,0.648,42.2625,0.703275,59.184999999999995
2050,Thailand,Garlic,0.603925,43.8575,0.666875,62.8225
2050,Thailand,Grapes,0.663125,50.3825,0.7746,66.56
2050,Thailand,Groundnut,0.64435,41.09,0.716125,59.00749999999999
2050,Thailand,Guava,0.538525,37.5825,0.584025,51.585
2050,Thailand,Lentil,0.56795,40.425,0.643475,54.95
2050,Thailand,Maize,0.6861250000000001,43.7625,0.728025,62.8825
2050,Thailand,Mango,0.6426000000000001,42.1275,0.72665,57.5625
2050,Thailand,Millet,0.68105,48.69,0.766125,67.0325
2050,Thailand,Mung Bean,0.5516,38.235,0.6227,57.144999999999996
2050,Thailand,Okra,0.59675,45.935,0.6690499999999999,62.47749999999999
2050,Thailand,Onion,0.6226,49.3675,0.707325,64.4425
2050,Thailand,Pea,0.5523,41.4625,0.5993,57.5
2050,Thailand,Pomegranate,0.5877,40.332499999999996,0.645975,58.4025
2050,Thailand,Potato,0.716475,47.9275,0.801275,67.735
2050,Thailand,Rice,0.594825,42.9025,0.673225,58.4625
2050,Thailand,Sorghum,0.579925,40.435,0.6275999999999999,57.1375
2050,Thailand,Soybean,0.66705,48.195,0.6898,65.5475
2050,Thailand,Sugarcane,0.6244000000000001,44.567499999999995,0.68855,62.3
2050,Thailand,Sunflower,0.6157,45.155,0.68275,62.5875
2050,Thailand,Tea,0.536475,43.84,0.647425,60.339999999999996
2050,Thailand,Tomato,0.602225,42.0375,0.65245,58.807500000000005
2050,Thailand,Wheat,0.685075,48.415,0.781725,68.33
2050,Turkey,Apple,0.48760000000000003,36.644999999999996,0.49987500000000007,50.582499999999996
2050,Turkey,Banana,0.559925,45.685,0.6505,63.7325
2050,Turkey,Barley,0.6147750000000001,40.9275,0.67455,59.35249999999999
2050,Turkey,Cabbage,0.56125,42.0325,0.633125,57.79
2050,Turkey,Canola,0.565175,37.982499999999995,0.625775,55.7
2050,Turkey,Carrot,0.5347500000000001,34.8125,0.573225,51.8875
2050,Turkey,Cauliflower,0.47004999999999997,34.6075,0.5217999999999999,51.025000000000006
2050,Turkey,Chickpea,0.67135,48.01,0.773875,64.8725
2050,Turkey,Chili,0.53955,29.0475,0.635625,47.917500000000004
2050,Turkey,Citrus,0.5547,35.8525,0.656375,52.705
2050,Turkey,Cocoa,0.519875,36.985,0.629525,50.7475
2050,Turkey,Coffee,0.581425,40.55,0.6269,59.66
2050,Turkey,Cotton,0.641975,47.2775,0.750475,64.0
2050,Turkey,Cucumber,0.7254,49.1425,0.796475,67.295
2050,Turkey,Eggplant,0.454,32.215,0.5546,47.655
2050,Turkey,Garlic,0.533775,39.7575,0.651,55.582499999999996
2050,Turkey,Grapes,0.64925,43.775,0.737525,63.3025
2050,Turkey,Groundnut,0.605375,39.7325,0.6608499999999999,56.8275
2050,Turkey,Guava,0.5643,36.2725,0.563875,53.4925
2050,Turkey,Lentil,0.58705,39.3325,0.6521,55.97
2050,Turkey,Maize,0.53435,36.394999999999996,0.6221749999999999,52.845
2050,Turkey,Mango,0.6391249999999999,45.15,0.689525,63.417500000000004
2050,Turkey,Millet,0.564425,37.17,0.594525,54.67
2050,Turkey,Mung Bean,0.5563750000000001,38.885000000000005,0.595075,53.475
2050,Turkey,Okra,0.44072500000000003,28.81,0.476425,45.7675
2050,Turkey,Onion,0.60575,44.2275,0.67995,60.625
2050,Turkey,Pea,0.614575,42.735,0.7055750000000001,58.155
2050,Turkey,Pomegranate,0.5222249999999999,33.525,0.575275,47.1275
2050,Turkey,Potato,0.59715,43.6875,0.623025,61.57
2050,Turkey,Rice,0.4552,32.0125,0.49417500000000003,47.28
2050,Turkey,Sorghum,0.5373749999999999,36.93,0.61545,54.2925
2050,Turkey,Soybean,0.684975,50.2425,0.7525,69.17
2050,Turkey,Sugarcane,0.537425,41.08,0.5948249999999999,57.8975
2050,Turkey,Sunflower,0.5332250000000001,39.730000000000004,0.578375,58.1375
2050,Turkey,Tea,0.488275,28.9125,0.509125,46.0675
2050,Turkey,Tomato,0.617425,40.54,0.6869000000000001,59.575
2050,Turkey,Wheat,0.5698,37.465,0.635175,52.2475
2050,USA,Apple,0.641675,43.575,0.66735,61.1925
2050,USA,Banana,0.683325,46.355,0.71555,64.295
2050,USA,Barley,0.54485,39.01,0.676675,54.045
2050,USA,Cabbage,0.5663750000000001,39.16,0.59795,55.0625
2050,USA,Canola,0.47475,33.8875,0.548875,50.585
2050,USA,Carrot,0.585975,43.1575,0.63245,59.519999999999996
2050,USA,Cauliflower,0.5002,35.4575,0.581575,50.785
2050,USA,Chickpea,0.585975,44.6225,0.64655,60.1425
2050,USA,Chili,0.6031,41.215,0.707775,58.6175
2050,USA,Citrus,0.631575,42.375,0.682025,62.4875
2050,USA,Cocoa,0.5514749999999999,42.89,0.627075,59.0275
2050,USA,Coffee,0.586425,41.9475,0.6411250000000001,59.8625
2050,USA,Cotton,0.564025,42.045,0.630425,60.555
2050,USA,Cucumber,0.532925,37.1375,0.588375,53.24
2050,USA,Eggplant,0.5807,40.292500000000004,0.6250249999999999,55.22
2050,USA,Garlic,0.588525,40.870000000000005,0.63905,55.605000000000004
2050,USA,Grapes,0.57,39.457499999999996,0.670675,55.04
2050,USA,Groundnut,0.6041,37.545,0.669675,54.815
2050,USA,Guava,0.6516500000000001,45.5475,0.722,61.760000000000005
2050,USA,Lentil,0.6023000000000001,43.2225,0.6626,57.7625
2050,USA,Maize,0.48135,33.4825,0.566825,49.92
2050,USA,Mango,0.6091500000000001,44.629999999999995,0.693275,61.307500000000005
2050,USA,Millet,0.556925,37.9875,0.58395,55.38
2050,USA,Mung Bean,0.55995,40.915,0.6339250000000001,57.855000000000004
2050,USA,Okra,0.655375,43.455,0.7079,60.825
2050,USA,Onion,0.638125,48.32,0.7256,66.4025
2050,USA,Pea,0.530125,39.945,0.596325,56.85
2050,USA,Pomegranate,0.555275,39.475,0.646675,55.872499999999995
2050,USA,Potato,0.639175,48.83,0.72395,62.55
2050,USA,Rice,0.6041000000000001,42.035,0.67025,56.265
2050,USA,Sorghum,0.64625,44.385,0.7151,61.4875
2050,USA,Soybean,0.61575,42.835,0.6934,59.735
2050,USA,Sugarcane,0.57835,40.480000000000004,0.610125,55.765
2050,USA,Sunflower,0.5507,36.2225,0.636875,52.065
2050,USA,Tea,0.56525,39.5175,0.63515,57.057500000000005
2050,USA,Tomato,0.652025,44.8875,0.7073,62.720000000000006
2050,USA,Wheat,0.651175,45.8075,0.727075,63.667500000000004
2050,Ukraine,Apple,0.449775,31.66,0.5028,47.4825
2050,Ukraine,Banana,0.572725,39.0225,0.642775,55.9325
2050,Ukraine,Barley,0.5787,39.79,0.640975,57.81
2050,Ukraine,Cabbage,0.580125,43.31,0.6504,59.4375
2050,Ukraine,Canola,0.58515,43.855000000000004,0.71795,60.144999999999996
2050,Ukraine,Carrot,0.506825,39.05,0.60465,56.025
2050,Ukraine,Cauliflower,0.594975,43.6975,0.6646000000000001,60.295
2050,Ukraine,Chickpea,0.526675,38.685,0.607575,55.13
2050,Ukraine,Chili,0.635775,46.3575,0.7151,62.605000000000004
2050,Ukraine,Citrus,0.663175,46.4075,0.67965,65.5525
2050,Ukraine,Cocoa,0.5947,42.3375,0.6845,59.347500000000004
2050,Ukraine,Coffee,0.527875,40.045,0.5885499999999999,56.8
2050,Ukraine,Cotton,0.5386,38.1575,0.6207,52.015
2050,Ukraine,Cucumber,0.62375,45.91,0.668425,64.605
2050,Ukraine,Eggplant,0.524325,34.4425,0.578125,50.8025
2050,Ukraine,Garlic,0.541175,36.96,0.5342749999999999,56.0925
2050,Ukraine,Grapes,0.553275,44.504999999999995,0.6240749999999999,60.94
2050,Ukraine,Groundnut,0.67235,48.707499999999996,0.70685,67.0475
2050,Ukraine,Guava,0.5996,43.09,0.704425,59.519999999999996
2050,Ukraine,Lentil,0.6023499999999999,46.855,0.707625,62.7875
2050,Ukraine,Maize,0.617475,41.707499999999996,0.6627,61.6825
2050,Ukraine,Mango,0.574175,41.805,0.629625,57.4675
2050,Ukraine,Millet,0.62185,41.599999999999994,0.700325,57.714999999999996
2050,Ukraine,Mung Bean,0.535175,39.0975,0.60605,57.0125
2050,Ukraine,Okra,0.49355,37.4675,0.5605,53.75
2050,Ukraine,Onion,0.5763,39.5325,0.59285,55.515
2050,Ukraine,Pea,0.552075,40.1725,0.62355,56.5375
2050,Ukraine,Pomegranate,0.554225,39.705,0.605025,56.345
2050,Ukraine,Potato,0.5694,39.6225,0.6053,57.6
2050,Ukraine,Rice,0.587525,40.945,0.68445,55.254999999999995
2050,Ukraine,Sorghum,0.61765,43.02,0.71955,59.335
2050,Ukraine,Soybean,0.53835,39.1325,0.581075,55.307500000000005
2050,Ukraine,Sugarcane,0.61735,39.9575,0.6951,57.865
2050,Ukraine,Sunflower,0.65415,47.235,0.706475,64.065
2050,Ukraine,Tea,0.55335,39.7325,0.582075,56.14
2050,Ukraine,Tomato,0.628325,43.15,0.7085,59.3275
2050,Ukraine,Wheat,0.602625,44.865,0.6819,63.21
2050,Vietnam,Apple,0.506775,37.59,0.5793,51.667500000000004
2050,Vietnam,Banana,0.6936,46.677499999999995,0.780925,62.2875
2050,Vietnam,Barley,0.63405,44.235,0.707675,58.5925
2050,Vietnam,Cabbage,0.6157,44.995000000000005,0.6965749999999999,60.042500000000004
2050,Vietnam,Canola,0.582925,40.6975,0.6910499999999999,57.305
2050,Vietnam,Carrot,0.610225,44.975,0.663675,59.4
2050,Vietnam,Cauliflower,0.598925,40.785,0.69525,55.97
2050,Vietnam,Chickpea,0.69135,52.8375,0.7989499999999999,68.955
2050,Vietnam,Chili,0.754075,51.557500000000005,0.799325,68.18
2050,Vietnam,Citrus,0.6593,48.055,0.74525,64.815
2050,Vietnam,Cocoa,0.674025,44.9825,0.770325,60.34
2050,Vietnam,Coffee,0.60145,39.4975,0.6597999999999999,54.3825
2050,Vietnam,Cotton,0.6275,43.72,0.71585,61.15
2050,Vietnam,Cucumber,0.70425,48.6275,0.7631249999999999,64.3725
2050,Vietnam,Eggplant,0.5956,41.769999999999996,0.658025,57.105
2050,Vietnam,Garlic,0.5706,36.705,0.65055,53.0525
2050,Vietnam,Grapes,0.6673,45.0775,0.726075,63.47
2050,Vietnam,Groundnut,0.568075,40.545,0.64495,55.1325
2050,Vietnam,Guava,0.5445,37.699999999999996,0.63325,54.3775
2050,Vietnam,Lentil,0.523775,35.9125,0.617325,49.0175
2050,Vietnam,Maize,0.6435,42.8425,0.70285,58.235
2050,Vietnam,Mango,0.523825,39.985,0.588675,52.1075
2050,Vietnam,Millet,0.621575,41.1975,0.646725,59.0
2050,Vietnam,Mung Bean,0.594025,39.935,0.617225,56.9825
2050,Vietnam,Okra,0.566525,41.885,0.6352,58.345
2050,Vietnam,Onion,0.52815,37.26,0.6154,51.2775
2050,Vietnam,Pea,0.614575,44.9075,0.6764,59.269999999999996
2050,Vietnam,Pomegranate,0.52875,37.2775,0.62325,55.14
2050,Vietnam,Potato,0.618375,38.769999999999996,0.689275,54.5975
2050,Vietnam,Rice,0.600575,39.8425,0.6701,57.67
2050,Vietnam,Sorghum,0.585075,44.12,0.6754249999999999,56.3525
2050,Vietnam,Soybean,0.64815,45.7,0.721625,61.815
2050,Vietnam,Sugarcane,0.67545,50.205,0.77285,67.16
2050,Vietnam,Sunflower,0.660325,42.7725,0.71625,60.275
2050,Vietnam,Tea,0.6672750000000001,44.96,0.7538,61.41
2050,Vietnam,Tomato,0.55315,38.875,0.588075,53.144999999999996
2050,Vietnam,Wheat,0.6539,43.935,0.76125,62.2375
2100,Argentina,Apple,0.56505,35.97,0.6783750000000001,54.550000000000004
2100,Argentina,Banana,0.646675,41.0525,0.727325,55.917500000000004
2100,Argentina,Barley,0.5751000000000001,37.962500000000006,0.643775,54.375
2100,Argentina,Cabbage,0.647,41.7375,0.725325,58.504999999999995
2100,Argentina,Canola,0.488075,33.375,0.560425,49.8625
2100,Argentina,Carrot,0.507025,34.1825,0.6177,49.9225
2100,Argentina,Cauliflower,0.52405,36.1025,0.609,52.4925
2100,Argentina,Chickpea,0.700775,52.0425,0.7718,71.4325
2100,Argentina,Chili,0.523425,34.3075,0.60025,52.457499999999996
2100,Argentina,Citrus,0.552,35.47,0.606,54.0575
2100,Argentina,Cocoa,0.64175,45.39,0.7472749999999999,66.26
2100,Argentina,Coffee,0.530625,33.5,0.6616,51.0475
2100,Argentina,Cotton,0.5754,41.405,0.6300250000000001,56.125
2100,Argentina,Cucumber,0.6017,43.455,0.729875,58.585
2100,Argentina,Eggplant,0.6146499999999999,44.2125,0.6625,61.3425
2100,Argentina,Garlic,0.560175,43.2025,0.67165,60.06
2100,Argentina,Grapes,0.50605,37.535,0.6043000000000001,53.7125
2100,Argentina,Groundnut,0.594225,36.37,0.73105,51.3575
2100,Argentina,Guava,0.6127,40.2925,0.735225,57.72
2100,Argentina,Lentil,0.591775,43.0725,0.64485,58.54
2100,Argentina,Maize,0.61325,41.76,0.687175,57.400000000000006
2100,Argentina,Mango,0.56475,39.475,0.6577999999999999,57.9125
2100,Argentina,Millet,0.479475,33.4075,0.5644,50.7725
2100,Argentina,Mung Bean,0.577725,41.03,0.683225,56.535000000000004
2100,Argentina,Okra,0.586325,43.48,0.686225,60.692499999999995
2100,Argentina,Onion,0.6086499999999999,37.7,0.6997249999999999,57.0925
2100,Argentina,Pea,0.616575,41.545,0.71085,57.52
2100,Argentina,Pomegranate,0.639975,49.03,0.72485,66.96000000000001
2100,Argentina,Potato,0.5442,35.1625,0.604925,54.0675
2100,Argentina,Rice,0.4846,34.1475,0.562225,48.34
2100,Argentina,Sorghum,0.54635,38.1225,0.6619,54.45
2100,Argentina,Soybean,0.5877,41.1825,0.684775,58.730000000000004
2100,Argentina,Sugarcane,0.631225,45.3875,0.7701,63.9125
2100,Argentina,Sunflower,0.622025,45.5825,0.7188749999999999,62.144999999999996
2100,Argentina,Tea,0.551925,40.53,0.6815,58.932500000000005
2100,Argentina,Tomato,0.607275,43.36,0.715175,60.2975
2100,Argentina,Wheat,0.5173,36.0025,0.54085,50.035
2100,Australia,Apple,0.51185,42.29,0.6175,61.81
2100,Australia,Banana,0.624475,43.855000000000004,0.757675,65.2425
2100,Australia,Barley,0.507725,36.485,0.632675,56.65
2100,Australia,Cabbage,0.644525,46.165,0.72845,66.4075
2100,Australia,Canola,0.602775,42.585,0.6683749999999999,61.1825
2100,Australia,Carrot,0.6367,43.79,0.7673,64.1975
2100,Australia,Cauliflower,0.660725,46.2575,0.70145,66.64
2100,Australia,Chickpea,0.6274,46.905,0.6975,63.815
2100,Australia,Chili,0.521975,37.48,0.620975,56.0975
2100,Australia,Citrus,0.6355999999999999,44.635,0.6954750000000001,65.695
2100,Australia,Cocoa,0.6714249999999999,50.055,0.73185,68.39750000000001
2100,Australia,Coffee,0.574425,39.99,0.689025,58.1
2100,Australia,Cotton,0.663575,47.8825,0.7464999999999999,66.8825
2100,Australia,Cucumber,0.688975,52.4375,0.789825,70.39
2100,Australia,Eggplant,0.515575,37.845,0.5938749999999999,57.6175
2100,Australia,Garlic,0.55325,41.9775,0.644725,59.07
2100,Australia,Grapes,0.473875,35.205,0.547025,54.730000000000004
2100,Australia,Groundnut,0.647375,47.6625,0.751075,65.98
2100,Australia,Guava,0.55925,44.14,0.654625,62.335
2100,Australia,Lentil,0.556325,41.38,0.692325,60.9225
2100,Australia,Maize,0.485375,35.1725,0.552,54.605000000000004
2100,Australia,Mango,0.56935,37.61,0.659875,55.3025
2100,Australia,Millet,0.5897749999999999,43.4125,0.673125,61.4525
2100,Australia,Mung Bean,0.59395,41.2825,0.696525,61.215
2100,Australia,Okra,0.5887,40.13,0.656175,58.042500000000004
2100,Australia,Onion,0.5597000000000001,39.5025,0.6373500000000001,59.285
2100,Australia,Pea,0.5836749999999999,36.265,0.678175,53.6125
2100,Australia,Pomegranate,0.5706,39.39,0.69555,58.6925
2100,Australia,Potato,0.54295,43.980000000000004,0.664875,62.1475
2100,Australia,Rice,0.6205,42.35,0.701175,61.082499999999996
2100,Australia,Sorghum,0.543625,43.425,0.61455,59.96
2100,Australia,Soybean,0.62485,42.415,0.7167749999999999,60.7325
2100,Australia,Sugarcane,0.5829,40.7675,0.6730499999999999,59.8875
2100,Australia,Sunflower,0.616525,45.5075,0.723275,64.08
2100,Australia,Tea,0.502175,36.82,0.594575,54.455
2100,Australia,Tomato,0.63955,45.1125,0.735375,65.965
2100,Australia,Wheat,0.50985,40.38,0.589025,60.415
2100,Bangladesh,Apple,0.5323249999999999,37.655,0.649025,49.945
2100,Bangladesh,Banana,0.6581250000000001,42.6625,0.760775,59.1475
2100,Bangladesh,Barley,0.49272499999999997,33.940000000000005,0.6141,48.845
2100,Bangladesh,Cabbage,0.6206,40.6275,0.72,56.345
2100,Bangladesh,Canola,0.64595,45.082499999999996,0.7524,62.45
2100,Bangladesh,Carrot,0.64445,43.445,0.7298250000000001,60.5
2100,Bangladesh,Cauliflower,0.625175,44.36,0.7314,60.7
2100,Bangladesh,Chickpea,0.67955,47.2375,0.781875,64.055
2100,Bangladesh,Chili,0.671025,48.1975,0.771675,64.5175
2100,Bangladesh,Citrus,0.6528,41.6925,0.789975,57.705
2100,Bangladesh,Cocoa,0.609425,43.417500000000004,0.67845,61.0625
2100,Bangladesh,Coffee,0.601225,41.879999999999995,0.714,58.89
2100,Bangladesh,Cotton,0.664275,47.447500000000005,0.784225,63.985
2100,Bangladesh,Cucumber,0.515775,36.3275,0.6200749999999999,51.4625
2100,Bangladesh,Eggplant,0.583975,40.4525,0.6980500000000001,56.495
2100,Bangladesh,Garlic,0.6369750000000001,41.115,0.74245,58.025
2100,Bangladesh,Grapes,0.6421250000000001,44.1275,0.728825,59.385
2100,Bangladesh,Groundnut,0.649325,49.667500000000004,0.745475,66.375
2100,Bangladesh,Guava,0.63765,42.2,0.763525,58.480000000000004
2100,Bangladesh,Lentil,0.53155,37.93,0.6396,53.87
2100,Bangladesh,Maize,0.53955,39.2875,0.6225,57.58
2100,Bangladesh,Mango,0.577725,43.965,0.680975,58.8675
2100,Bangladesh,Millet,0.70065,47.245,0.781075,65.205
2100,Bangladesh,Mung Bean,0.5959,43.22,0.696875,59.2825
2100,Bangladesh,Okra,0.5660499999999999,42.067499999999995,0.6756,57.77
2100,Bangladesh,Onion,0.547375,40.042500000000004,0.703825,56.8725
2100,Bangladesh,Pea,0.61685,42.97,0.709275,58.1775
2100,Bangladesh,Pomegranate,0.588975,41.57,0.6729,58.06
2100,Bangladesh,Potato,0.625575,41.675,0.7190000000000001,57.555
2100,Bangladesh,Rice,0.647475,47.0525,0.7638750000000001,61.8475
2100,Bangladesh,Sorghum,0.672075,47.45,0.748475,64.6625
2100,Bangladesh,Soybean,0.74215,52.1425,0.840475,67.53
2100,Bangladesh,Sugarcane,0.6422749999999999,45.5575,0.73215,63.3475
2100,Bangladesh,Sunflower,0.554,37.485,0.66505,52.1875
2100,Bangladesh,Tea,0.60285,47.1625,0.745925,63.3875
2100,Bangladesh,Tomato,0.6519,46.8875,0.7167250000000001,64.435
2100,Bangladesh,Wheat,0.619025,40.72,0.712775,56.5175
2100,Brazil,Apple,0.6727,48.655,0.7901,66.6725
2100,Brazil,Banana,0.615625,42.6625,0.747325,59.1375
2100,Brazil,Barley,0.616475,45.1825,0.70845,59.5025
2100,Brazil,Cabbage,0.6043000000000001,43.745000000000005,0.7136,59.8725
2100,Brazil,Canola,0.6043499999999999,42.99,0.69255,60.55
2100,Brazil,Carrot,0.696325,50.4075,0.8114250000000001,70.065
2100,Brazil,Cauliflower,0.587925,43.265,0.7101500000000001,60.262499999999996
2100,Brazil,Chickpea,0.598125,47.0375,0.68045,62.75
2100,Brazil,Chili,0.5676749999999999,36.3875,0.660425,56.31
2100,Brazil,Citrus,0.63725,45.99,0.7358,60.807500000000005
2100,Brazil,Cocoa,0.5527,39.7275,0.661375,57.0375
2100,Brazil,Coffee,0.63535,42.832499999999996,0.704175,60.0125
2100,Brazil,Cotton,0.6533,46.8725,0.759325,65.91
2100,Brazil,Cucumber,0.6163,44.11,0.719225,62.47
2100,Brazil,Eggplant,0.570025,38.4425,0.6844250000000001,54.995
2100,Brazil,Garlic,0.638525,47.2875,0.714625,65.235
2100,Brazil,Grapes,0.58245,43.795,0.64405,61.082499999999996
2100,Brazil,Groundnut,0.62475,49.015,0.65855,62.980000000000004
2100,Brazil,Guava,0.676475,41.837500000000006,0.740275,62.745000000000005
2100,Brazil,Lentil,0.64705,46.705,0.7782,64.4425
2100,Brazil,Maize,0.62365,45.4775,0.74725,61.197500000000005
2100,Brazil,Mango,0.545725,45.4425,0.6099,62.5725
2100,Brazil,Millet,0.684525,47.6325,0.76405,63.29
2100,Brazil,Mung Bean,0.586975,42.2975,0.723,59.457499999999996
2100,Brazil,Okra,0.609225,42.2275,0.705325,59.895
2100,Brazil,Onion,0.55175,39.2425,0.626175,56.595
2100,Brazil,Pea,0.564975,44.4975,0.636325,60.59
2100,Brazil,Pomegranate,0.724425,46.8025,0.8479,67.55250000000001
2100,Brazil,Potato,0.65625,41.345,0.8019499999999999,59.0975
2100,Brazil,Rice,0.63235,45.597500000000004,0.782925,61.807500000000005
2100,Brazil,Sorghum,0.53635,39.4625,0.603575,54.6575
2100,Brazil,Soybean,0.644075,43.2475,0.77125,61.795
2100,Brazil,Sugarcane,0.5972,38.8875,0.63615,58.0125
2100,Brazil,Sunflower,0.596725,39.92,0.6760999999999999,55.9675
2100,Brazil,Tea,0.53145,43.035,0.61525,61.355
2100,Brazil,Tomato,0.6012500000000001,39.885,0.676725,56.807500000000005
2100,Brazil,Wheat,0.555575,39.96,0.62415,57.5625
2100,Canada,Apple,0.56375,40.6375,0.68855,54.777499999999996
2100,Canada,Banana,0.5243749999999999,31.9775,0.59265,48.01
2100,Canada,Barley,0.530025,38.7475,0.65435,54.1675
2100,Canada,Cabbage,0.5162,36.7975,0.580875,52.32
2100,Canada,Canola,0.53985,40.5125,0.606625,56.8875
2100,Canada,Carrot,0.4963,35.8125,0.552975,52.722500000000004
2100,Canada,Cauliflower,0.5680999999999999,36.879999999999995,0.6563749999999999,51.89
2100,Canada,Chickpea,0.589125,47.2825,0.6779999999999999,62.4075
2100,Canada,Chili,0.5464,36.76,0.65835,51.677499999999995
2100,Canada,Citrus,0.5633,38.71,0.6666000000000001,54.7675
2100,Canada,Cocoa,0.544225,34.879999999999995,0.6107750000000001,50.2575
2100,Canada,Coffee,0.6381,42.3975,0.73115,57.2975
2100,Canada,Cotton,0.562,44.6075,0.6385000000000001,58.675
2100,Canada,Cucumber,0.560175,40.0675,0.641875,56.527499999999996
2100,Canada,Eggplant,0.5837,42.3875,0.672075,59.519999999999996
2100,Canada,Garlic,0.6032,42.365,0.7013,60.04
2100,Canada,Grapes,0.508025,37.07,0.63525,51.33
2100,Canada,Groundnut,0.48519999999999996,34.6625,0.5734,48.4125
2100,Canada,Guava,0.590725,41.375,0.670825,56.3475
2100,Canada,Lentil,0.53,39.1,0.62285,53.802499999999995
2100,Canada,Maize,0.51665,35.4375,0.594025,52.3575
2100,Canada,Mango,0.6209,48.26,0.728425,63.325
2100,Canada,Millet,0.6316,44.542500000000004,0.759425,62.0975
2100,Canada,Mung Bean,0.6342,43.61,0.71565,62.0975
2100,Canada,Okra,0.59915,43.105000000000004,0.686975,59.235
2100,Canada,Onion,0.555775,38.682500000000005,0.60215,56.655
2100,Canada,Pea,0.48667499999999997,38.195,0.590225,54.09
2100,Canada,Pomegranate,0.56315,38.11,0.6316999999999999,53.99
2100,Canada,Potato,0.565325,42.2975,0.633,59.565
2100,Canada,Rice,0.5757749999999999,39.5025,0.6395500000000001,55.4375
2100,Canada,Sorghum,0.585075,42.2975,0.6711,57.5325
2100,Canada,Soybean,0.594175,42.55,0.690975,57.585
2100,Canada,Sugarcane,0.520875,31.294999999999998,0.59295,46.2175
2100,Canada,Sunflower,0.537625,36.27,0.664775,49.1525
2100,Canada,Tea,0.497425,34.0775,0.574225,48.9425
2100,Canada,Tomato,0.58685,36.2975,0.6974750000000001,54.465
2100,Canada,Wheat,0.61925,42.675,0.6717500000000001,59.427499999999995
2100,China,Apple,0.468475,32.54,0.5488999999999999,50.6775
2100,China,Banana,0.61475,40.072500000000005,0.7283999999999999,55.7975
2100,China,Barley,0.5139,37.56,0.605425,53.9275
2100,China,Cabbage,0.601,41.5775,0.67655,56.37
2100,China,Canola,0.641375,48.7725,0.74795,67.0
2100,China,Carrot,0.5560499999999999,39.39,0.6299,52.685
2100,China,Cauliflower,0.6241,44.625,0.69825,61.9675
2100,China,Chickpea,0.57965,42.2075,0.686475,58.849999999999994
2100,China,Chili,0.6190249999999999,41.7575,0.755425,57.504999999999995
2100,China,Citrus,0.53535,37.965,0.6207,51.39
2100,China,Cocoa,0.543925,38.54,0.64885,54.845
2100,China,Coffee,0.62515,43.255,0.734,60.3525
2100,China,Cotton,0.54105,37.9975,0.61805,55.3025
2100,China,Cucumber,0.5675,41.54,0.663925,58.2275
2100,China,Eggplant,0.5503,39.275,0.596025,55.067499999999995
2100,China,Garlic,0.61355,49.1725,0.702925,64.47999999999999
2100,China,Grapes,0.641475,47.4325,0.75525,64.8375
2100,China,Groundnut,0.6316499999999999,47.6025,0.7261,65.5775
2100,China,Guava,0.5244,38.7725,0.624475,54.415
2100,China,Lentil,0.59515,41.75,0.7288250000000001,59.365
2100,China,Maize,0.511825,32.8825,0.635525,49.4375
2100,China,Mango,0.5753,40.86,0.6752750000000001,56.3225
2100,China,Millet,0.51895,38.955,0.61475,55.67
2100,China,Mung Bean,0.5661,40.4775,0.6496,56.379999999999995
2100,China,Okra,0.5012,36.9025,0.6098750000000001,53.69500000000001
2100,China,Onion,0.606675,44.8075,0.717725,62.745000000000005
2100,China,Pea,0.5433,38.839999999999996,0.6516,54.76
2100,China,Pomegranate,0.564625,38.0875,0.651025,53.5625
2100,China,Potato,0.6909000000000001,49.9175,0.800625,67.6075
2100,China,Rice,0.593625,47.975,0.67235,60.845
2100,China,Sorghum,0.5502,40.125,0.608275,54.035000000000004
2100,China,Soybean,0.59125,44.805,0.689025,59.9625
2100,China,Sugarcane,0.546825,36.4875,0.631475,53.5925
2100,China,Sunflower,0.5569500000000001,44.9725,0.638675,61.045
2100,China,Tea,0.6199250000000001,39.24,0.778475,57.2975
2100,China,Tomato,0.5682499999999999,40.2125,0.6049,59.435
2100,China,Wheat,0.58705,42.8875,0.678825,60.775
2100,Colombia,Apple,0.6075,41.795,0.726675,58.44
2100,Colombia,Banana,0.5555,39.28,0.6652750000000001,58.4
2100,Colombia,Barley,0.6749,48.185,0.811225,62.9825
2100,Colombia,Cabbage,0.632125,41.59,0.6968,59.84
2100,Colombia,Canola,0.65745,45.45,0.75265,63.552499999999995
2100,Colombia,Carrot,0.6513,48.7825,0.745175,65.745
2100,Colombia,Cauliflower,0.6018249999999999,42.34,0.71405,63.272499999999994
2100,Colombia,Chickpea,0.6746,44.317499999999995,0.76315,61.6175
2100,Colombia,Chili,0.529475,41.7075,0.646775,59.1375
2100,Colombia,Citrus,0.63645,41.9525,0.7722249999999999,59.5675
2100,Colombia,Cocoa,0.65605,46.455,0.766075,64.7625
2100,Colombia,Coffee,0.71065,53.53,0.77925,74.51
2100,Colombia,Cotton,0.7088,48.66,0.750925,65.7025
2100,Colombia,Cucumber,0.57135,42.1225,0.6856,60.8875
2100,Colombia,Eggplant,0.554975,41.692499999999995,0.6621250000000001,61.160000000000004
2100,Colombia,Garlic,0.628725,44.332499999999996,0.7236,61.2825
2100,Colombia,Grapes,0.612125,43.69,0.7434,60.715
2100,Colombia,Groundnut,0.6456500000000001,46.1625,0.711625,64.66499999999999
2100,Colombia,Guava,0.6119749999999999,44.7,0.714125,60.0675
2100,Colombia,Lentil,0.564925,37.8125,0.635875,55.160000000000004
2100,Colombia,Maize,0.5474,38.075,0.650075,54.5725
2100,Colombia,Mango,0.649775,44.5375,0.69875,61.3425
2100,Colombia,Millet,0.5467,43.19,0.5784,60.1025
2100,Colombia,Mung Bean,0.575,38.655,0.7018,56.255
2100,Colombia,Okra,0.5672,44.2275,0.65835,60.5125
2100,Colombia,Onion,0.6141,45.3075,0.72865,63.83
2100,Colombia,Pea,0.638225,45.8525,0.7842,63.962500000000006
2100,Colombia,Pomegranate,0.685725,45.557500000000005,0.76065,64.39750000000001
2100,Colombia,Potato,0.647525,45.9125,0.75545,63.405
2100,Colombia,Rice,0.627075,45.345,0.703125,63.2825
2100,Colombia,Sorghum,0.595,40.165,0.7088,55.6875
2100,Colombia,Soybean,0.634275,44.379999999999995,0.765675,62.5475
2100,Colombia,Sugarcane,0.6354,43.56,0.713825,59.61
2100,Colombia,Sunflower,0.6804250000000001,49.5775,0.775425,65.875
2100,Colombia,Tea,0.5949249999999999,39.542500000000004,0.694975,56.71
2100,Colombia,Tomato,0.624575,43.5075,0.685575,62.074999999999996
2100,Colombia,Wheat,0.6638,43.51,0.752175,62.01
2100,Egypt,Apple,0.5724,44.0875,0.6824749999999999,63.235
2100,Egypt,Banana,0.662425,45.09,0.775525,65.6925
2100,Egypt,Barley,0.548275,44.3975,0.61385,63.2025
2100,Egypt,Cabbage,0.591075,44.4875,0.690025,65.285
2100,Egypt,Canola,0.523875,39.5325,0.606725,58.4475
2100,Egypt,Carrot,0.551375,36.755,0.612175,54.4275
2100,Egypt,Cauliflower,0.539375,44.795,0.64025,63.635
2100,Egypt,Chickpea,0.6184000000000001,47.1225,0.7746500000000001,65.20750000000001
2100,Egypt,Chili,0.497025,35.1975,0.5982000000000001,53.075
2100,Egypt,Citrus,0.59245,42.8725,0.665175,63.1775
2100,Egypt,Cocoa,0.4703,36.245,0.549,52.78
2100,Egypt,Coffee,0.6098,43.265,0.718575,64.85
2100,Egypt,Cotton,0.62105,44.03,0.74415,60.57
2100,Egypt,Cucumber,0.605275,43.582499999999996,0.7072,63.0425
2100,Egypt,Eggplant,0.587025,45.3,0.7026,65.01
2100,Egypt,Garlic,0.5669500000000001,43.5025,0.6386499999999999,63.345
2100,Egypt,Grapes,0.5493750000000001,41.7425,0.64185,59.5125
2100,Egypt,Groundnut,0.57085,45.1875,0.662075,64.3775
2100,Egypt,Guava,0.530275,37.4825,0.663875,55.485
2100,Egypt,Lentil,0.556175,39.432500000000005,0.595225,58.5825
2100,Egypt,Maize,0.50885,33.205,0.584225,54.775
2100,Egypt,Mango,0.580375,44.379999999999995,0.69425,64.2575
2100,Egypt,Millet,0.62675,43.43,0.7144,63.849999999999994
2100,Egypt,Mung Bean,0.580025,45.89,0.647075,62.8725
2100,Egypt,Okra,0.5553,40.1125,0.68005,58.5475
2100,Egypt,Onion,0.499775,36.4425,0.59075,57.0125
2100,Egypt,Pea,0.6446999999999999,46.3625,0.73695,66.93
2100,Egypt,Pomegranate,0.56925,40.29,0.73395,58.637499999999996
2100,Egypt,Potato,0.55495,41.462500000000006,0.646725,58.985
2100,Egypt,Rice,0.620075,41.04,0.7315499999999999,61.917500000000004
2100,Egypt,Sorghum,0.48995,37.125,0.584225,55.894999999999996
2100,Egypt,Soybean,0.510475,38.6375,0.628325,56.33
2100,Egypt,Sugarcane,0.514275,38.6225,0.620975,57.262499999999996
2100,Egypt,Sunflower,0.5957250000000001,43.89,0.67305,64.51
2100,Egypt,Tea,0.61205,40.8025,0.698,61.2075
2100,Egypt,Tomato,0.586975,44.21,0.645925,63.072500000000005
2100,Egypt,Wheat,0.521575,40.505,0.64925,57.29
2100,Ethiopia,Apple,0.597775,37.44,0.742775,55.7125
2100,Ethiopia,Banana,0.713125,53.435,0.845625,70.475
2100,Ethiopia,Barley,0.6522,44.730000000000004,0.790275,61.5975
2100,Ethiopia,Cabbage,0.57755,44.8675,0.62685,63.31
2100,Ethiopia,Canola,0.5730999999999999,39.18,0.675575,55.835
2100,Ethiopia,Carrot,0.552025,44.0175,0.66405,60.115
2100,Ethiopia,Cauliflower,0.56465,40.725,0.6523,56.2775
2100,Ethiopia,Chickpea,0.551625,43.2375,0.655475,60.51
2100,Ethiopia,Chili,0.5693250000000001,44.2,0.686875,58.6025
2100,Ethiopia,Citrus,0.5903499999999999,40.2275,0.663625,56.4475
2100,Ethiopia,Cocoa,0.7248749999999999,52.6025,0.8242,71.9625
2100,Ethiopia,Coffee,0.57525,43.1175,0.7086749999999999,60.1675
2100,Ethiopia,Cotton,0.577075,42.65,0.6828,58.9325
2100,Ethiopia,Cucumber,0.5800000000000001,41.739999999999995,0.61625,60.6775
2100,Ethiopia,Eggplant,0.624975,43.067499999999995,0.71325,58.825
2100,Ethiopia,Garlic,0.6441,45.4775,0.72565,63.8
2100,Ethiopia,Grapes,0.6426499999999999,45.43,0.752225,63.082499999999996
2100,Ethiopia,Groundnut,0.5938,44.025,0.692075,62.5925
2100,Ethiopia,Guava,0.6628999999999999,50.12,0.7717,68.3825
2100,Ethiopia,Lentil,0.6241,48.6775,0.722475,67.2725
2100,Ethiopia,Maize,0.670775,45.41,0.75295,63.644999999999996
2100,Ethiopia,Mango,0.638425,43.4575,0.7756,61.0625
2100,Ethiopia,Millet,0.53425,37.565,0.632375,56.995
2100,Ethiopia,Mung Bean,0.62365,44.605000000000004,0.7255499999999999,62.847500000000004
2100,Ethiopia,Okra,0.58595,43.4,0.6975750000000001,60.0825
2100,Ethiopia,Onion,0.594725,42.34,0.717675,60.61
2100,Ethiopia,Pea,0.5672,40.59,0.643925,54.835
2100,Ethiopia,Pomegranate,0.52955,39.985,0.643825,56.565
2100,Ethiopia,Potato,0.6341749999999999,43.775,0.7161,61.442499999999995
2100,Ethiopia,Rice,0.6349,43.5975,0.677825,63.8875
2100,Ethiopia,Sorghum,0.630475,44.269999999999996,0.744025,62.98500000000001
2100,Ethiopia,Soybean,0.694275,50.1275,0.8289,67.49
2100,Ethiopia,Sugarcane,0.5658,41.285,0.69385,59.435
2100,Ethiopia,Sunflower,0.63405,46.5925,0.761675,65.1675
2100,Ethiopia,Tea,0.553375,38.9475,0.66235,55.655
2100,Ethiopia,Tomato,0.5775,41.042500000000004,0.676025,57.54
2100,Ethiopia,Wheat,0.688925,49.8825,0.786125,66.1825
2100,France,Apple,0.61695,43.1875,0.694025,61.185
2100,France,Banana,0.663175,43.57,0.7901,60.057500000000005
2100,France,Barley,0.625775,43.3375,0.763575,62.0075
2100,France,Cabbage,0.524425,33.214999999999996,0.58125,48.455
2100,France,Canola,0.5924,40.31,0.6855,59.082499999999996
2100,France,Carrot,0.47795,34.1625,0.5797,50.045
2100,France,Cauliflower,0.56215,39.27,0.601175,54.185
2100,France,Chickpea,0.611125,40.855000000000004,0.7318,58.7925
2100,France,Chili,0.5235,37.5625,0.6104499999999999,52.7725
2100,France,Citrus,0.634325,45.3625,0.7347,63.754999999999995
2100,France,Cocoa,0.62205,43.165,0.722125,57.6525
2100,France,Coffee,0.570025,38.1875,0.637675,54.5525
2100,France,Cotton,0.647525,46.9925,0.726975,66.41
2100,France,Cucumber,0.6230249999999999,40.135,0.7041,57.87
2100,France,Eggplant,0.556,43.582499999999996,0.629075,59.1525
2100,France,Garlic,0.568825,38.5725,0.690225,57.44
2100,France,Grapes,0.58515,47.965,0.645475,63.61
2100,France,Groundnut,0.632675,43.76,0.717175,59.4
2100,France,Guava,0.583275,41.730000000000004,0.675725,59.6525
2100,France,Lentil,0.57555,43.5475,0.6317999999999999,59.985
2100,France,Maize,0.549625,37.605,0.62505,54.3175
2100,France,Mango,0.58735,41.88,0.69335,57.275000000000006
2100,France,Millet,0.554575,38.28,0.6062000000000001,55.345
2100,France,Mung Bean,0.52445,35.2,0.58925,52.085
2100,France,Okra,0.532675,35.5,0.65495,52.565000000000005
2100,France,Onion,0.66035,43.7675,0.75905,64.03
2100,France,Pea,0.5499,40.7775,0.66365,56.7375
2100,France,Pomegranate,0.55115,40.735,0.6614,54.17
2100,France,Potato,0.6783,48.4,0.7784249999999999,65.03
2100,France,Rice,0.605225,41.837500000000006,0.71265,61.1425
2100,France,Sorghum,0.553075,39.2575,0.6335500000000001,54.93
2100,France,Soybean,0.5503,38.2875,0.5871,55.9075
2100,France,Sugarcane,0.59125,40.8825,0.641375,58.115
2100,France,Sunflower,0.5468500000000001,41.067499999999995,0.6421,57.652499999999996
2100,France,Tea,0.6393,48.2175,0.7433000000000001,64.5175
2100,France,Tomato,0.632925,42.4825,0.781625,61.1375
2100,France,Wheat,0.54235,37.945,0.61455,52.49
2100,Germany,Apple,0.6007750000000001,41.4225,0.7,59.58
2100,Germany,Banana,0.608725,45.375,0.678025,63.400000000000006
2100,Germany,Barley,0.519525,40.035,0.61185,55.1575
2100,Germany,Cabbage,0.5758000000000001,40.8,0.7254,57.075
2100,Germany,Canola,0.5796250000000001,42.5175,0.667875,58.4075
2100,Germany,Carrot,0.59045,41.075,0.6852,57.495
2100,Germany,Cauliflower,0.68435,48.85,0.7783,64.485
2100,Germany,Chickpea,0.576225,40.7025,0.6097250000000001,55.83
2100,Germany,Chili,0.623425,41.775,0.7352,58.9025
2100,Germany,Citrus,0.55295,40.3775,0.668075,58.5425
2100,Germany,Cocoa,0.6036,45.025,0.67875,62.34
2100,Germany,Coffee,0.542575,36.005,0.6501,48.8725
2100,Germany,Cotton,0.660625,44.18,0.718175,62.0475
2100,Germany,Cucumber,0.639175,47.7275,0.7476,64.4125
2100,Germany,Eggplant,0.529825,36.2675,0.604825,52.525
2100,Germany,Garlic,0.527625,38.475,0.5947,54.005
2100,Germany,Grapes,0.6115,42.74,0.70195,59.1125
2100,Germany,Groundnut,0.6016,42.207499999999996,0.712875,59.42
2100,Germany,Guava,0.570775,37.9025,0.617025,56.49
2100,Germany,Lentil,0.648175,39.32,0.7317,55.8475
2100,Germany,Maize,0.5446,35.7,0.63125,51.735
2100,Germany,Mango,0.61795,43.11,0.7181,62.349999999999994
2100,Germany,Millet,0.529425,39.682500000000005,0.6375,52.485
2100,Germany,Mung Bean,0.4485,32.1025,0.5000249999999999,46.935
2100,Germany,Okra,0.558475,37.25,0.662625,54.11
2100,Germany,Onion,0.514625,36.2025,0.5621,53.65
2100,Germany,Pea,0.511025,38.682500000000005,0.636075,56.9625
2100,Germany,Pomegranate,0.552675,39.905,0.6388750000000001,55.8925
2100,Germany,Potato,0.54385,38.06,0.6357999999999999,55.91
2100,Germany,Rice,0.561375,41.6775,0.673575,57.295
2100,Germany,Sorghum,0.58195,40.9375,0.6348,60.5925
2100,Germany,Soybean,0.631525,44.05,0.729325,62.8825
2100,Germany,Sugarcane,0.654425,46.12,0.78775,65.065
2100,Germany,Sunflower,0.63295,44.61,0.69025,63.7775
2100,Germany,Tea,0.510675,37.3025,0.5926,54.1725
2100,Germany,Tomato,0.5669,38.2025,0.71175,57.0125
2100,Germany,Wheat,0.59185,37.7375,0.719175,55.29
2100,Ghana,Apple,0.629325,41.805,0.7104250000000001,57.6575
2100,Ghana,Banana,0.67015,43.235,0.764425,61.582499999999996
2100,Ghana,Barley,0.641425,44.335,0.71665,60.7025
2100,Ghana,Cabbage,0.6372,39.902499999999996,0.7422500000000001,57.7775
2100,Ghana,Canola,0.5448500000000001,36.3925,0.69505,52.485
2100,Ghana,Carrot,0.6372,45.5625,0.7117749999999999,63.4225
2100,Ghana,Cauliflower,0.64035,41.74,0.71205,61.322500000000005
2100,Ghana,Chickpea,0.629625,44.82,0.735925,58.6275
2100,Ghana,Chili,0.64425,43.7525,0.734725,63.135
2100,Ghana,Citrus,0.6878500000000001,48.935,0.819025,65.35
2100,Ghana,Cocoa,0.49425,36.6525,0.517675,56.17
2100,Ghana,Coffee,0.63495,41.7825,0.783,58.85
2100,Ghana,Cotton,0.6354,46.335,0.7238,63.730000000000004
2100,Ghana,Cucumber,0.573675,42.7175,0.690275,60.205
2100,Ghana,Eggplant,0.611725,44.07,0.6819500000000001,60.8925
2100,Ghana,Garlic,0.6216999999999999,41.6225,0.7240500000000001,60.3525
2100,Ghana,Grapes,0.551025,38.14,0.647975,55.227500000000006
2100,Ghana,Groundnut,0.64755,44.945,0.74135,60.6
2100,Ghana,Guava,0.5908249999999999,41.6725,0.7290749999999999,59.3425
2100,Ghana,Lentil,0.602275,45.19,0.730275,61.957499999999996
2100,Ghana,Maize,0.599275,43.1375,0.7082999999999999,60.5875
2100,Ghana,Mango,0.6506,46.6725,0.7595,63.8725
2100,Ghana,Millet,0.577225,40.69,0.689825,58.4525
2100,Ghana,Mung Bean,0.69735,48.46,0.840225,67.045
2100,Ghana,Okra,0.613575,45.3975,0.7178,65.06
2100,Ghana,Onion,0.597525,40.7675,0.6577500000000001,61.7975
2100,Ghana,Pea,0.594275,40.0675,0.693675,57.35
2100,Ghana,Pomegranate,0.6313,43.83,0.710475,60.7575
2100,Ghana,Potato,0.556525,40.55,0.66365,56.555
2100,Ghana,Rice,0.6954750000000001,48.56,0.815325,67.1075
2100,Ghana,Sorghum,0.626525,44.905,0.7127,62.1275
2100,Ghana,Soybean,0.6557,49.16,0.74285,67.5725
2100,Ghana,Sugarcane,0.62305,42.0225,0.7092499999999999,61.04
2100,Ghana,Sunflower,0.604375,43.295,0.7058,61.03
2100,Ghana,Tea,0.617075,45.707499999999996,0.73515,60.7
2100,Ghana,Tomato,0.69795,48.9075,0.824525,69.425
2100,Ghana,Wheat,0.65115,47.504999999999995,0.7711250000000001,60.88
2100,India,Apple,0.62635,43.98,0.7462249999999999,59.3725
2100,India,Banana,0.56655,43.9,0.66815,58.7275
2100,India,Barley,0.6336999999999999,45.8,0.74925,63.442499999999995
2100,India,Cabbage,0.60105,43.425,0.69345,60.545
2100,India,Canola,0.646875,49.205,0.746075,64.5275
2100,India,Carrot,0.61595,42.1325,0.713625,60.1375
2100,India,Cauliflower,0.631375,46.22,0.750225,63.182500000000005
2100,India,Chickpea,0.6015750000000001,39.45,0.76105,56.2575
2100,India,Chili,0.6172,42.9625,0.78685,60.1125
2100,India,Citrus,0.584975,43.4975,0.7036250000000001,63.192499999999995
2100,India,Cocoa,0.5805750000000001,41.55,0.657825,57.7975
2100,India,Coffee,0.608975,47.1375,0.765125,63.655
2100,India,Cotton,0.67325,47.1175,0.817475,65.4375
2100,India,Cucumber,0.624875,40.195,0.731625,60.7125
2100,India,Eggplant,0.6544749999999999,46.7425,0.7585,62.545
2100,India,Garlic,0.568075,37.325,0.67065,55.3825
2100,India,Grapes,0.607,43.2275,0.72185,59.4075
2100,India,Groundnut,0.5958749999999999,38.9825,0.66625,56.1525
2100,India,Guava,0.6391249999999999,46.14,0.7448,65.45
2100,India,Lentil,0.581025,40.587500000000006,0.6859500000000001,61.2325
2100,India,Maize,0.541475,40.2175,0.6176,56.082499999999996
2100,India,Mango,0.60345,44.6475,0.6896249999999999,61.555
2100,India,Millet,0.6223000000000001,45.985,0.7288749999999999,63.875
2100,India,Mung Bean,0.546775,43.3925,0.595475,61.8175
2100,India,Okra,0.60425,39.8475,0.698575,58.335
2100,India,Onion,0.6033000000000001,40.685,0.7242,59.0125
2100,India,Pea,0.6439,46.4175,0.741125,62.79
2100,India,Pomegranate,0.628325,44.537499999999994,0.703225,63.792500000000004
2100,India,Potato,0.6098750000000001,45.515,0.7525000000000001,65.4125
2100,India,Rice,0.6651,46.855000000000004,0.763525,65.9875
2100,India,Sorghum,0.6205499999999999,43.965,0.72775,58.835
2100,India,Soybean,0.648675,43.8125,0.7823,60.4925
2100,India,Sugarcane,0.6917500000000001,49.295,0.775975,66.645
2100,India,Sunflower,0.644075,44.394999999999996,0.782475,59.7175
2100,India,Tea,0.64165,44.635,0.7211,63.44
2100,India,Tomato,0.64665,49.25,0.735825,66.1825
2100,India,Wheat,0.655725,47.9375,0.732625,65.1125
2100,Indonesia,Apple,0.57135,42.76,0.7077,57.894999999999996
2100,Indonesia,Banana,0.750675,51.36,0.828875,67.505
2100,Indonesia,Barley,0.627825,45.87,0.7119,62.7475
2100,Indonesia,Cabbage,0.668825,47.7725,0.78345,64.35
2100,Indonesia,Canola,0.63585,42.51,0.715325,58.5475
2100,Indonesia,Carrot,0.5819000000000001,38.4375,0.69875,54.9125
2100,Indonesia,Cauliflower,0.6129,44.895,0.716275,59.8375
2100,Indonesia,Chickpea,0.6911499999999999,52.535,0.79245,69.165
2100,Indonesia,Chili,0.6252249999999999,42.8675,0.72365,56.845
2100,Indonesia,Citrus,0.7098,47.6875,0.793825,65.2
2100,Indonesia,Cocoa,0.5638,39.255,0.66545,57.2275
2100,Indonesia,Coffee,0.67535,47.555,0.7559750000000001,61.4375
2100,Indonesia,Cotton,0.61275,47.7325,0.729075,64.18
2100,Indonesia,Cucumber,0.5715250000000001,43.58,0.657575,58.02
2100,Indonesia,Eggplant,0.547325,35.29,0.602275,51.1325
2100,Indonesia,Garlic,0.63195,43.8825,0.787,59.9025
2100,Indonesia,Grapes,0.595525,43.265,0.675725,61.1175
2100,Indonesia,Groundnut,0.568675,45.1775,0.6527499999999999,59.035
2100,Indonesia,Guava,0.556225,40.4775,0.6124499999999999,56.7425
2100,Indonesia,Lentil,0.6013,41.605000000000004,0.6985750000000001,54.63
2100,Indonesia,Maize,0.583925,43.0225,0.68035,58.045
2100,Indonesia,Mango,0.6331,46.8125,0.660325,62.519999999999996
2100,Indonesia,Millet,0.606975,40.120000000000005,0.690825,55.4125
2100,Indonesia,Mung Bean,0.611625,37.504999999999995,0.7205,55.6625
2100,Indonesia,Okra,0.6218,42.1775,0.71015,58.2275
2100,Indonesia,Onion,0.6273500000000001,46.065,0.728325,63.5175
2100,Indonesia,Pea,0.6103500000000001,39.305,0.7402,57.585
2100,Indonesia,Pomegranate,0.5431,37.84,0.601725,53.175
2100,Indonesia,Potato,0.6936,48.18,0.82665,64.7475
2100,Indonesia,Rice,0.619825,42.379999999999995,0.688325,58.7475
2100,Indonesia,Sorghum,0.61555,43.3825,0.72375,60.8025
2100,Indonesia,Soybean,0.695775,47.542500000000004,0.8089,65.715
2100,Indonesia,Sugarcane,0.57295,37.2375,0.671825,55.832499999999996
2100,Indonesia,Sunflower,0.53795,36.055,0.5889,53.39
2100,Indonesia,Tea,0.626125,44.167500000000004,0.740875,61.1475
2100,Indonesia,Tomato,0.65575,46.307500000000005,0.7589,63.535
2100,Indonesia,Wheat,0.641225,43.33,0.730175,58.707499999999996
2100,Iran,Apple,0.5134,37.112500000000004,0.59405,54.099999999999994
2100,Iran,Banana,0.585025,43.5075,0.6718500000000001,60.712500000000006
2100,Iran,Barley,0.6367,46.6475,0.745975,64.93249999999999
2100,Iran,Cabbage,0.6547000000000001,45.349999999999994,0.734575,65.83500000000001
2100,Iran,Canola,0.58765,38.230000000000004,0.657125,56.235
2100,Iran,Carrot,0.600325,40.2175,0.666,60.245
2100,Iran,Cauliflower,0.5527,38.48,0.616875,57.7175
2100,Iran,Chickpea,0.598025,42.465,0.71855,60.2125
2100,Iran,Chili,0.501075,37.135,0.57375,53.13
2100,Iran,Citrus,0.626925,45.9025,0.727525,63.8175
2100,Iran,Cocoa,0.6511750000000001,45.947500000000005,0.75495,65.485
2100,Iran,Coffee,0.540475,39.5375,0.6328750000000001,58.865
2100,Iran,Cotton,0.6664749999999999,46.41,0.76815,64.9525
2100,Iran,Cucumber,0.5644,37.85,0.6662250000000001,57.6025
2100,Iran,Eggplant,0.52005,38.78,0.579975,56.8425
2100,Iran,Garlic,0.5108,38.8725,0.6116,58.88
2100,Iran,Grapes,0.5513,42.432500000000005,0.659875,60.7625
2100,Iran,Groundnut,0.5951,42.2625,0.6854750000000001,61.995000000000005
2100,Iran,Guava,0.541125,42.815,0.62185,59.677499999999995
2100,Iran,Lentil,0.469025,32.235,0.582925,50.815
2100,Iran,Maize,0.51625,40.025,0.57525,59.1225
2100,Iran,Mango,0.629025,45.5975,0.7617,64.6075
2100,Iran,Millet,0.545525,38.8375,0.6118750000000001,56.7
2100,Iran,Mung Bean,0.550125,38.9225,0.6668499999999999,57.3825
2100,Iran,Okra,0.545775,38.724999999999994,0.662825,59.4525
2100,Iran,Onion,0.5372250000000001,38.792500000000004,0.609825,56.480000000000004
2100,Iran,Pea,0.5399499999999999,39.67,0.65115,57.522499999999994
2100,Iran,Pomegranate,0.56955,42.3575,0.6396,60.0
2100,Iran,Potato,0.6101,48.4,0.6874,68.635
2100,Iran,Rice,0.66055,45.565,0.750875,65.5925
2100,Iran,Sorghum,0.659275,49.18,0.766825,68.4975
2100,Iran,Soybean,0.6394249999999999,42.8225,0.689375,62.6275
2100,Iran,Sugarcane,0.5266,37.69,0.643125,55.5475
2100,Iran,Sunflower,0.59465,46.0625,0.65715,63.5275
2100,Iran,Tea,0.548575,38.21,0.6622,56.6025
2100,Iran,Tomato,0.590575,42.0075,0.6722250000000001,60.17
2100,Iran,Wheat,0.57525,42.385,0.681325,61.995
2100,Italy,Apple,0.5668,43.33,0.68235,59.715
2100,Italy,Banana,0.6274500000000001,40.6,0.700975,57.135
2100,Italy,Barley,0.637275,47.47,0.758625,66.3175
2100,Italy,Cabbage,0.530075,42.1325,0.645525,58.457499999999996
2100,Italy,Canola,0.5075000000000001,34.2275,0.52795,53.427499999999995
2100,Italy,Carrot,0.515875,38.1175,0.61795,54.01
2100,Italy,Cauliflower,0.572275,39.7475,0.663925,55.0575
2100,Italy,Chickpea,0.7197,49.365,0.81855,67.255
2100,Italy,Chili,0.6187499999999999,43.49,0.7596,58.7075
2100,Italy,Citrus,0.5742,39.245000000000005,0.6463,53.0875
2100,Italy,Cocoa,0.5106999999999999,37.0475,0.6206,52.745
2100,Italy,Coffee,0.65755,43.0675,0.766675,58.96
2100,Italy,Cotton,0.616525,46.225,0.7032499999999999,62.025
2100,Italy,Cucumber,0.614525,42.955,0.71065,59.565
2100,Italy,Eggplant,0.517275,32.769999999999996,0.5584,51.1725
2100,Italy,Garlic,0.5551,37.1825,0.616525,54.305
2100,Italy,Grapes,0.644525,46.144999999999996,0.713325,61.9675
2100,Italy,Groundnut,0.499,38.410000000000004,0.622025,53.9225
2100,Italy,Guava,0.5127,36.9075,0.65925,54.79
2100,Italy,Lentil,0.4849,29.8675,0.61085,46.64
2100,Italy,Maize,0.57775,40.4875,0.687675,56.8025
2100,Italy,Mango,0.600875,44.0575,0.669775,58.072500000000005
2100,Italy,Millet,0.530825,38.0675,0.604,54.355000000000004
2100,Italy,Mung Bean,0.59965,42.9,0.6951,59.2275
2100,Italy,Okra,0.587475,43.8975,0.716275,59.64
2100,Italy,Onion,0.49415,37.69,0.625725,52.825
2100,Italy,Pea,0.61905,41.910000000000004,0.67315,58.485
2100,Italy,Pomegranate,0.543975,38.2825,0.613375,54.667500000000004
2100,Italy,Potato,0.527925,40.1375,0.59475,55.8275
2100,Italy,Rice,0.632575,46.480000000000004,0.747725,66.3625
2100,Italy,Sorghum,0.63965,45.5275,0.7162,62.5325
2100,Italy,Soybean,0.5477,36.3125,0.638425,55.075
2100,Italy,Sugarcane,0.5670999999999999,38.765,0.6225499999999999,57.8625
2100,Italy,Sunflower,0.69445,49.1125,0.787425,66.6325
2100,Italy,Tea,0.561775,40.795,0.6435500000000001,57.11
2100,Italy,Tomato,0.58155,35.69,0.674375,53.66
2100,Italy,Wheat,0.6403,41.005,0.732525,57.095
2100,Kenya,Apple,0.611625,40.185,0.701025,55.17
2100,Kenya,Banana,0.6665249999999999,47.3225,0.78775,65.3
2100,Kenya,Barley,0.651825,45.335,0.7066250000000001,62.75
2100,Kenya,Cabbage,0.6411,47.394999999999996,0.7488250000000001,64.11250000000001
2100,Kenya,Canola,0.637975,44.582499999999996,0.718525,63.3125
2100,Kenya,Carrot,0.5966750000000001,42.315,0.688475,59.4025
2100,Kenya,Cauliflower,0.52595,40.155,0.621225,57.665
2100,Kenya,Chickpea,0.698075,46.41,0.796275,62.245000000000005
2100,Kenya,Chili,0.676675,48.005,0.74575,66.2525
2100,Kenya,Citrus,0.703275,51.095,0.828825,68.495
2100,Kenya,Cocoa,0.625975,44.5925,0.71925,61.74
2100,Kenya,Coffee,0.578425,38.332499999999996,0.67325,57.1575
2100,Kenya,Cotton,0.7258249999999999,48.405,0.82065,65.5125
2100,Kenya,Cucumber,0.628925,48.947500000000005,0.764175,66.42
2100,Kenya,Eggplant,0.620475,46.38,0.7047749999999999,65.83500000000001
2100,Kenya,Garlic,0.5696,39.91,0.667675,56.7225
2100,Kenya,Grapes,0.606875,45.2825,0.677975,61.4475
2100,Kenya,Groundnut,0.6172500000000001,43.58,0.76995,62.667500000000004
2100,Kenya,Guava,0.627275,47.567499999999995,0.7402,65.1175
2100,Kenya,Lentil,0.610475,48.1075,0.7645500000000001,65.435
2100,Kenya,Maize,0.67065,46.995,0.7575000000000001,64.67
2100,Kenya,Mango,0.646675,44.915,0.769875,64.2225
2100,Kenya,Millet,0.677,45.485,0.8035,62.3925
2100,Kenya,Mung Bean,0.659425,47.3075,0.771075,64.5575
2100,Kenya,Okra,0.5448999999999999,41.45,0.60415,60.75
2100,Kenya,Onion,0.58245,42.315,0.665375,60.1375
2100,Kenya,Pea,0.633675,41.9375,0.7317750000000001,57.53
2100,Kenya,Pomegranate,0.5582,39.55,0.66625,58.21
2100,Kenya,Potato,0.5623,40.290000000000006,0.6933,58.825
2100,Kenya,Rice,0.531775,42.105000000000004,0.63125,58.25
2100,Kenya,Sorghum,0.5194,39.4775,0.618275,56.67
2100,Kenya,Soybean,0.631575,43.54,0.72195,61.6875
2100,Kenya,Sugarcane,0.59535,40.42,0.67265,59.3275
2100,Kenya,Sunflower,0.643775,41.9325,0.7343500000000001,61.2275
2100,Kenya,Tea,0.6358,46.2375,0.7378750000000001,63.145
2100,Kenya,Tomato,0.692775,50.985,0.7942,68.4725
2100,Kenya,Wheat,0.6011500000000001,37.7375,0.660425,57.0325
2100,Mexico,Apple,0.655,46.292500000000004,0.732825,67.6825
2100,Mexico,Banana,0.616575,43.435,0.72975,62.3725
2100,Mexico,Barley,0.6536500000000001,46.61,0.8208,64.1725
2100,Mexico,Cabbage,0.5786749999999999,40.0025,0.679,59.964999999999996
2100,Mexico,Canola,0.610575,43.565,0.70155,62.385000000000005
2100,Mexico,Carrot,0.7101500000000001,48.6425,0.788225,67.5375
2100,Mexico,Cauliflower,0.578175,45.8725,0.6515,63.31
2100,Mexico,Chickpea,0.559325,43.2625,0.6755,63.5075
2100,Mexico,Chili,0.621625,46.1525,0.725125,66.68
2100,Mexico,Citrus,0.689575,48.9525,0.77355,68.8475
2100,Mexico,Cocoa,0.585025,40.215,0.648625,61.7175
2100,Mexico,Coffee,0.645375,47.245,0.769375,66.94
2100,Mexico,Cotton,0.586825,43.43,0.672875,59.57
2100,Mexico,Cucumber,0.6012000000000001,40.7275,0.682075,59.1375
2100,Mexico,Eggplant,0.6608,48.239999999999995,0.78135,66.97
2100,Mexico,Garlic,0.698375,46.980000000000004,0.797275,67.805
2100,Mexico,Grapes,0.70995,50.2375,0.8412000000000001,71.1
2100,Mexico,Groundnut,0.559425,44.9525,0.65695,62.545
2100,Mexico,Guava,0.703025,48.5925,0.7959,67.3
2100,Mexico,Lentil,0.61545,45.307500000000005,0.716725,62.832499999999996
2100,Mexico,Maize,0.613775,47.67,0.78185,64.26
2100,Mexico,Mango,0.555775,38.975,0.639875,58.462500000000006
2100,Mexico,Millet,0.5789500000000001,38.19,0.7188,57.0775
2100,Mexico,Mung Bean,0.624625,45.9525,0.73985,64.335
2100,Mexico,Okra,0.7136750000000001,52.510000000000005,0.837125,72.1625
2100,Mexico,Onion,0.5640000000000001,38.3675,0.656525,55.5075
2100,Mexico,Pea,0.627825,46.005,0.684825,65.9325
2100,Mexico,Pomegranate,0.5955,40.6375,0.720675,60.074999999999996
2100,Mexico,Potato,0.569325,44.4475,0.720575,62.667500000000004
2100,Mexico,Rice,0.69575,49.3125,0.7683,70.9825
2100,Mexico,Sorghum,0.611775,47.7225,0.70025,67.02
2100,Mexico,Soybean,0.592975,40.61,0.7370000000000001,59.6725
2100,Mexico,Sugarcane,0.521075,39.1675,0.639175,57.08
2100,Mexico,Sunflower,0.54425,42.2725,0.6108750000000001,62.16
2100,Mexico,Tea,0.645725,48.0975,0.753525,66.8325
2100,Mexico,Tomato,0.695125,53.8825,0.827125,73.10249999999999
2100,Mexico,Wheat,0.590725,42.4975,0.68655,60.5125
2100,Morocco,Apple,0.520475,34.8,0.632475,53.735
2100,Morocco,Banana,0.646675,48.13,0.76945,67.6325
2100,Morocco,Barley,0.5524,36.09,0.705225,54.7925
2100,Morocco,Cabbage,0.622575,43.6275,0.734275,60.3
2100,Morocco,Canola,0.547175,41.93,0.6432,60.77
2100,Morocco,Carrot,0.503025,35.879999999999995,0.6184000000000001,51.862500000000004
2100,Morocco,Cauliflower,0.5069250000000001,34.6725,0.602425,52.31
2100,Morocco,Chickpea,0.632125,47.9625,0.729275,66.3825
2100,Morocco,Chili,0.600225,43.6275,0.69555,63.5175
2100,Morocco,Citrus,0.5615,40.54,0.6385000000000001,58.935
2100,Morocco,Cocoa,0.533025,38.095,0.60945,55.8775
2100,Morocco,Coffee,0.61635,44.5625,0.718625,66.0
2100,Morocco,Cotton,0.543275,37.84,0.6504,56.485
2100,Morocco,Cucumber,0.570225,42.9075,0.664,63.7
2100,Morocco,Eggplant,0.544925,41.8625,0.6841999999999999,58.47
2100,Morocco,Garlic,0.5868500000000001,44.974999999999994,0.66055,62.845
2100,Morocco,Grapes,0.49585,35.86,0.54975,52.2325
2100,Morocco,Groundnut,0.490775,35.36,0.55115,53.0025
2100,Morocco,Guava,0.557975,41.78,0.6051500000000001,60.572500000000005
2100,Morocco,Lentil,0.58665,43.1275,0.7482,60.9225
2100,Morocco,Maize,0.480525,31.7825,0.578525,50.525000000000006
2100,Morocco,Mango,0.4851,36.04,0.61395,53.004999999999995
2100,Morocco,Millet,0.53635,37.084999999999994,0.620675,56.8125
2100,Morocco,Mung Bean,0.6229,47.519999999999996,0.70545,66.3275
2100,Morocco,Okra,0.5217,36.06,0.657575,54.3575
2100,Morocco,Onion,0.56225,44.545,0.6301,61.9675
2100,Morocco,Pea,0.585025,40.5325,0.65525,61.47
2100,Morocco,Pomegranate,0.62575,44.96,0.7599,63.785000000000004
2100,Morocco,Potato,0.6481,47.5925,0.700375,66.8325
2100,Morocco,Rice,0.59265,43.35,0.692275,62.002500000000005
2100,Morocco,Sorghum,0.655275,46.667500000000004,0.7366,65.7775
2100,Morocco,Soybean,0.570125,41.46,0.719575,60.425
2100,Morocco,Sugarcane,0.5484249999999999,39.3,0.647275,58.455
2100,Morocco,Sunflower,0.5452250000000001,38.1475,0.655825,55.62
2100,Morocco,Tea,0.56825,40.995000000000005,0.6365,58.6225
2100,Morocco,Tomato,0.65825,44.7475,0.741375,63.355000000000004
2100,Morocco,Wheat,0.573925,40.6125,0.69625,55.705
2100,New Zealand,Apple,0.612275,40.715,0.68665,56.7225
2100,New Zealand,Banana,0.59085,37.4875,0.670925,54.0275
2100,New Zealand,Barley,0.51115,35.0,0.640475,50.730000000000004
2100,New Zealand,Cabbage,0.57985,45.13,0.69445,61.692499999999995
2100,New Zealand,Canola,0.551225,37.58,0.635525,53.595
2100,New Zealand,Carrot,0.533625,35.92,0.649575,51.0625
2100,New Zealand,Cauliflower,0.575175,46.1175,0.657275,63.525
2100,New Zealand,Chickpea,0.629375,45.565,0.7138249999999999,62.9975
2100,New Zealand,Chili,0.515475,36.9075,0.59365,54.545
2100,New Zealand,Citrus,0.538075,36.28,0.67355,51.7775
2100,New Zealand,Cocoa,0.6411,43.97,0.746925,64.23
2100,New Zealand,Coffee,0.54135,40.57,0.6640999999999999,58.087500000000006
2100,New Zealand,Cotton,0.6011,39.6475,0.70885,58.7475
2100,New Zealand,Cucumber,0.597075,37.3025,0.6503,55.7475
2100,New Zealand,Eggplant,0.5716,39.75,0.685825,54.4425
2100,New Zealand,Garlic,0.51525,37.6625,0.5859,52.2075
2100,New Zealand,Grapes,0.651875,46.0025,0.739825,62.125
2100,New Zealand,Groundnut,0.6298,46.9875,0.72575,64.49
2100,New Zealand,Guava,0.461825,34.6475,0.5378000000000001,50.2025
2100,New Zealand,Lentil,0.5418000000000001,38.2875,0.633425,56.265
2100,New Zealand,Maize,0.591025,43.51,0.669125,58.864999999999995
2100,New Zealand,Mango,0.5543,40.31,0.62275,55.14
2100,New Zealand,Millet,0.57625,36.370000000000005,0.63655,57.0925
2100,New Zealand,Mung Bean,0.571,41.995,0.660925,60.2
2100,New Zealand,Okra,0.541675,36.275,0.57745,52.5075
2100,New Zealand,Onion,0.625425,43.08,0.713975,60.5025
2100,New Zealand,Pea,0.5905,41.5975,0.696675,57.1275
2100,New Zealand,Pomegranate,0.567625,39.085,0.6124,53.1
2100,New Zealand,Potato,0.63695,43.62,0.7146750000000001,62.445
2100,New Zealand,Rice,0.5031,32.6975,0.626425,50.21
2100,New Zealand,Sorghum,0.628575,43.6375,0.70775,61.7675
2100,New Zealand,Soybean,0.575925,40.935,0.6617999999999999,56.1325
2100,New Zealand,Sugarcane,0.67545,49.18,0.80155,63.7975
2100,New Zealand,Sunflower,0.600125,39.714999999999996,0.68025,56.2025
2100,New Zealand,Tea,0.54565,38.805,0.6529,54.9025
2100,New Zealand,Tomato,0.6292,43.725,0.727425,61.1925
2100,New Zealand,Wheat,0.60755,42.7575,0.6572,63.25
2100,Nigeria,Apple,0.5912999999999999,41.59,0.624525,58.45
2100,Nigeria,Banana,0.704325,49.1025,0.80155,66.12
2100,Nigeria,Barley,0.623575,42.072500000000005,0.7339249999999999,60.04
2100,Nigeria,Cabbage,0.68525,47.837500000000006,0.811875,65.67
2100,Nigeria,Canola,0.5634250000000001,42.6675,0.666775,60.3925
2100,Nigeria,Carrot,0.5903,38.99,0.6981499999999999,54.05
2100,Nigeria,Cauliflower,0.5562750000000001,37.8775,0.646125,56.7875
2100,Nigeria,Chickpea,0.674275,49.96,0.81825,65.7225
2100,Nigeria,Chili,0.652375,48.845,0.7644500000000001,67.7175
2100,Nigeria,Citrus,0.7004,49.1925,0.78045,65.875
2100,Nigeria,Cocoa,0.636225,42.7975,0.694675,60.9925
2100,Nigeria,Coffee,0.617525,38.625,0.6995750000000001,58.4375
2100,Nigeria,Cotton,0.64955,49.5325,0.7338,66.8275
2100,Nigeria,Cucumber,0.630325,44.13,0.743975,61.4275
2100,Nigeria,Eggplant,0.5189,35.9675,0.6132,53.6975
2100,Nigeria,Garlic,0.601025,44.0475,0.685775,61.6525
2100,Nigeria,Grapes,0.6077,44.345,0.714725,60.445
2100,Nigeria,Groundnut,0.614225,43.54,0.759425,60.557500000000005
2100,Nigeria,Guava,0.5184500000000001,38.4725,0.6209,53.4075
2100,Nigeria,Lentil,0.5779,40.2975,0.6547,57.2025
2100,Nigeria,Maize,0.6874750000000001,50.7825,0.7853749999999999,69.325
2100,Nigeria,Mango,0.639975,46.972500000000004,0.73705,65.3375
2100,Nigeria,Millet,0.7101000000000001,49.82,0.782925,68.0
2100,Nigeria,Mung Bean,0.5625,39.692499999999995,0.654425,56.6925
2100,Nigeria,Okra,0.555075,41.0925,0.634525,53.8375
2100,Nigeria,Onion,0.6077,43.425,0.672975,59.9275
2100,Nigeria,Pea,0.685025,47.615,0.76025,66.185
2100,Nigeria,Pomegranate,0.5749500000000001,41.04,0.68025,60.07
2100,Nigeria,Potato,0.66065,45.387499999999996,0.73395,64.775
2100,Nigeria,Rice,0.6286,43.21,0.6894750000000001,59.599999999999994
2100,Nigeria,Sorghum,0.63385,47.144999999999996,0.75205,63.4825
2100,Nigeria,Soybean,0.62925,45.085,0.6965749999999999,64.0125
2100,Nigeria,Sugarcane,0.6804,50.5125,0.786825,67.9
2100,Nigeria,Sunflower,0.5767249999999999,40.84,0.672525,58.15
2100,Nigeria,Tea,0.5768500000000001,42.515,0.69825,59.777499999999996
2100,Nigeria,Tomato,0.6526000000000001,48.625,0.772825,66.03
2100,Nigeria,Wheat,0.5985,40.45,0.704075,56.7725
2100,Pakistan,Apple,0.41035,28.38,0.472425,42.31
2100,Pakistan,Banana,0.6247,45.57,0.707,65.47
2100,Pakistan,Barley,0.53745,41.325,0.607575,58.495
2100,Pakistan,Cabbage,0.590925,44.6225,0.6655,64.585
2100,Pakistan,Canola,0.555275,39.2275,0.66165,57.6725
2100,Pakistan,Carrot,0.630375,40.9525,0.747375,63.17
2100,Pakistan,Cauliflower,0.615525,44.65,0.721975,63.364999999999995
2100,Pakistan,Chickpea,0.66335,48.192499999999995,0.75615,68.9025
2100,Pakistan,Chili,0.55675,44.145,0.609325,63.714999999999996
2100,Pakistan,Citrus,0.70985,51.7925,0.790875,68.9575
2100,Pakistan,Cocoa,0.482275,35.125,0.585025,52.8025
2100,Pakistan,Coffee,0.584925,44.230000000000004,0.68145,61.115
2100,Pakistan,Cotton,0.637325,47.5125,0.72725,66.5475
2100,Pakistan,Cucumber,0.6269750000000001,44.32,0.757575,64.32249999999999
2100,Pakistan,Eggplant,0.51965,39.85,0.647275,58.4525
2100,Pakistan,Garlic,0.54015,35.14,0.615075,51.285000000000004
2100,Pakistan,Grapes,0.603275,44.72,0.699775,61.8325
2100,Pakistan,Groundnut,0.528125,40.6525,0.6421250000000001,58.2625
2100,Pakistan,Guava,0.59335,41.04,0.6885,59.715
2100,Pakistan,Lentil,0.4887,35.07,0.6594,55.38
2100,Pakistan,Maize,0.517725,36.6475,0.628925,53.975
2100,Pakistan,Mango,0.53665,39.832499999999996,0.6481,58.6175
2100,Pakistan,Millet,0.618625,50.04,0.783125,67.5
2100,Pakistan,Mung Bean,0.580275,41.69,0.6897,57.582499999999996
2100,Pakistan,Okra,0.577175,42.595,0.6939,63.13249999999999
2100,Pakistan,Onion,0.5346,38.11,0.6477,56.855
2100,Pakistan,Pea,0.617,41.69,0.770725,61.397499999999994
2100,Pakistan,Pomegranate,0.51735,34.375,0.599325,50.7625
2100,Pakistan,Potato,0.602025,43.055,0.761375,62.855000000000004
2100,Pakistan,Rice,0.63575,44.3575,0.73925,62.615
2100,Pakistan,Sorghum,0.58895,41.7675,0.649675,59.4275
2100,Pakistan,Soybean,0.625425,40.505,0.745175,61.525000000000006
2100,Pakistan,Sugarcane,0.512975,38.0275,0.591125,56.165
2100,Pakistan,Sunflower,0.54425,41.1325,0.618275,60.019999999999996
2100,Pakistan,Tea,0.532,40.01,0.648625,58.67250000000001
2100,Pakistan,Tomato,0.656675,48.8125,0.7367250000000001,67.45
2100,Pakistan,Wheat,0.44895,31.8925,0.510125,47.365
2100,Papua New Guinea,Apple,0.638475,46.735,0.735825,61.525
2100,Papua New Guinea,Banana,0.5998,42.832499999999996,0.714125,57.3425
2100,Papua New Guinea,Barley,0.584025,37.575,0.662525,55.355000000000004
2100,Papua New Guinea,Cabbage,0.6439,44.667500000000004,0.77805,62.0175
2100,Papua New Guinea,Canola,0.615775,49.435,0.696275,62.99
2100,Papua New Guinea,Carrot,0.52505,41.8475,0.6043499999999999,56.405
2100,Papua New Guinea,Cauliflower,0.5784750000000001,39.6725,0.658025,55.935
2100,Papua New Guinea,Chickpea,0.60495,43.667500000000004,0.7705,59.64
2100,Papua New Guinea,Chili,0.67275,46.83,0.786375,62.927499999999995
2100,Papua New Guinea,Citrus,0.541925,35.06,0.615825,53.074999999999996
2100,Papua New Guinea,Cocoa,0.5988249999999999,43.425,0.669675,57.93
2100,Papua New Guinea,Coffee,0.63085,46.2325,0.7353,62.099999999999994
2100,Papua New Guinea,Cotton,0.6549,46.8575,0.7184,63.325
2100,Papua New Guinea,Cucumber,0.65385,45.7425,0.7072499999999999,61.5875
2100,Papua New Guinea,Eggplant,0.6624,43.1475,0.75805,60.385
2100,Papua New Guinea,Garlic,0.613,42.3725,0.73415,59.957499999999996
2100,Papua New Guinea,Grapes,0.598125,36.52,0.720075,52.6625
2100,Papua New Guinea,Groundnut,0.657,48.58,0.747725,63.775
2100,Papua New Guinea,Guava,0.56215,39.675,0.7261,56.3425
2100,Papua New Guinea,Lentil,0.604025,41.7625,0.708925,56.8075
2100,Papua New Guinea,Maize,0.621425,44.4425,0.730175,58.79
2100,Papua New Guinea,Mango,0.640475,44.625,0.692875,59.02499999999999
2100,Papua New Guinea,Millet,0.518975,39.214999999999996,0.614225,52.67
2100,Papua New Guinea,Mung Bean,0.620075,40.989999999999995,0.6929,55.09
2100,Papua New Guinea,Okra,0.6471,45.2425,0.7248,59.7825
2100,Papua New Guinea,Onion,0.665875,46.1575,0.779175,62.197500000000005
2100,Papua New Guinea,Pea,0.61355,41.13,0.741925,56.075
2100,Papua New Guinea,Pomegranate,0.5611,36.33,0.62005,51.3125
2100,Papua New Guinea,Potato,0.6867,47.165,0.798225,62.385000000000005
2100,Papua New Guinea,Rice,0.6575500000000001,43.3275,0.763425,61.2875
2100,Papua New Guinea,Sorghum,0.6373249999999999,41.6225,0.7445999999999999,57.165
2100,Papua New Guinea,Soybean,0.72415,47.22,0.80205,64.9575
2100,Papua New Guinea,Sugarcane,0.5857749999999999,41.4375,0.675575,55.575
2100,Papua New Guinea,Sunflower,0.6313,42.2475,0.726975,55.19499999999999
2100,Papua New Guinea,Tea,0.70935,52.1475,0.800725,71.7125
2100,Papua New Guinea,Tomato,0.6337,44.067499999999995,0.714325,60.3225
2100,Papua New Guinea,Wheat,0.6342,41.0925,0.7242,58.835
2100,South Africa,Apple,0.45745,35.67,0.5525249999999999,55.1525
2100,South Africa,Banana,0.6792,50.269999999999996,0.767625,71.83
2100,South Africa,Barley,0.5324,39.75,0.5903,59.6025
2100,South Africa,Cabbage,0.607575,43.542500000000004,0.698075,63.0875
2100,South Africa,Canola,0.63615,46.8825,0.731025,67.425
2100,South Africa,Carrot,0.5538,41.5275,0.700275,59.15
2100,South Africa,Cauliflower,0.576975,37.8725,0.64815,56.685
2100,South Africa,Chickpea,0.6307,42.317499999999995,0.71855,61.8525
2100,South Africa,Chili,0.5889,43.34,0.7201,59.775
2100,South Africa,Citrus,0.6041,43.730000000000004,0.690275,63.61
2100,South Africa,Cocoa,0.68065,51.129999999999995,0.7959,69.1925
2100,South Africa,Coffee,0.69575,49.6425,0.786125,70.7175
2100,South Africa,Cotton,0.7167749999999999,52.4275,0.791625,74.88499999999999
2100,South Africa,Cucumber,0.550825,40.3625,0.64835,59.475
2100,South Africa,Eggplant,0.56065,39.7825,0.6748000000000001,59.9225
2100,South Africa,Garlic,0.5262,39.265,0.6408,56.29
2100,South Africa,Grapes,0.5466500000000001,41.9075,0.6809000000000001,61.5525
2100,South Africa,Groundnut,0.62005,47.335,0.6967,64.60249999999999
2100,South Africa,Guava,0.463175,36.144999999999996,0.56535,55.1575
2100,South Africa,Lentil,0.57225,40.7475,0.668775,58.695
2100,South Africa,Maize,0.5248999999999999,35.4,0.5664750000000001,55.2025
2100,South Africa,Mango,0.518725,41.43,0.6077,61.0175
2100,South Africa,Millet,0.619525,43.182500000000005,0.751225,62.51
2100,South Africa,Mung Bean,0.551125,39.735,0.616575,57.92
2100,South Africa,Okra,0.54365,39.440000000000005,0.6335000000000001,58.464999999999996
2100,South Africa,Onion,0.6756,44.435,0.7416,61.9
2100,South Africa,Pea,0.568525,40.114999999999995,0.682375,61.339999999999996
2100,South Africa,Pomegranate,0.601125,46.332499999999996,0.67415,65.8
2100,South Africa,Potato,0.630275,47.975,0.699625,62.817499999999995
2100,South Africa,Rice,0.689075,46.730000000000004,0.7650250000000001,65.03
2100,South Africa,Sorghum,0.6240749999999999,42.225,0.729575,60.98
2100,South Africa,Soybean,0.57395,41.082499999999996,0.693025,59.7325
2100,South Africa,Sugarcane,0.578025,42.845,0.6453,60.565
2100,South Africa,Sunflower,0.5885,38.18,0.6750499999999999,56.682500000000005
2100,South Africa,Tea,0.553625,38.55,0.570425,58.61
2100,South Africa,Tomato,0.604575,44.305,0.69045,60.900000000000006
2100,South Africa,Wheat,0.631675,42.1575,0.7385250000000001,62.21
2100,Spain,Apple,0.520075,40.989999999999995,0.607425,55.735
2100,Spain,Banana,0.5988,38.66,0.7095750000000001,55.8275
2100,Spain,Barley,0.624125,41.7575,0.687875,57.4925
2100,Spain,Cabbage,0.602875,42.495,0.70865,59.5525
2100,Spain,Canola,0.558275,38.925,0.6646,55.91
2100,Spain,Carrot,0.6294,42.41,0.683075,60.254999999999995
2100,Spain,Cauliflower,0.545775,38.15,0.625475,53.432500000000005
2100,Spain,Chickpea,0.573625,42.6,0.62455,57.105000000000004
2100,Spain,Chili,0.63735,43.755,0.69065,58.4525
2100,Spain,Citrus,0.625925,39.370000000000005,0.69125,57.0975
2100,Spain,Cocoa,0.575925,41.8775,0.6918,55.5975
2100,Spain,Coffee,0.6078250000000001,39.9525,0.707775,58.18
2100,Spain,Cotton,0.69495,53.09,0.79375,69.455
2100,Spain,Cucumber,0.6295,45.5375,0.7626999999999999,61.1625
2100,Spain,Eggplant,0.59565,37.6325,0.7031499999999999,58.0275
2100,Spain,Garlic,0.57345,39.295,0.6421250000000001,54.7
2100,Spain,Grapes,0.544525,36.3875,0.64745,52.302499999999995
2100,Spain,Groundnut,0.67315,43.315,0.7772,61.947500000000005
2100,Spain,Guava,0.61105,41.745000000000005,0.68455,59.285
2100,Spain,Lentil,0.58975,42.095,0.706275,57.9975
2100,Spain,Maize,0.61005,40.5975,0.7134499999999999,59.004999999999995
2100,Spain,Mango,0.71245,43.42,0.783925,61.6375
2100,Spain,Millet,0.539075,39.9725,0.64205,57.945
2100,Spain,Mung Bean,0.556225,39.3425,0.709075,57.432500000000005
2100,Spain,Okra,0.5796,42.0225,0.696225,58.5125
2100,Spain,Onion,0.58955,43.7175,0.720375,62.56
2100,Spain,Pea,0.4787,34.2725,0.62815,48.275
2100,Spain,Pomegranate,0.5672,42.0175,0.677225,59.9525
2100,Spain,Potato,0.7239,48.075,0.830625,64.7225
2100,Spain,Rice,0.612125,45.3975,0.699125,64.3325
2100,Spain,Sorghum,0.58005,43.1975,0.632425,58.4675
2100,Spain,Soybean,0.57565,40.05,0.6266,59.1175
2100,Spain,Sugarcane,0.6141,44.965,0.734325,62.559999999999995
2100,Spain,Sunflower,0.5151749999999999,39.230000000000004,0.601575,55.8725
2100,Spain,Tea,0.60125,41.63,0.710875,58.03
2100,Spain,Tomato,0.5583,38.64,0.643,56.8125
2100,Spain,Wheat,0.539025,38.03,0.64,50.667500000000004
2100,Thailand,Apple,0.6111500000000001,39.795,0.7417,58.595
2100,Thailand,Banana,0.6873,54.8325,0.793075,70.7925
2100,Thailand,Barley,0.6866749999999999,45.46,0.75335,64.63749999999999
2100,Thailand,Cabbage,0.6229750000000001,42.9125,0.707425,61.0975
2100,Thailand,Canola,0.603425,46.5125,0.710325,60.4525
2100,Thailand,Carrot,0.6259,46.68,0.695275,62.905
2100,Thailand,Cauliflower,0.5910500000000001,39.9375,0.7421,56.5575
2100,Thailand,Chickpea,0.6236,42.83,0.75205,59.584999999999994
2100,Thailand,Chili,0.5905,38.7475,0.686125,54.6275
2100,Thailand,Citrus,0.6551750000000001,43.1125,0.7699,61.7675
2100,Thailand,Cocoa,0.6265000000000001,47.3675,0.720325,65.36
2100,Thailand,Coffee,0.638075,46.5625,0.766525,65.2025
2100,Thailand,Cotton,0.588825,38.745000000000005,0.7051000000000001,54.445
2100,Thailand,Cucumber,0.636,40.332499999999996,0.69885,59.245000000000005
2100,Thailand,Eggplant,0.6364,44.5075,0.7526999999999999,63.6725
2100,Thailand,Garlic,0.58895,46.83,0.7106,62.55
2100,Thailand,Grapes,0.6924250000000001,49.01,0.8123,65.44
2100,Thailand,Groundnut,0.6223,47.215,0.71915,67.155
2100,Thailand,Guava,0.6301,42.6975,0.71505,62.77
2100,Thailand,Lentil,0.671225,47.795,0.73825,65.06
2100,Thailand,Maize,0.563025,39.94,0.671625,57.2675
2100,Thailand,Mango,0.575025,44.005,0.6456000000000001,60.037499999999994
2100,Thailand,Millet,0.6149249999999999,42.5325,0.7543500000000001,58.075
2100,Thailand,Mung Bean,0.7097249999999999,53.03,0.8568500000000001,74.55499999999999
2100,Thailand,Okra,0.5222,39.99,0.62755,56.875
2100,Thailand,Onion,0.63795,45.79,0.74075,63.71
2100,Thailand,Pea,0.559125,40.6625,0.7212000000000001,58.7375
2100,Thailand,Pomegranate,0.543875,34.855000000000004,0.625675,52.6625
2100,Thailand,Potato,0.64145,48.36,0.7541,63.962500000000006
2100,Thailand,Rice,0.64395,43.4975,0.744525,60.089999999999996
2100,Thailand,Sorghum,0.67925,48.6775,0.765325,62.98
2100,Thailand,Soybean,0.747625,50.6875,0.844575,68.83
2100,Thailand,Sugarcane,0.620075,40.6925,0.737,58.839999999999996
2100,Thailand,Sunflower,0.5644,35.765,0.700725,55.1575
2100,Thailand,Tea,0.6199250000000001,43.942499999999995,0.703325,62.7375
2100,Thailand,Tomato,0.613075,44.019999999999996,0.718875,59.644999999999996
2100,Thailand,Wheat,0.6237,40.2475,0.75925,60.177499999999995
2100,Turkey,Apple,0.54385,40.435,0.5856,57.692499999999995
2100,Turkey,Banana,0.5577,40.985,0.698575,56.5425
2100,Turkey,Barley,0.50805,34.5225,0.5878,53.425
2100,Turkey,Cabbage,0.617675,44.1975,0.68405,62.9
2100,Turkey,Canola,0.7056,47.6475,0.830375,67.995
2100,Turkey,Carrot,0.58845,43.9675,0.69155,60.51
2100,Turkey,Cauliflower,0.4517,33.2525,0.54835,47.4475
2100,Turkey,Chickpea,0.61105,46.0975,0.648725,61.185
2100,Turkey,Chili,0.680025,50.13,0.76415,65.89
2100,Turkey,Citrus,0.5527,39.04,0.63485,55.1725
2100,Turkey,Cocoa,0.686275,48.41,0.8171,66.455
2100,Turkey,Coffee,0.62395,49.06,0.67395,66.59
2100,Turkey,Cotton,0.6092500000000001,42.457499999999996,0.726575,59.805
2100,Turkey,Cucumber,0.580425,39.9075,0.656325,57.2625
2100,Turkey,Eggplant,0.5498999999999999,36.03,0.648175,52.495
2100,Turkey,Garlic,0.5163,38.4725,0.61915,53.41
2100,Turkey,Grapes,0.52285,39.07,0.59575,53.9225
2100,Turkey,Groundnut,0.616525,38.6625,0.70755,56.845
2100,Turkey,Guava,0.606275,42.875,0.72295,59.6075
2100,Turkey,Lentil,0.580025,41.447500000000005,0.68245,56.2075
2100,Turkey,Maize,0.599525,36.730000000000004,0.7041,55.195
2100,Turkey,Mango,0.6138250000000001,44.0225,0.700125,60.8375
2100,Turkey,Millet,0.53545,38.644999999999996,0.646475,52.205
2100,Turkey,Mung Bean,0.515775,34.78,0.5358,52.7025
2100,Turkey,Okra,0.542875,37.295,0.672675,53.947500000000005
2100,Turkey,Onion,0.599775,39.615,0.689325,57.4025
2100,Turkey,Pea,0.595125,41.8,0.6816,59.37
2100,Turkey,Pomegranate,0.563025,39.2525,0.6329,53.4825
2100,Turkey,Potato,0.569675,41.307500000000005,0.659275,59.305
2100,Turkey,Rice,0.5568,40.085,0.63025,55.1525
2100,Turkey,Sorghum,0.568075,39.685,0.620075,57.9625
2100,Turkey,Soybean,0.5709,41.6225,0.6345,57.5925
2100,Turkey,Sugarcane,0.643825,46.4125,0.7019500000000001,62.865
2100,Turkey,Sunflower,0.555375,39.225,0.6347,56.14
2100,Turkey,Tea,0.486625,32.8,0.5746249999999999,47.59
2100,Turkey,Tomato,0.583125,42.5725,0.6353500000000001,57.0075
2100,Turkey,Wheat,0.59785,41.7175,0.7000500000000001,60.79
2100,USA,Apple,0.6694,43.6325,0.749325,60.495
2100,USA,Banana,0.684475,48.24,0.78005,65.1925
2100,USA,Barley,0.393475,29.157500000000002,0.4563,45.6575
2100,USA,Cabbage,0.63425,42.2275,0.71165,59.7075
2100,USA,Canola,0.51855,35.72,0.612675,52.6875
2100,USA,Carrot,0.48165,32.6825,0.539375,47.4325
2100,USA,Cauliflower,0.66155,46.25,0.729375,65.02
2100,USA,Chickpea,0.6549499999999999,44.56,0.769725,62.667500000000004
2100,USA,Chili,0.5197499999999999,41.8125,0.607525,56.855
2100,USA,Citrus,0.5901000000000001,44.442499999999995,0.703975,61.21
2100,USA,Cocoa,0.5091,35.19,0.6018,50.957499999999996
2100,USA,Coffee,0.528625,40.6325,0.623425,55.91
2100,USA,Cotton,0.58975,42.34,0.68025,56.7475
2100,USA,Cucumber,0.5905,45.45,0.6894750000000001,59.9675
2100,USA,Eggplant,0.513825,36.2675,0.6113,51.89
2100,USA,Garlic,0.568575,37.205,0.6548,54.55
2100,USA,Grapes,0.600375,41.09,0.64685,57.7025
2100,USA,Groundnut,0.606075,42.3525,0.67775,58.965
2100,USA,Guava,0.4456,36.095,0.569275,50.7
2100,USA,Lentil,0.62525,43.9125,0.7509750000000001,64.405
2100,USA,Maize,0.5441,39.06,0.6652750000000001,55.502500000000005
2100,USA,Mango,0.601525,43.292500000000004,0.6747000000000001,58.1325
2100,USA,Millet,0.625825,51.1,0.718925,68.535
2100,USA,Mung Bean,0.45285,30.5875,0.5821000000000001,46.7275
2100,USA,Okra,0.57585,40.94,0.6634249999999999,57.47
2100,USA,Onion,0.703925,51.335,0.782075,68.275
2100,USA,Pea,0.5190250000000001,34.585,0.584275,51.035
2100,USA,Pomegranate,0.572525,40.7225,0.5728,57.2125
2100,USA,Potato,0.543825,37.6375,0.6861,54.32
2100,USA,Rice,0.602,47.5275,0.701425,61.230000000000004
2100,USA,Sorghum,0.581975,45.870000000000005,0.64935,63.9275
2100,USA,Soybean,0.58145,37.5375,0.68365,52.88
2100,USA,Sugarcane,0.569325,40.38,0.65825,56.5875
2100,USA,Sunflower,0.553775,43.4725,0.663525,60.045
2100,USA,Tea,0.7025250000000001,45.47,0.7658,63.9125
2100,USA,Tomato,0.6225,43.42,0.72165,61.3925
2100,USA,Wheat,0.545325,36.535,0.689925,54.605000000000004
2100,Ukraine,Apple,0.58765,40.805,0.655025,57.935
2100,Ukraine,Banana,0.627075,44.0275,0.6939,62.435
2100,Ukraine,Barley,0.6826,49.01,0.706675,66.995
2100,Ukraine,Cabbage,0.60885,43.480000000000004,0.673525,60.8525
2100,Ukraine,Canola,0.5856250000000001,42.49,0.653625,60.47
2100,Ukraine,Carrot,0.527625,37.93,0.614475,53.83
2100,Ukraine,Cauliflower,0.60895,40.042500000000004,0.68085,58.61
2100,Ukraine,Chickpea,0.545825,35.385000000000005,0.628675,50.1075
2100,Ukraine,Chili,0.6203,42.182500000000005,0.6799,60.855000000000004
2100,Ukraine,Citrus,0.492275,33.082499999999996,0.5584,49.04
2100,Ukraine,Cocoa,0.5126,34.6475,0.6219,52.4075
2100,Ukraine,Coffee,0.63035,50.58,0.67845,67.97749999999999
2100,Ukraine,Cotton,0.638625,43.0025,0.725575,60.2325
2100,Ukraine,Cucumber,0.638425,44.769999999999996,0.661775,61.959999999999994
2100,Ukraine,Eggplant,0.4557,35.105000000000004,0.5372250000000001,50.305
2100,Ukraine,Garlic,0.488725,34.79,0.5504749999999999,48.942499999999995
2100,Ukraine,Grapes,0.534775,41.53,0.59125,57.665
2100,Ukraine,Groundnut,0.558475,38.475,0.6516,54.835
2100,Ukraine,Guava,0.5878749999999999,43.5025,0.671525,58.335
2100,Ukraine,Lentil,0.591325,45.92,0.72655,62.515
2100,Ukraine,Maize,0.458025,35.81,0.5157499999999999,49.5125
2100,Ukraine,Mango,0.6291,45.105000000000004,0.748675,62.385
2100,Ukraine,Millet,0.61305,43.5725,0.6924,59.6625
2100,Ukraine,Mung Bean,0.528225,37.504999999999995,0.65645,55.69
2100,Ukraine,Okra,0.62635,46.93,0.7031999999999999,63.3775
2100,Ukraine,Onion,0.5273,36.1475,0.640325,50.5
2100,Ukraine,Pea,0.5892,43.3925,0.7193750000000001,61.129999999999995
2100,Ukraine,Pomegranate,0.5433749999999999,33.05,0.645775,51.462500000000006
2100,Ukraine,Potato,0.60645,40.660000000000004,0.706425,57.71
2100,Ukraine,Rice,0.6403,38.355000000000004,0.7169749999999999,55.795
2100,Ukraine,Sorghum,0.5535,32.3,0.6737500000000001,48.7675
2100,Ukraine,Soybean,0.537775,41.410000000000004,0.591275,57.44
2100,Ukraine,Sugarcane,0.4921,35.395,0.6155999999999999,49.43
2100,Ukraine,Sunflower,0.566775,40.7125,0.6413,57.9225
2100,Ukraine,Tea,0.574775,43.6425,0.657875,60.81
2100,Ukraine,Tomato,0.6564,47.035000000000004,0.78235,65.83500000000001
2100,Ukraine,Wheat,0.6279,41.69,0.7327250000000001,60.355000000000004
2100,Vietnam,Apple,0.598175,40.525,0.6764,56.1425
2100,Vietnam,Banana,0.647425,45.239999999999995,0.746275,60.644999999999996
2100,Vietnam,Barley,0.6083000000000001,46.6425,0.7086,60.1075
2100,Vietnam,Cabbage,0.58865,40.8575,0.7081500000000001,59.355
2100,Vietnam,Canola,0.6246,44.4775,0.719475,59.4725
2100,Vietnam,Carrot,0.63905,47.68,0.76475,63.7375
2100,Vietnam,Cauliflower,0.616275,39.585,0.730125,58.7275
2100,Vietnam,Chickpea,0.680325,48.7875,0.76275,64.4
2100,Vietnam,Chili,0.61375,43.8625,0.694875,59.42
2100,Vietnam,Citrus,0.6218250000000001,45.2175,0.73905,61.042500000000004
2100,Vietnam,Cocoa,0.5419,39.5925,0.6281,53.3675
2100,Vietnam,Coffee,0.70635,50.43,0.81535,66.47
2100,Vietnam,Cotton,0.589475,40.86,0.7447999999999999,58.135
2100,Vietnam,Cucumber,0.6685,45.1375,0.7362,59.709999999999994
2100,Vietnam,Eggplant,0.654525,46.6025,0.7456499999999999,61.68000000000001
2100,Vietnam,Garlic,0.5314,38.8925,0.63795,54.2975
2100,Vietnam,Grapes,0.6833,46.0175,0.77945,62.055
2100,Vietnam,Groundnut,0.6044,44.800000000000004,0.693675,59.775
2100,Vietnam,Guava,0.5778,39.735,0.6978,56.230000000000004
2100,Vietnam,Lentil,0.62745,43.76,0.730075,59.4975
2100,Vietnam,Maize,0.64245,43.19,0.738075,60.87
2100,Vietnam,Mango,0.6075,43.629999999999995,0.709275,59.5475
2100,Vietnam,Millet,0.5755,39.6875,0.666675,54.870000000000005
2100,Vietnam,Mung Bean,0.60705,38.932500000000005,0.69575,55.7975
2100,Vietnam,Okra,0.554925,40.019999999999996,0.62825,54.224999999999994
2100,Vietnam,Onion,0.605375,40.2625,0.704225,57.48
2100,Vietnam,Pea,0.598775,41.7425,0.6914750000000001,57.527499999999996
2100,Vietnam,Pomegranate,0.620775,43.205,0.72595,58.464999999999996
2100,Vietnam,Potato,0.6438999999999999,49.7675,0.7564500000000001,63.135000000000005
2100,Vietnam,Rice,0.695025,47.755,0.812125,62.5075
2100,Vietnam,Sorghum,0.5304,37.2,0.5897,51.12
2100,Vietnam,Soybean,0.594425,39.81,0.730175,56.7125
2100,Vietnam,Sugarcane,0.5247999999999999,37.59,0.660725,51.06
2100,Vietnam,Sunflower,0.6669,46.56,0.73905,60.7825
2100,Vietnam,Tea,0.593975,46.28,0.72215,62.04
2100,Vietnam,Tomato,0.65825,48.64,0.7784,63.925
2100,Vietnam,Wheat,0.61005,42.6125,0.72445,59.4025
